metabolite_name	hmdb_id	mutant_median	wildtype_median	log2FC	mutant_n	wildtype_n
2-hydroxyglutarate	HMDB00694	20466021.0	298633.0	6.098708473227608	7	921
PEP	HMDB00263	4913.0	10489.0	-1.0940449151024652	7	824
phosphocreatine	HMDB01511	342414.0	715506.5	-1.063220986929896	7	908
cAMP	HMDB00058	2073.0	4029.0	-0.958363944602104	5	567
urate	HMDB00289	666782.0	352188.0	0.9208674726412583	7	901
6-phosphogluconate	HMDB01316	67788.5	35926.0	0.9159933583372905	6	641
cystathionine	HMDB00099	70377.0	37300.0	0.9159102080902429	6	813
malate	HMDB00156	4563529.0	8363777.0	-0.8740045534711609	7	921
glutathione oxidized	HMDB03337	35654.0	63919.0	-0.842163004264386	7	883
CMP	HMDB00095	4608.5	8240.0	-0.8382091434828939	6	865
GMP	HMDB01397	10915.0	15927.0	-0.545120826446362	7	890
AMP	HMDB00045	39835.0	57738.5	-0.5354858232560645	7	918
malondialdehyde	HMDB06112	10584.0	15275.5	-0.5292927759236516	5	726
hypoxanthine	HMDB00157	33942.0	48518.5	-0.5154506024633115	7	814
lactate	HMDB00190	13579276.0	19011550.0	-0.485469566338784	7	920
dCMP	HMDB01202	6281.5	8790.0	-0.4846885190559851	6	627
pantothenate	HMDB00210	2196982.0	3065870.5	-0.4807735241292057	7	920
succinate/methylmalonate	HMDB00254/HMDB00202	4667431.0	6312733.0	-0.4356359575419578	7	921
2-aminoadipate	HMDB00510	55702.5	42036.0	0.40610826477424367	6	782
uracil	HMDB00300	414758.0	548711.0	-0.40377583995892324	7	881
fumarate/maleate/alpha-ketoisovalerate	HMDB00134	889126.0	1164987.0	-0.3898536856856549	7	917
kynurenine	HMDB00684	10389.0	8130.5	0.3536022414846621	5	768
glutathione reduced	HMDB00125	1776113.0	2236382.0	-0.33244309924735965	7	918
guanosine	HMDB00133	10768.0	8557.0	0.3315387046175031	4	705
adenine	HMDB00034	26174.5	32521.0	-0.3131988857795654	6	707
lactose	HMDB00186	66948.0	82954.5	-0.30927512936339274	7	848
3-methyladipate/pimelate	HMDB00555	24695.0	20138.5	0.2942495218249874	7	608
thymine	HMDB00262	114205.0	139587.0	-0.2895364752687603	6	679
sorbitol	HMDB00247	23701522.0	19396776.5	0.2891627770793217	7	920
uridine	HMDB00296	71749.0	86953.0	-0.2772735631665356	7	907
hexoses (HILIC neg)	HMDB00122	78333818.0	65101285.5	0.2669492421268032	7	920
citrate	HMDB00094	2160244.0	2578857.0	-0.25553739387596996	7	917
F1P/F6P/G1P/G6P	HMDB01401	604152.0	515851.0	0.22795674412560696	7	921
aconitate	HMDB00072	48121.0	41194.0	0.22422736122136352	7	895
adipate	HMDB00448	53937.0	62614.0	-0.21520628145150783	7	901
oxalate	HMDB02329	77676.0	90118.0	-0.21434382205600125	7	829
inosine	HMDB00195	13875.0	16063.0	-0.21123942866438977	7	863
cytidine	HMDB00089	21526.0	18660.0	0.2061209807498008	7	775
alpha-glycerophosphate	HMDB00126	273914.0	238630.5	0.19894377714042097	7	920
taurodeoxycholate/taurochenodeoxycholate	HMDB00896	3912681.5	4478370.5	-0.19481616534014687	6	846
DHAP/glyceraldehyde 3P	HMDB01473	58170.0	66211.0	-0.18679260373893242	5	740
hippurate	HMDB00714	47282.0	53801.5	-0.18635163678187736	7	838
NAD	HMDB00902	366377.0	325131.0	0.1723073208130671	7	919
glucuronate	HMDB00127	93934.0	83708.5	0.16627144320786755	7	872
glycodeoxycholate/glycochenodeoxycholate	HMDB00631	9800.0	10966.0	-0.16216807287627402	6	724
isocitrate	HMDB00193	140283.0	126832.0	0.14542031127431004	7	908
alpha-ketoglutarate	HMDB00208	154493.0	139872.0	0.14343330734297172	5	700
alpha-hydroxybutyrate	HMDB00008	15751.0	17263.0	-0.13223175358646316	4	537
sucrose	HMDB00258	62399.0	68246.0	-0.12921960038455324	7	884
inositol	HMDB00211	208439.0	191756.0	0.12035291628188681	7	900
erythrose-4-phosphate	HMDB01321	16458.0	15181.0	0.11651482792170133	5	673
UMP	HMDB00288	28365.0	30588.0	-0.10885021890069026	4	727
3-phosphoglycerate	HMDB00807	56953.5	53191.0	0.09860055161368801	6	839
xanthine	HMDB00292	622140.0	581923.0	0.09641083743005752	7	920
NADP	HMDB00217	5367.0	5699.0	-0.08657724773928291	6	745
taurocholate	HMDB00036	78041.0	75243.0	0.052674205569717435	5	562
UDP-galactose/UDP-glucose	HMDB00286	343265.0	355032.0	-0.04862616054645445	7	919
4-pyridoxate	HMDB00017	125105.0	121013.0	0.04797702061416428	6	660
ribose-5-P/ribulose5-P	HMDB01548	92637.0	93707.5	-0.016575809373672104	7	910
