task_id,metabolite_name,hmdb_id,benchmark_inchikey,benchmark_block14,hmdb_real_inchikey,hmdb_real_block14,rdkit_from_bench_smi_block14,rdkit_from_hmdb_smi_block14,agree_hmdb_real_vs_rdkit_bench,agree_hmdb_real_vs_benchmark,hmdb_lookup_found,agree_full_hmdb_vs_bench,hmdb_b2,bench_b2,agree_block2_stereo
compound_only_enrich_mammalian_RAMP_P_000000421_seed2,Thromboxane,HMDB0003208,RZWIIPASKMUIAC-VQTJNVASSA-N,RZWIIPASKMUIAC,RZWIIPASKMUIAC-VQTJNVASSA-N,RZWIIPASKMUIAC,RZWIIPASKMUIAC,,True,True,True,True,VQTJNVASSA,VQTJNVASSA,True
compound_only_enrich_mammalian_RAMP_P_000000421_seed2,Dihydrotestosterone,HMDB0002961,NVKAWKQGWWIWPM-ABEVXSGRSA-N,NVKAWKQGWWIWPM,NVKAWKQGWWIWPM-ABEVXSGRSA-N,NVKAWKQGWWIWPM,NVKAWKQGWWIWPM,,True,True,True,True,ABEVXSGRSA,ABEVXSGRSA,True
compound_only_enrich_mammalian_RAMP_P_000000421_seed2,Quinolinic acid,HMDB0000232,GJAWHXHKYYXBSV-UHFFFAOYSA-N,GJAWHXHKYYXBSV,GJAWHXHKYYXBSV-UHFFFAOYSA-N,GJAWHXHKYYXBSV,GJAWHXHKYYXBSV,,True,True,True,True,UHFFFAOYSA,UHFFFAOYSA,True
compound_only_enrich_mammalian_RAMP_P_000000421_seed2,Dobutamine,HMDB0014979,JRWZLRBJNMZMFE-UHFFFAOYSA-N,JRWZLRBJNMZMFE,JRWZLRBJNMZMFE-UHFFFAOYSA-N,JRWZLRBJNMZMFE,JRWZLRBJNMZMFE,,True,True,True,True,UHFFFAOYSA,UHFFFAOYSA,True
compound_only_enrich_mammalian_RAMP_P_000000421_seed2,Dehydroascorbic acid,HMDB0001264,SBJKKFFYIZUCET-JLAZNSOCSA-N,SBJKKFFYIZUCET,SBJKKFFYIZUCET-JLAZNSOCSA-N,SBJKKFFYIZUCET,SBJKKFFYIZUCET,,True,True,True,True,JLAZNSOCSA,JLAZNSOCSA,True
compound_only_enrich_mammalian_RAMP_P_000000421_seed2,4-Hydroxy-2-oxoglutaric acid,HMDB0002070,WXSKVKPSMAHCSG-UHFFFAOYSA-N,WXSKVKPSMAHCSG,WXSKVKPSMAHCSG-UHFFFAOYSA-N,WXSKVKPSMAHCSG,WXSKVKPSMAHCSG,,True,True,True,True,UHFFFAOYSA,UHFFFAOYSA,True
compound_only_enrich_mammalian_RAMP_P_000000421_seed2,Testosterone,HMDB0000234,MUMGGOZAMZWBJJ-DYKIIFRCSA-N,MUMGGOZAMZWBJJ,MUMGGOZAMZWBJJ-DYKIIFRCSA-N,MUMGGOZAMZWBJJ,MUMGGOZAMZWBJJ,,True,True,True,True,DYKIIFRCSA,DYKIIFRCSA,True
compound_only_enrich_mammalian_RAMP_P_000000421_seed2,Estradiol,HMDB0000151,VOXZDWNPVJITMN-ZBRFXRBCSA-N,VOXZDWNPVJITMN,VOXZDWNPVJITMN-ZBRFXRBCSA-N,VOXZDWNPVJITMN,VOXZDWNPVJITMN,,True,True,True,True,ZBRFXRBCSA,ZBRFXRBCSA,True
compound_only_enrich_mammalian_RAMP_P_000000421_seed2,Androstenedione,HMDB0000053,AEMFNILZOJDQLW-QAGGRKNESA-N,AEMFNILZOJDQLW,AEMFNILZOJDQLW-QAGGRKNESA-N,AEMFNILZOJDQLW,AEMFNILZOJDQLW,,True,True,True,True,QAGGRKNESA,QAGGRKNESA,True
compound_only_enrich_mammalian_RAMP_P_000000421_seed2,Dehydroepiandrosterone,HMDB0000077,FMGSKLZLMKYGDP-USOAJAOKSA-N,FMGSKLZLMKYGDP,FMGSKLZLMKYGDP-USOAJAOKSA-N,FMGSKLZLMKYGDP,FMGSKLZLMKYGDP,,True,True,True,True,USOAJAOKSA,USOAJAOKSA,True
compound_only_enrich_mammalian_lm_pathway_WP167_seed5,5-HETE,HMDB0011134,KGIJOOYOSFUGPC-JGKLHWIESA-N,KGIJOOYOSFUGPC,KGIJOOYOSFUGPC-JGKLHWIESA-N,KGIJOOYOSFUGPC,KGIJOOYOSFUGPC,,True,True,True,True,JGKLHWIESA,JGKLHWIESA,True
compound_only_enrich_mammalian_lm_pathway_WP167_seed5,Glycolaldehyde,HMDB0003344,WGCNASOHLSPBMP-UHFFFAOYSA-N,WGCNASOHLSPBMP,WGCNASOHLSPBMP-UHFFFAOYSA-N,WGCNASOHLSPBMP,WGCNASOHLSPBMP,,True,True,True,True,UHFFFAOYSA,UHFFFAOYSA,True
compound_only_enrich_mammalian_lm_pathway_WP167_seed5,15-HETE,HMDB0003876,JSFATNQSLKRBCI-VAEKSGALSA-N,JSFATNQSLKRBCI,JSFATNQSLKRBCI-VAEKSGALSA-N,JSFATNQSLKRBCI,JSFATNQSLKRBCI,,True,True,True,True,VAEKSGALSA,VAEKSGALSA,True
compound_only_enrich_mammalian_lm_pathway_WP167_seed5,Leukotriene A4,HMDB0001337,UFPQIRYSPUYQHK-WAQVJNLQSA-N,UFPQIRYSPUYQHK,UFPQIRYSPUYQHK-WAQVJNLQSA-N,UFPQIRYSPUYQHK,UFPQIRYSPUYQHK,,True,True,True,True,WAQVJNLQSA,WAQVJNLQSA,True
compound_only_enrich_mammalian_lm_pathway_WP167_seed5,"15-Deoxy-d-12,14-PGJ2",HMDB0005079,VHRUMKCAEVRUBK-GODQJPCRSA-N,VHRUMKCAEVRUBK,VHRUMKCAEVRUBK-GODQJPCRSA-N,VHRUMKCAEVRUBK,VHRUMKCAEVRUBK,,True,True,True,True,GODQJPCRSA,GODQJPCRSA,True
compound_only_enrich_mammalian_lm_pathway_WP167_seed5,Losartan,HMDB0014816,PSIFNNKUMBGKDQ-UHFFFAOYSA-N,PSIFNNKUMBGKDQ,PSIFNNKUMBGKDQ-UHFFFAOYSA-N,PSIFNNKUMBGKDQ,PSIFNNKUMBGKDQ,,True,True,True,True,UHFFFAOYSA,UHFFFAOYSA,True
compound_only_enrich_mammalian_lm_pathway_WP167_seed5,Arachidonic acid,HMDB0001043,YZXBAPSDXZZRGB-DOFZRALJSA-N,YZXBAPSDXZZRGB,YZXBAPSDXZZRGB-DOFZRALJSA-N,YZXBAPSDXZZRGB,YZXBAPSDXZZRGB,,True,True,True,True,DOFZRALJSA,DOFZRALJSA,True
compound_only_enrich_mammalian_RAMP_P_000000398_seed5,8(S)-HPETE,HMDB0004699,QQUFCXFFOZDXLA-VYOQERLCSA-N,QQUFCXFFOZDXLA,QQUFCXFFOZDXLA-VYOQERLCSA-N,QQUFCXFFOZDXLA,QQUFCXFFOZDXLA,,True,True,True,True,VYOQERLCSA,VYOQERLCSA,True
compound_only_enrich_mammalian_RAMP_P_000000398_seed5,Galactinol,HMDB0005826,VCWMRQDBPZKXKG-DXNLKLAMSA-N,VCWMRQDBPZKXKG,VCWMRQDBPZKXKG-DXNLKLAMSA-N,VCWMRQDBPZKXKG,VCWMRQDBPZKXKG,,True,True,True,True,DXNLKLAMSA,DXNLKLAMSA,True
compound_only_enrich_mammalian_RAMP_P_000000398_seed5,Sucrose,HMDB0000258,CZMRCDWAGMRECN-UGDNZRGBSA-N,CZMRCDWAGMRECN,CZMRCDWAGMRECN-UGDNZRGBSA-N,CZMRCDWAGMRECN,CZMRCDWAGMRECN,,True,True,True,True,UGDNZRGBSA,UGDNZRGBSA,True
compound_only_enrich_mammalian_RAMP_P_000000398_seed5,myo-Inositol,HMDB0000211,CDAISMWEOUEBRE-GPIVLXJGSA-N,CDAISMWEOUEBRE,CDAISMWEOUEBRE-GPIVLXJGSA-N,CDAISMWEOUEBRE,CDAISMWEOUEBRE,,True,True,True,True,GPIVLXJGSA,GPIVLXJGSA,True
compound_only_enrich_mammalian_RAMP_P_000000398_seed5,Dopamine,HMDB0000073,VYFYYTLLBUKUHU-UHFFFAOYSA-N,VYFYYTLLBUKUHU,VYFYYTLLBUKUHU-UHFFFAOYSA-N,VYFYYTLLBUKUHU,VYFYYTLLBUKUHU,,True,True,True,True,UHFFFAOYSA,UHFFFAOYSA,True
compound_only_enrich_mammalian_RAMP_P_000000398_seed5,D-Glucose,HMDB0000122,WQZGKKKJIJFFOK-VFUOTHLCSA-N,WQZGKKKJIJFFOK,WQZGKKKJIJFFOK-VFUOTHLCSA-N,WQZGKKKJIJFFOK,WQZGKKKJIJFFOK,,True,True,True,True,VFUOTHLCSA,VFUOTHLCSA,True
compound_only_enrich_mammalian_RAMP_P_000000398_seed5,Glycerol,HMDB0000131,PEDCQBHIVMGVHV-UHFFFAOYSA-N,PEDCQBHIVMGVHV,PEDCQBHIVMGVHV-UHFFFAOYSA-N,PEDCQBHIVMGVHV,PEDCQBHIVMGVHV,,True,True,True,True,UHFFFAOYSA,UHFFFAOYSA,True
compound_only_enrich_mammalian_RAMP_P_000000141_seed8,O-Phosphoethanolamine,HMDB0000224,SUHOOTKUPISOBE-UHFFFAOYSA-N,SUHOOTKUPISOBE,SUHOOTKUPISOBE-UHFFFAOYSA-N,SUHOOTKUPISOBE,SUHOOTKUPISOBE,,True,True,True,True,UHFFFAOYSA,UHFFFAOYSA,True
compound_only_enrich_mammalian_RAMP_P_000000141_seed8,3-Methyladenine,HMDB0011600,FSASIHFSFGAIJM-UHFFFAOYSA-N,FSASIHFSFGAIJM,FSASIHFSFGAIJM-UHFFFAOYSA-N,FSASIHFSFGAIJM,FSASIHFSFGAIJM,,True,True,True,True,UHFFFAOYSA,UHFFFAOYSA,True
compound_only_enrich_mammalian_RAMP_P_000000141_seed8,Quinolinic acid,HMDB0000232,GJAWHXHKYYXBSV-UHFFFAOYSA-N,GJAWHXHKYYXBSV,GJAWHXHKYYXBSV-UHFFFAOYSA-N,GJAWHXHKYYXBSV,GJAWHXHKYYXBSV,,True,True,True,True,UHFFFAOYSA,UHFFFAOYSA,True
compound_only_enrich_mammalian_RAMP_P_000000141_seed8,3-Hydroxyanthranilic acid,HMDB0001476,WJXSWCUQABXPFS-UHFFFAOYSA-N,WJXSWCUQABXPFS,WJXSWCUQABXPFS-UHFFFAOYSA-N,WJXSWCUQABXPFS,WJXSWCUQABXPFS,,True,True,True,True,UHFFFAOYSA,UHFFFAOYSA,True
compound_only_enrich_mammalian_RAMP_P_000000141_seed8,Melatonin,HMDB0001389,DRLFMBDRBRZALE-UHFFFAOYSA-N,DRLFMBDRBRZALE,DRLFMBDRBRZALE-UHFFFAOYSA-N,DRLFMBDRBRZALE,DRLFMBDRBRZALE,,True,True,True,True,UHFFFAOYSA,UHFFFAOYSA,True
compound_only_enrich_mammalian_RAMP_P_000000141_seed8,4-Hydroxy-2-oxoglutaric acid,HMDB0002070,WXSKVKPSMAHCSG-UHFFFAOYSA-N,WXSKVKPSMAHCSG,WXSKVKPSMAHCSG-UHFFFAOYSA-N,WXSKVKPSMAHCSG,WXSKVKPSMAHCSG,,True,True,True,True,UHFFFAOYSA,UHFFFAOYSA,True
compound_only_enrich_mammalian_RAMP_P_000000141_seed8,Serotonin,HMDB0000259,QZAYGJVTTNCVMB-UHFFFAOYSA-N,QZAYGJVTTNCVMB,QZAYGJVTTNCVMB-UHFFFAOYSA-N,QZAYGJVTTNCVMB,QZAYGJVTTNCVMB,,True,True,True,True,UHFFFAOYSA,UHFFFAOYSA,True
compound_only_enrich_mammalian_RAMP_P_000000141_seed8,L-Tryptophan,HMDB0000929,QIVBCDIJIAJPQS-VIFPVBQESA-N,QIVBCDIJIAJPQS,QIVBCDIJIAJPQS-VIFPVBQESA-N,QIVBCDIJIAJPQS,QIVBCDIJIAJPQS,,True,True,True,True,VIFPVBQESA,VIFPVBQESA,True
compound_only_enrich_mammalian_RAMP_P_000050021_seed9,Coumarin,HMDB0001218,ZYGHJZDHTFUPRJ-UHFFFAOYSA-N,ZYGHJZDHTFUPRJ,ZYGHJZDHTFUPRJ-UHFFFAOYSA-N,ZYGHJZDHTFUPRJ,ZYGHJZDHTFUPRJ,,True,True,True,True,UHFFFAOYSA,UHFFFAOYSA,True
compound_only_enrich_mammalian_RAMP_P_000050021_seed9,N-hydroxy-4-aminobiphenyl,HMDB0062723,MYVLYOJYVMLSFA-UHFFFAOYSA-N,MYVLYOJYVMLSFA,MYVLYOJYVMLSFA-UHFFFAOYSA-N,MYVLYOJYVMLSFA,MYVLYOJYVMLSFA,,True,True,True,True,UHFFFAOYSA,UHFFFAOYSA,True
compound_only_enrich_mammalian_RAMP_P_000050021_seed9,beta-Mercaptoethanol,HMDB0245190,DGVVWUTYPXICAM-UHFFFAOYSA-N,DGVVWUTYPXICAM,DGVVWUTYPXICAM-UHFFFAOYSA-N,DGVVWUTYPXICAM,DGVVWUTYPXICAM,,True,True,True,True,UHFFFAOYSA,UHFFFAOYSA,True
compound_only_enrich_mammalian_RAMP_P_000050021_seed9,Bromide,HMDB0002500,CPELXLSAUQHCOX-UHFFFAOYSA-M,CPELXLSAUQHCOX,CPELXLSAUQHCOX-UHFFFAOYSA-M,CPELXLSAUQHCOX,CPELXLSAUQHCOX,,True,True,True,True,UHFFFAOYSA,UHFFFAOYSA,True
compound_only_enrich_mammalian_RAMP_P_000050021_seed9,"Benzo[a]pyrene-7,8-dihydrodiol-9,10-oxide",HMDB0062470,DQEPMTIXHXSFOR-UHFFFAOYSA-N,DQEPMTIXHXSFOR,DQEPMTIXHXSFOR-UHFFFAOYSA-N,DQEPMTIXHXSFOR,DQEPMTIXHXSFOR,,True,True,True,True,UHFFFAOYSA,UHFFFAOYSA,True
compound_only_enrich_mammalian_RAMP_P_000050021_seed9,Iron,HMDB0015531,VTLYFUHAOXGGBS-UHFFFAOYSA-N,VTLYFUHAOXGGBS,VTLYFUHAOXGGBS-UHFFFAOYSA-N,VTLYFUHAOXGGBS,VTLYFUHAOXGGBS,,True,True,True,True,UHFFFAOYSA,UHFFFAOYSA,True
compound_only_enrich_mammalian_RAMP_P_000050021_seed9,Gentisic acid,HMDB0000152,WXTMDXOMEHJXQO-UHFFFAOYSA-N,WXTMDXOMEHJXQO,WXTMDXOMEHJXQO-UHFFFAOYSA-N,WXTMDXOMEHJXQO,WXTMDXOMEHJXQO,,True,True,True,True,UHFFFAOYSA,UHFFFAOYSA,True
compound_only_enrich_mammalian_RAMP_P_000000398_seed8,Pyrroline hydroxycarboxylic acid,HMDB0001369,WFOFKRKDDKGRIK-UHFFFAOYSA-N,WFOFKRKDDKGRIK,WFOFKRKDDKGRIK-UHFFFAOYSA-N,WFOFKRKDDKGRIK,WFOFKRKDDKGRIK,,True,True,True,True,UHFFFAOYSA,UHFFFAOYSA,True
compound_only_enrich_mammalian_RAMP_P_000000398_seed8,Detomidine,HMDB0041872,RHDJRPPFURBGLQ-UHFFFAOYSA-N,RHDJRPPFURBGLQ,RHDJRPPFURBGLQ-UHFFFAOYSA-N,RHDJRPPFURBGLQ,RHDJRPPFURBGLQ,,True,True,True,True,UHFFFAOYSA,UHFFFAOYSA,True
compound_only_enrich_mammalian_RAMP_P_000000398_seed8,D-Glucose,HMDB0000122,WQZGKKKJIJFFOK-VFUOTHLCSA-N,WQZGKKKJIJFFOK,WQZGKKKJIJFFOK-VFUOTHLCSA-N,WQZGKKKJIJFFOK,WQZGKKKJIJFFOK,,True,True,True,True,VFUOTHLCSA,VFUOTHLCSA,True
compound_only_enrich_mammalian_RAMP_P_000000398_seed8,Galactitol,HMDB0000107,FBPFZTCFMRRESA-GUCUJZIJSA-N,FBPFZTCFMRRESA,FBPFZTCFMRRESA-GUCUJZIJSA-N,FBPFZTCFMRRESA,FBPFZTCFMRRESA,,True,True,True,True,GUCUJZIJSA,GUCUJZIJSA,True
compound_only_enrich_mammalian_RAMP_P_000000398_seed8,Galactinol,HMDB0005826,VCWMRQDBPZKXKG-DXNLKLAMSA-N,VCWMRQDBPZKXKG,VCWMRQDBPZKXKG-DXNLKLAMSA-N,VCWMRQDBPZKXKG,VCWMRQDBPZKXKG,,True,True,True,True,DXNLKLAMSA,DXNLKLAMSA,True
compound_only_enrich_mammalian_RAMP_P_000000398_seed8,Glycerol,HMDB0000131,PEDCQBHIVMGVHV-UHFFFAOYSA-N,PEDCQBHIVMGVHV,PEDCQBHIVMGVHV-UHFFFAOYSA-N,PEDCQBHIVMGVHV,PEDCQBHIVMGVHV,,True,True,True,True,UHFFFAOYSA,UHFFFAOYSA,True
compound_only_enrich_mammalian_RAMP_P_000000398_seed8,Phenylacetic acid,HMDB0000209,WLJVXDMOQOGPHL-UHFFFAOYSA-N,WLJVXDMOQOGPHL,WLJVXDMOQOGPHL-UHFFFAOYSA-N,WLJVXDMOQOGPHL,WLJVXDMOQOGPHL,,True,True,True,True,UHFFFAOYSA,UHFFFAOYSA,True
compound_only_enrich_mammalian_RAMP_P_000000398_seed8,myo-Inositol,HMDB0000211,CDAISMWEOUEBRE-GPIVLXJGSA-N,CDAISMWEOUEBRE,CDAISMWEOUEBRE-GPIVLXJGSA-N,CDAISMWEOUEBRE,CDAISMWEOUEBRE,,True,True,True,True,GPIVLXJGSA,GPIVLXJGSA,True
compound_only_enrich_mammalian_RAMP_P_000000398_seed8,Methimazole,HMDB0014901,PMRYVIKBURPHAH-UHFFFAOYSA-N,PMRYVIKBURPHAH,PMRYVIKBURPHAH-UHFFFAOYSA-N,PMRYVIKBURPHAH,PMRYVIKBURPHAH,,True,True,True,True,UHFFFAOYSA,UHFFFAOYSA,True
compound_only_enrich_mammalian_RAMP_P_000000398_seed8,Sucrose,HMDB0000258,CZMRCDWAGMRECN-UGDNZRGBSA-N,CZMRCDWAGMRECN,CZMRCDWAGMRECN-UGDNZRGBSA-N,CZMRCDWAGMRECN,CZMRCDWAGMRECN,,True,True,True,True,UGDNZRGBSA,UGDNZRGBSA,True
compound_only_enrich_mammalian_RAMP_P_000000016_seed1,1-Pyrroline-5-carboxylic acid,HMDB0001301,DWAKNKKXGALPNW-BYPYZUCNSA-N,DWAKNKKXGALPNW,DWAKNKKXGALPNW-BYPYZUCNSA-N,DWAKNKKXGALPNW,DWAKNKKXGALPNW,,True,True,True,True,BYPYZUCNSA,BYPYZUCNSA,True
compound_only_enrich_mammalian_RAMP_P_000000016_seed1,Ornithine,HMDB0000214,AHLPHDHHMVZTML-BYPYZUCNSA-N,AHLPHDHHMVZTML,AHLPHDHHMVZTML-BYPYZUCNSA-N,AHLPHDHHMVZTML,AHLPHDHHMVZTML,,True,True,True,True,BYPYZUCNSA,BYPYZUCNSA,True
compound_only_enrich_mammalian_RAMP_P_000000016_seed1,2-Ketobutyric acid,HMDB0000005,TYEYBOSBBBHJIV-UHFFFAOYSA-N,TYEYBOSBBBHJIV,TYEYBOSBBBHJIV-UHFFFAOYSA-N,TYEYBOSBBBHJIV,TYEYBOSBBBHJIV,,True,True,True,True,UHFFFAOYSA,UHFFFAOYSA,True
compound_only_enrich_mammalian_RAMP_P_000000016_seed1,"5,6-Dihydroxyindole",HMDB0004058,SGNZYJXNUURYCH-UHFFFAOYSA-N,SGNZYJXNUURYCH,SGNZYJXNUURYCH-UHFFFAOYSA-N,SGNZYJXNUURYCH,SGNZYJXNUURYCH,,True,True,True,True,UHFFFAOYSA,UHFFFAOYSA,True
compound_only_enrich_mammalian_RAMP_P_000000016_seed1,Nitrate,HMDB0002878,NHNBFGGVMKEFGY-UHFFFAOYSA-N,NHNBFGGVMKEFGY,NHNBFGGVMKEFGY-UHFFFAOYSA-N,NHNBFGGVMKEFGY,NHNBFGGVMKEFGY,,True,True,True,True,UHFFFAOYSA,UHFFFAOYSA,True
compound_only_enrich_mammalian_RAMP_P_000000016_seed1,(R)-Lipoic acid,HMDB0001451,AGBQKNBQESQNJD-SSDOTTSWSA-N,AGBQKNBQESQNJD,AGBQKNBQESQNJD-SSDOTTSWSA-N,AGBQKNBQESQNJD,AGBQKNBQESQNJD,,True,True,True,True,SSDOTTSWSA,SSDOTTSWSA,True
compound_only_enrich_mammalian_RAMP_P_000000016_seed1,S-Adenosylhomocysteine,HMDB0000939,ZJUKTBDSGOFHSH-WFMPWKQPSA-N,ZJUKTBDSGOFHSH,ZJUKTBDSGOFHSH-WFMPWKQPSA-N,ZJUKTBDSGOFHSH,ZJUKTBDSGOFHSH,,True,True,True,True,WFMPWKQPSA,WFMPWKQPSA,True
compound_only_enrich_mammalian_RAMP_P_000000016_seed1,L-Cysteine,HMDB0000574,XUJNEKJLAYXESH-REOHCLBHSA-N,XUJNEKJLAYXESH,XUJNEKJLAYXESH-REOHCLBHSA-N,XUJNEKJLAYXESH,XUJNEKJLAYXESH,,True,True,True,True,REOHCLBHSA,REOHCLBHSA,True
compound_only_enrich_mammalian_RAMP_P_000000016_seed1,L-Methionine,HMDB0000696,FFEARJCKVFRZRR-BYPYZUCNSA-N,FFEARJCKVFRZRR,FFEARJCKVFRZRR-BYPYZUCNSA-N,FFEARJCKVFRZRR,FFEARJCKVFRZRR,,True,True,True,True,BYPYZUCNSA,BYPYZUCNSA,True
compound_only_enrich_mammalian_RAMP_P_000000016_seed1,Phenylephrine,HMDB0002182,SONNWYBIRXJNDC-VIFPVBQESA-N,SONNWYBIRXJNDC,SONNWYBIRXJNDC-VIFPVBQESA-N,SONNWYBIRXJNDC,SONNWYBIRXJNDC,,True,True,True,True,VIFPVBQESA,VIFPVBQESA,True
compound_only_enrich_mammalian_RAMP_P_000050099_seed6,Dihydrothymine,HMDB0000079,NBAKTGXDIBVZOO-VKHMYHEASA-N,NBAKTGXDIBVZOO,NBAKTGXDIBVZOO-VKHMYHEASA-N,NBAKTGXDIBVZOO,NBAKTGXDIBVZOO,,True,True,True,True,VKHMYHEASA,VKHMYHEASA,True
compound_only_enrich_mammalian_RAMP_P_000050099_seed6,Deoxyuridine,HMDB0000012,MXHRCPNRJAMMIM-SHYZEUOFSA-N,MXHRCPNRJAMMIM,MXHRCPNRJAMMIM-SHYZEUOFSA-N,MXHRCPNRJAMMIM,MXHRCPNRJAMMIM,,True,True,True,True,SHYZEUOFSA,SHYZEUOFSA,True
compound_only_enrich_mammalian_RAMP_P_000050099_seed6,Deoxycytidine,HMDB0000014,CKTSBUTUHBMZGZ-SHYZEUOFSA-N,CKTSBUTUHBMZGZ,CKTSBUTUHBMZGZ-SHYZEUOFSA-N,CKTSBUTUHBMZGZ,CKTSBUTUHBMZGZ,,True,True,True,True,SHYZEUOFSA,SHYZEUOFSA,True
compound_only_enrich_mammalian_RAMP_P_000050099_seed6,Ureidoisobutyric acid,HMDB0002031,PHENTZNALBMCQD-VKHMYHEASA-N,PHENTZNALBMCQD,PHENTZNALBMCQD-VKHMYHEASA-N,PHENTZNALBMCQD,PHENTZNALBMCQD,,True,True,True,True,VKHMYHEASA,VKHMYHEASA,True
compound_only_enrich_mammalian_RAMP_P_000050099_seed6,Dihydrouracil,HMDB0000076,OIVLITBTBDPEFK-UHFFFAOYSA-N,OIVLITBTBDPEFK,OIVLITBTBDPEFK-UHFFFAOYSA-N,OIVLITBTBDPEFK,OIVLITBTBDPEFK,,True,True,True,True,UHFFFAOYSA,UHFFFAOYSA,True
compound_only_enrich_mammalian_RAMP_P_000050099_seed6,Guanidoacetic acid,HMDB0000128,BPMFZUMJYQTVII-UHFFFAOYSA-N,BPMFZUMJYQTVII,BPMFZUMJYQTVII-UHFFFAOYSA-N,BPMFZUMJYQTVII,BPMFZUMJYQTVII,,True,True,True,True,UHFFFAOYSA,UHFFFAOYSA,True
compound_only_enrich_mammalian_RAMP_P_000050099_seed6,Oxalic acid,HMDB0002329,MUBZPKHOEPUJKR-UHFFFAOYSA-N,MUBZPKHOEPUJKR,MUBZPKHOEPUJKR-UHFFFAOYSA-N,MUBZPKHOEPUJKR,MUBZPKHOEPUJKR,,True,True,True,True,UHFFFAOYSA,UHFFFAOYSA,True
compound_only_enrich_mammalian_RAMP_P_000050021_seed3,Bromide,HMDB0002500,CPELXLSAUQHCOX-UHFFFAOYSA-M,CPELXLSAUQHCOX,CPELXLSAUQHCOX-UHFFFAOYSA-M,CPELXLSAUQHCOX,CPELXLSAUQHCOX,,True,True,True,True,UHFFFAOYSA,UHFFFAOYSA,True
compound_only_enrich_mammalian_RAMP_P_000050021_seed3,D-Glucose,HMDB0000122,WQZGKKKJIJFFOK-VFUOTHLCSA-N,WQZGKKKJIJFFOK,WQZGKKKJIJFFOK-VFUOTHLCSA-N,WQZGKKKJIJFFOK,WQZGKKKJIJFFOK,,True,True,True,True,VFUOTHLCSA,VFUOTHLCSA,True
compound_only_enrich_mammalian_RAMP_P_000050021_seed3,Methimazole,HMDB0014901,PMRYVIKBURPHAH-UHFFFAOYSA-N,PMRYVIKBURPHAH,PMRYVIKBURPHAH-UHFFFAOYSA-N,PMRYVIKBURPHAH,PMRYVIKBURPHAH,,True,True,True,True,UHFFFAOYSA,UHFFFAOYSA,True
compound_only_enrich_mammalian_RAMP_P_000050021_seed3,"Benzo[a]pyrene-7,8-dihydrodiol-9,10-oxide",HMDB0062470,DQEPMTIXHXSFOR-UHFFFAOYSA-N,DQEPMTIXHXSFOR,DQEPMTIXHXSFOR-UHFFFAOYSA-N,DQEPMTIXHXSFOR,DQEPMTIXHXSFOR,,True,True,True,True,UHFFFAOYSA,UHFFFAOYSA,True
compound_only_enrich_mammalian_RAMP_P_000050021_seed3,beta-Mercaptoethanol,HMDB0245190,DGVVWUTYPXICAM-UHFFFAOYSA-N,DGVVWUTYPXICAM,DGVVWUTYPXICAM-UHFFFAOYSA-N,DGVVWUTYPXICAM,DGVVWUTYPXICAM,,True,True,True,True,UHFFFAOYSA,UHFFFAOYSA,True
compound_only_enrich_mammalian_RAMP_P_000050021_seed3,N-hydroxy-4-aminobiphenyl,HMDB0062723,MYVLYOJYVMLSFA-UHFFFAOYSA-N,MYVLYOJYVMLSFA,MYVLYOJYVMLSFA-UHFFFAOYSA-N,MYVLYOJYVMLSFA,MYVLYOJYVMLSFA,,True,True,True,True,UHFFFAOYSA,UHFFFAOYSA,True
compound_only_enrich_mammalian_RAMP_P_000050021_seed3,Thromboxane,HMDB0003208,RZWIIPASKMUIAC-VQTJNVASSA-N,RZWIIPASKMUIAC,RZWIIPASKMUIAC-VQTJNVASSA-N,RZWIIPASKMUIAC,RZWIIPASKMUIAC,,True,True,True,True,VQTJNVASSA,VQTJNVASSA,True
compound_only_enrich_mammalian_RAMP_P_000050021_seed3,Selenium,HMDB0001349,MFSBVGSNNPNWMD-UHFFFAOYSA-N,MFSBVGSNNPNWMD,MFSBVGSNNPNWMD-UHFFFAOYSA-N,MFSBVGSNNPNWMD,MFSBVGSNNPNWMD,,True,True,True,True,UHFFFAOYSA,UHFFFAOYSA,True
compound_only_enrich_mammalian_RAMP_P_000050021_seed6,Bromide,HMDB0002500,CPELXLSAUQHCOX-UHFFFAOYSA-M,CPELXLSAUQHCOX,CPELXLSAUQHCOX-UHFFFAOYSA-M,CPELXLSAUQHCOX,CPELXLSAUQHCOX,,True,True,True,True,UHFFFAOYSA,UHFFFAOYSA,True
compound_only_enrich_mammalian_RAMP_P_000050021_seed6,"Benzo[a]pyrene-7,8-dihydrodiol-9,10-oxide",HMDB0062470,DQEPMTIXHXSFOR-UHFFFAOYSA-N,DQEPMTIXHXSFOR,DQEPMTIXHXSFOR-UHFFFAOYSA-N,DQEPMTIXHXSFOR,DQEPMTIXHXSFOR,,True,True,True,True,UHFFFAOYSA,UHFFFAOYSA,True
compound_only_enrich_mammalian_RAMP_P_000050021_seed6,Pantothenic acid,HMDB0000210,GHOKWGTUZJEAQD-ZETCQYMHSA-N,GHOKWGTUZJEAQD,GHOKWGTUZJEAQD-ZETCQYMHSA-N,GHOKWGTUZJEAQD,GHOKWGTUZJEAQD,,True,True,True,True,ZETCQYMHSA,ZETCQYMHSA,True
compound_only_enrich_mammalian_RAMP_P_000050021_seed6,Coumarin,HMDB0001218,ZYGHJZDHTFUPRJ-UHFFFAOYSA-N,ZYGHJZDHTFUPRJ,ZYGHJZDHTFUPRJ-UHFFFAOYSA-N,ZYGHJZDHTFUPRJ,ZYGHJZDHTFUPRJ,,True,True,True,True,UHFFFAOYSA,UHFFFAOYSA,True
compound_only_enrich_mammalian_RAMP_P_000050021_seed6,Glutathione,HMDB0000125,RWSXRVCMGQZWBV-WDSKDSINSA-N,RWSXRVCMGQZWBV,RWSXRVCMGQZWBV-WDSKDSINSA-N,RWSXRVCMGQZWBV,RWSXRVCMGQZWBV,,True,True,True,True,WDSKDSINSA,WDSKDSINSA,True
compound_only_enrich_mammalian_RAMP_P_000050021_seed6,Methimazole,HMDB0014901,PMRYVIKBURPHAH-UHFFFAOYSA-N,PMRYVIKBURPHAH,PMRYVIKBURPHAH-UHFFFAOYSA-N,PMRYVIKBURPHAH,PMRYVIKBURPHAH,,True,True,True,True,UHFFFAOYSA,UHFFFAOYSA,True
compound_only_enrich_mammalian_RAMP_P_000050021_seed6,beta-Mercaptoethanol,HMDB0245190,DGVVWUTYPXICAM-UHFFFAOYSA-N,DGVVWUTYPXICAM,DGVVWUTYPXICAM-UHFFFAOYSA-N,DGVVWUTYPXICAM,DGVVWUTYPXICAM,,True,True,True,True,UHFFFAOYSA,UHFFFAOYSA,True
compound_only_enrich_mammalian_RAMP_P_000050021_seed6,Phosphoserine,HMDB0000272,BZQFBWGGLXLEPQ-REOHCLBHSA-N,BZQFBWGGLXLEPQ,BZQFBWGGLXLEPQ-REOHCLBHSA-N,BZQFBWGGLXLEPQ,BZQFBWGGLXLEPQ,,True,True,True,True,REOHCLBHSA,REOHCLBHSA,True
compound_only_enrich_mammalian_RAMP_P_000050021_seed6,N-hydroxy-4-aminobiphenyl,HMDB0062723,MYVLYOJYVMLSFA-UHFFFAOYSA-N,MYVLYOJYVMLSFA,MYVLYOJYVMLSFA-UHFFFAOYSA-N,MYVLYOJYVMLSFA,MYVLYOJYVMLSFA,,True,True,True,True,UHFFFAOYSA,UHFFFAOYSA,True
compound_only_enrich_mammalian_lm_pathway_WP167_seed2,Arachidonic acid,HMDB0001043,YZXBAPSDXZZRGB-DOFZRALJSA-N,YZXBAPSDXZZRGB,YZXBAPSDXZZRGB-DOFZRALJSA-N,YZXBAPSDXZZRGB,YZXBAPSDXZZRGB,,True,True,True,True,DOFZRALJSA,DOFZRALJSA,True
compound_only_enrich_mammalian_lm_pathway_WP167_seed2,5-HETE,HMDB0011134,KGIJOOYOSFUGPC-JGKLHWIESA-N,KGIJOOYOSFUGPC,KGIJOOYOSFUGPC-JGKLHWIESA-N,KGIJOOYOSFUGPC,KGIJOOYOSFUGPC,,True,True,True,True,JGKLHWIESA,JGKLHWIESA,True
compound_only_enrich_mammalian_lm_pathway_WP167_seed2,"15-Deoxy-d-12,14-PGJ2",HMDB0005079,VHRUMKCAEVRUBK-GODQJPCRSA-N,VHRUMKCAEVRUBK,VHRUMKCAEVRUBK-GODQJPCRSA-N,VHRUMKCAEVRUBK,VHRUMKCAEVRUBK,,True,True,True,True,GODQJPCRSA,GODQJPCRSA,True
compound_only_enrich_mammalian_lm_pathway_WP167_seed2,"3,4-Dihydroxybenzeneacetic acid",HMDB0001336,CFFZDZCDUFSOFZ-UHFFFAOYSA-N,CFFZDZCDUFSOFZ,CFFZDZCDUFSOFZ-UHFFFAOYSA-N,CFFZDZCDUFSOFZ,CFFZDZCDUFSOFZ,,True,True,True,True,UHFFFAOYSA,UHFFFAOYSA,True
compound_only_enrich_mammalian_lm_pathway_WP167_seed2,4-Hydroxybenzoic acid,HMDB0000500,FJKROLUGYXJWQN-UHFFFAOYSA-N,FJKROLUGYXJWQN,FJKROLUGYXJWQN-UHFFFAOYSA-N,FJKROLUGYXJWQN,FJKROLUGYXJWQN,,True,True,True,True,UHFFFAOYSA,UHFFFAOYSA,True
compound_only_enrich_mammalian_lm_pathway_WP167_seed2,"5,6-Epoxy-8,11,14-eicosatrienoic acid",HMDB0002190,VBQNSZQZRAGRIX-QNEBEIHSSA-N,VBQNSZQZRAGRIX,VBQNSZQZRAGRIX-QNEBEIHSSA-N,VBQNSZQZRAGRIX,VBQNSZQZRAGRIX,,True,True,True,True,QNEBEIHSSA,QNEBEIHSSA,True
compound_only_enrich_mammalian_lm_pathway_WP167_seed2,15-HETE,HMDB0003876,JSFATNQSLKRBCI-VAEKSGALSA-N,JSFATNQSLKRBCI,JSFATNQSLKRBCI-VAEKSGALSA-N,JSFATNQSLKRBCI,JSFATNQSLKRBCI,,True,True,True,True,VAEKSGALSA,VAEKSGALSA,True
compound_only_enrich_mammalian_lm_pathway_WP167_seed2,Leukotriene A4,HMDB0001337,UFPQIRYSPUYQHK-WAQVJNLQSA-N,UFPQIRYSPUYQHK,UFPQIRYSPUYQHK-WAQVJNLQSA-N,UFPQIRYSPUYQHK,UFPQIRYSPUYQHK,,True,True,True,True,WAQVJNLQSA,WAQVJNLQSA,True
compound_only_enrich_mammalian_lm_pathway_WP167_seed9,Arachidonic acid,HMDB0001043,YZXBAPSDXZZRGB-DOFZRALJSA-N,YZXBAPSDXZZRGB,YZXBAPSDXZZRGB-DOFZRALJSA-N,YZXBAPSDXZZRGB,YZXBAPSDXZZRGB,,True,True,True,True,DOFZRALJSA,DOFZRALJSA,True
compound_only_enrich_mammalian_lm_pathway_WP167_seed9,Phenytoin,HMDB0014397,CXOFVDLJLONNDW-UHFFFAOYSA-N,CXOFVDLJLONNDW,CXOFVDLJLONNDW-UHFFFAOYSA-N,CXOFVDLJLONNDW,CXOFVDLJLONNDW,,True,True,True,True,UHFFFAOYSA,UHFFFAOYSA,True
compound_only_enrich_mammalian_lm_pathway_WP167_seed9,"15-Deoxy-d-12,14-PGJ2",HMDB0005079,VHRUMKCAEVRUBK-GODQJPCRSA-N,VHRUMKCAEVRUBK,VHRUMKCAEVRUBK-GODQJPCRSA-N,VHRUMKCAEVRUBK,VHRUMKCAEVRUBK,,True,True,True,True,GODQJPCRSA,GODQJPCRSA,True
compound_only_enrich_mammalian_lm_pathway_WP167_seed9,3-Methyladenine,HMDB0011600,FSASIHFSFGAIJM-UHFFFAOYSA-N,FSASIHFSFGAIJM,FSASIHFSFGAIJM-UHFFFAOYSA-N,FSASIHFSFGAIJM,FSASIHFSFGAIJM,,True,True,True,True,UHFFFAOYSA,UHFFFAOYSA,True
compound_only_enrich_mammalian_lm_pathway_WP167_seed9,5-HETE,HMDB0011134,KGIJOOYOSFUGPC-JGKLHWIESA-N,KGIJOOYOSFUGPC,KGIJOOYOSFUGPC-JGKLHWIESA-N,KGIJOOYOSFUGPC,KGIJOOYOSFUGPC,,True,True,True,True,JGKLHWIESA,JGKLHWIESA,True
compound_only_enrich_mammalian_lm_pathway_WP167_seed9,Leukotriene A4,HMDB0001337,UFPQIRYSPUYQHK-WAQVJNLQSA-N,UFPQIRYSPUYQHK,UFPQIRYSPUYQHK-WAQVJNLQSA-N,UFPQIRYSPUYQHK,UFPQIRYSPUYQHK,,True,True,True,True,WAQVJNLQSA,WAQVJNLQSA,True
compound_only_enrich_mammalian_lm_pathway_WP167_seed9,15-HETE,HMDB0003876,JSFATNQSLKRBCI-VAEKSGALSA-N,JSFATNQSLKRBCI,JSFATNQSLKRBCI-VAEKSGALSA-N,JSFATNQSLKRBCI,JSFATNQSLKRBCI,,True,True,True,True,VAEKSGALSA,VAEKSGALSA,True
compound_only_enrich_mammalian_RAMP_P_000000141_seed0,L-Tryptophan,HMDB0000929,QIVBCDIJIAJPQS-VIFPVBQESA-N,QIVBCDIJIAJPQS,QIVBCDIJIAJPQS-VIFPVBQESA-N,QIVBCDIJIAJPQS,QIVBCDIJIAJPQS,,True,True,True,True,VIFPVBQESA,VIFPVBQESA,True
compound_only_enrich_mammalian_RAMP_P_000000141_seed0,Melatonin,HMDB0001389,DRLFMBDRBRZALE-UHFFFAOYSA-N,DRLFMBDRBRZALE,DRLFMBDRBRZALE-UHFFFAOYSA-N,DRLFMBDRBRZALE,DRLFMBDRBRZALE,,True,True,True,True,UHFFFAOYSA,UHFFFAOYSA,True
compound_only_enrich_mammalian_RAMP_P_000000141_seed0,1-Pyrroline-5-carboxylic acid,HMDB0001301,DWAKNKKXGALPNW-BYPYZUCNSA-N,DWAKNKKXGALPNW,DWAKNKKXGALPNW-BYPYZUCNSA-N,DWAKNKKXGALPNW,DWAKNKKXGALPNW,,True,True,True,True,BYPYZUCNSA,BYPYZUCNSA,True
compound_only_enrich_mammalian_RAMP_P_000000141_seed0,L-Valine,HMDB0000883,KZSNJWFQEVHDMF-BYPYZUCNSA-N,KZSNJWFQEVHDMF,KZSNJWFQEVHDMF-BYPYZUCNSA-N,KZSNJWFQEVHDMF,KZSNJWFQEVHDMF,,True,True,True,True,BYPYZUCNSA,BYPYZUCNSA,True
compound_only_enrich_mammalian_RAMP_P_000000141_seed0,Quinolinic acid,HMDB0000232,GJAWHXHKYYXBSV-UHFFFAOYSA-N,GJAWHXHKYYXBSV,GJAWHXHKYYXBSV-UHFFFAOYSA-N,GJAWHXHKYYXBSV,GJAWHXHKYYXBSV,,True,True,True,True,UHFFFAOYSA,UHFFFAOYSA,True
compound_only_enrich_mammalian_RAMP_P_000000141_seed0,Pyrroline hydroxycarboxylic acid,HMDB0001369,WFOFKRKDDKGRIK-UHFFFAOYSA-N,WFOFKRKDDKGRIK,WFOFKRKDDKGRIK-UHFFFAOYSA-N,WFOFKRKDDKGRIK,WFOFKRKDDKGRIK,,True,True,True,True,UHFFFAOYSA,UHFFFAOYSA,True
compound_only_enrich_mammalian_RAMP_P_000000141_seed0,Indoleacetaldehyde,HMDB0001190,WHOOUMGHGSPMGR-UHFFFAOYSA-N,WHOOUMGHGSPMGR,WHOOUMGHGSPMGR-UHFFFAOYSA-N,WHOOUMGHGSPMGR,WHOOUMGHGSPMGR,,True,True,True,True,UHFFFAOYSA,UHFFFAOYSA,True
compound_only_enrich_mammalian_RAMP_P_000000141_seed0,Serotonin,HMDB0000259,QZAYGJVTTNCVMB-UHFFFAOYSA-N,QZAYGJVTTNCVMB,QZAYGJVTTNCVMB-UHFFFAOYSA-N,QZAYGJVTTNCVMB,QZAYGJVTTNCVMB,,True,True,True,True,UHFFFAOYSA,UHFFFAOYSA,True
compound_only_enrich_mammalian_RAMP_P_000000141_seed0,3-Hydroxyanthranilic acid,HMDB0001476,WJXSWCUQABXPFS-UHFFFAOYSA-N,WJXSWCUQABXPFS,WJXSWCUQABXPFS-UHFFFAOYSA-N,WJXSWCUQABXPFS,WJXSWCUQABXPFS,,True,True,True,True,UHFFFAOYSA,UHFFFAOYSA,True
compound_only_enrich_mammalian_RAMP_P_000000141_seed0,Tryptamine,HMDB0000303,APJYDQYYACXCRM-UHFFFAOYSA-N,APJYDQYYACXCRM,APJYDQYYACXCRM-UHFFFAOYSA-N,APJYDQYYACXCRM,APJYDQYYACXCRM,,True,True,True,True,UHFFFAOYSA,UHFFFAOYSA,True
compound_only_enrich_mammalian_RAMP_P_000000141_seed1,Tryptamine,HMDB0000303,APJYDQYYACXCRM-UHFFFAOYSA-N,APJYDQYYACXCRM,APJYDQYYACXCRM-UHFFFAOYSA-N,APJYDQYYACXCRM,APJYDQYYACXCRM,,True,True,True,True,UHFFFAOYSA,UHFFFAOYSA,True
compound_only_enrich_mammalian_RAMP_P_000000141_seed1,Putrescine,HMDB0001414,KIDHWZJUCRJVML-UHFFFAOYSA-N,KIDHWZJUCRJVML,KIDHWZJUCRJVML-UHFFFAOYSA-N,KIDHWZJUCRJVML,KIDHWZJUCRJVML,,True,True,True,True,UHFFFAOYSA,UHFFFAOYSA,True
compound_only_enrich_mammalian_RAMP_P_000000141_seed1,L-Leucine,HMDB0000687,ROHFNLRQFUQHCH-YFKPBYRVSA-N,ROHFNLRQFUQHCH,ROHFNLRQFUQHCH-YFKPBYRVSA-N,ROHFNLRQFUQHCH,ROHFNLRQFUQHCH,,True,True,True,True,YFKPBYRVSA,YFKPBYRVSA,True
compound_only_enrich_mammalian_RAMP_P_000000141_seed1,Melatonin,HMDB0001389,DRLFMBDRBRZALE-UHFFFAOYSA-N,DRLFMBDRBRZALE,DRLFMBDRBRZALE-UHFFFAOYSA-N,DRLFMBDRBRZALE,DRLFMBDRBRZALE,,True,True,True,True,UHFFFAOYSA,UHFFFAOYSA,True
compound_only_enrich_mammalian_RAMP_P_000000141_seed1,Serotonin,HMDB0000259,QZAYGJVTTNCVMB-UHFFFAOYSA-N,QZAYGJVTTNCVMB,QZAYGJVTTNCVMB-UHFFFAOYSA-N,QZAYGJVTTNCVMB,QZAYGJVTTNCVMB,,True,True,True,True,UHFFFAOYSA,UHFFFAOYSA,True
compound_only_enrich_mammalian_RAMP_P_000000141_seed1,L-Tryptophan,HMDB0000929,QIVBCDIJIAJPQS-VIFPVBQESA-N,QIVBCDIJIAJPQS,QIVBCDIJIAJPQS-VIFPVBQESA-N,QIVBCDIJIAJPQS,QIVBCDIJIAJPQS,,True,True,True,True,VIFPVBQESA,VIFPVBQESA,True
compound_only_enrich_mammalian_RAMP_P_000000141_seed1,3-Sulfinoalanine,HMDB0000996,ADVPTQAUNPRNPO-REOHCLBHSA-N,ADVPTQAUNPRNPO,ADVPTQAUNPRNPO-REOHCLBHSA-N,ADVPTQAUNPRNPO,ADVPTQAUNPRNPO,,True,True,True,True,REOHCLBHSA,REOHCLBHSA,True
compound_only_enrich_mammalian_RAMP_P_000000141_seed1,Quinolinic acid,HMDB0000232,GJAWHXHKYYXBSV-UHFFFAOYSA-N,GJAWHXHKYYXBSV,GJAWHXHKYYXBSV-UHFFFAOYSA-N,GJAWHXHKYYXBSV,GJAWHXHKYYXBSV,,True,True,True,True,UHFFFAOYSA,UHFFFAOYSA,True
compound_only_enrich_mammalian_RAMP_P_000000141_seed1,3-Hydroxyanthranilic acid,HMDB0001476,WJXSWCUQABXPFS-UHFFFAOYSA-N,WJXSWCUQABXPFS,WJXSWCUQABXPFS-UHFFFAOYSA-N,WJXSWCUQABXPFS,WJXSWCUQABXPFS,,True,True,True,True,UHFFFAOYSA,UHFFFAOYSA,True
compound_only_enrich_mammalian_RAMP_P_000000106_seed8,Aspirin,HMDB0001879,BSYNRYMUTXBXSQ-UHFFFAOYSA-N,BSYNRYMUTXBXSQ,BSYNRYMUTXBXSQ-UHFFFAOYSA-N,BSYNRYMUTXBXSQ,BSYNRYMUTXBXSQ,,True,True,True,True,UHFFFAOYSA,UHFFFAOYSA,True
compound_only_enrich_mammalian_RAMP_P_000000106_seed8,Tyramine,HMDB0000306,DZGWFCGJZKJUFP-UHFFFAOYSA-N,DZGWFCGJZKJUFP,DZGWFCGJZKJUFP-UHFFFAOYSA-N,DZGWFCGJZKJUFP,DZGWFCGJZKJUFP,,True,True,True,True,UHFFFAOYSA,UHFFFAOYSA,True
compound_only_enrich_mammalian_RAMP_P_000000106_seed8,Pyrocatechol,HMDB0000957,YCIMNLLNPGFGHC-UHFFFAOYSA-N,YCIMNLLNPGFGHC,YCIMNLLNPGFGHC-UHFFFAOYSA-N,YCIMNLLNPGFGHC,YCIMNLLNPGFGHC,,True,True,True,True,UHFFFAOYSA,UHFFFAOYSA,True
compound_only_enrich_mammalian_RAMP_P_000000106_seed8,3-Methoxytyramine,HMDB0000022,DIVQKHQLANKJQO-UHFFFAOYSA-N,DIVQKHQLANKJQO,DIVQKHQLANKJQO-UHFFFAOYSA-N,DIVQKHQLANKJQO,DIVQKHQLANKJQO,,True,True,True,True,UHFFFAOYSA,UHFFFAOYSA,True
compound_only_enrich_mammalian_RAMP_P_000000106_seed8,Dihydrobiopterin,HMDB0000038,FEMXZDUTFRTWPE-DZSWIPIPSA-N,FEMXZDUTFRTWPE,FEMXZDUTFRTWPE-DZSWIPIPSA-N,FEMXZDUTFRTWPE,FEMXZDUTFRTWPE,,True,True,True,True,DZSWIPIPSA,DZSWIPIPSA,True
compound_only_enrich_mammalian_RAMP_P_000000106_seed8,Baicalin,HMDB0041832,IKIIZLYTISPENI-UNJWAJPSSA-N,IKIIZLYTISPENI,IKIIZLYTISPENI-UNJWAJPSSA-N,IKIIZLYTISPENI,IKIIZLYTISPENI,,True,True,True,True,UNJWAJPSSA,UNJWAJPSSA,True
compound_only_enrich_mammalian_RAMP_P_000000106_seed8,"5,6-Dihydroxyindole",HMDB0004058,SGNZYJXNUURYCH-UHFFFAOYSA-N,SGNZYJXNUURYCH,SGNZYJXNUURYCH-UHFFFAOYSA-N,SGNZYJXNUURYCH,SGNZYJXNUURYCH,,True,True,True,True,UHFFFAOYSA,UHFFFAOYSA,True
compound_only_enrich_mammalian_RAMP_P_000000106_seed8,Isopentenyl pyrophosphate,HMDB0001347,NUHSROFQTUXZQQ-UHFFFAOYSA-N,NUHSROFQTUXZQQ,NUHSROFQTUXZQQ-UHFFFAOYSA-N,NUHSROFQTUXZQQ,NUHSROFQTUXZQQ,,True,True,True,True,UHFFFAOYSA,UHFFFAOYSA,True
compound_only_enrich_mammalian_RAMP_P_000000106_seed8,Glycerol,HMDB0000131,PEDCQBHIVMGVHV-UHFFFAOYSA-N,PEDCQBHIVMGVHV,PEDCQBHIVMGVHV-UHFFFAOYSA-N,PEDCQBHIVMGVHV,PEDCQBHIVMGVHV,,True,True,True,True,UHFFFAOYSA,UHFFFAOYSA,True
compound_only_enrich_mammalian_RAMP_P_000000106_seed8,Copper,HMDB0000657,JPVYNHNXODAKFH-UHFFFAOYSA-N,JPVYNHNXODAKFH,JPVYNHNXODAKFH-UHFFFAOYSA-N,JPVYNHNXODAKFH,JPVYNHNXODAKFH,,True,True,True,True,UHFFFAOYSA,UHFFFAOYSA,True
compound_only_enrich_mammalian_RAMP_P_000000106_seed8,2-Ketobutyric acid,HMDB0000005,TYEYBOSBBBHJIV-UHFFFAOYSA-N,TYEYBOSBBBHJIV,TYEYBOSBBBHJIV-UHFFFAOYSA-N,TYEYBOSBBBHJIV,TYEYBOSBBBHJIV,,True,True,True,True,UHFFFAOYSA,UHFFFAOYSA,True
compound_only_enrich_mammalian_RAMP_P_000050021_seed2,Hypotaurine,HMDB0000965,VVIUBCNYACGLLV-UHFFFAOYSA-N,VVIUBCNYACGLLV,VVIUBCNYACGLLV-UHFFFAOYSA-N,VVIUBCNYACGLLV,VVIUBCNYACGLLV,,True,True,True,True,UHFFFAOYSA,UHFFFAOYSA,True
compound_only_enrich_mammalian_RAMP_P_000050021_seed2,N-hydroxy-4-aminobiphenyl,HMDB0062723,MYVLYOJYVMLSFA-UHFFFAOYSA-N,MYVLYOJYVMLSFA,MYVLYOJYVMLSFA-UHFFFAOYSA-N,MYVLYOJYVMLSFA,MYVLYOJYVMLSFA,,True,True,True,True,UHFFFAOYSA,UHFFFAOYSA,True
compound_only_enrich_mammalian_RAMP_P_000050021_seed2,"Benzo[a]pyrene-7,8-dihydrodiol-9,10-oxide",HMDB0062470,DQEPMTIXHXSFOR-UHFFFAOYSA-N,DQEPMTIXHXSFOR,DQEPMTIXHXSFOR-UHFFFAOYSA-N,DQEPMTIXHXSFOR,DQEPMTIXHXSFOR,,True,True,True,True,UHFFFAOYSA,UHFFFAOYSA,True
compound_only_enrich_mammalian_RAMP_P_000050021_seed2,Coumarin,HMDB0001218,ZYGHJZDHTFUPRJ-UHFFFAOYSA-N,ZYGHJZDHTFUPRJ,ZYGHJZDHTFUPRJ-UHFFFAOYSA-N,ZYGHJZDHTFUPRJ,ZYGHJZDHTFUPRJ,,True,True,True,True,UHFFFAOYSA,UHFFFAOYSA,True
compound_only_enrich_mammalian_RAMP_P_000050021_seed2,3-Aminopropionaldehyde,HMDB0001106,PCXDJQZLDDHMGX-UHFFFAOYSA-N,PCXDJQZLDDHMGX,PCXDJQZLDDHMGX-UHFFFAOYSA-N,PCXDJQZLDDHMGX,PCXDJQZLDDHMGX,,True,True,True,True,UHFFFAOYSA,UHFFFAOYSA,True
compound_only_enrich_mammalian_RAMP_P_000050021_seed2,Methimazole,HMDB0014901,PMRYVIKBURPHAH-UHFFFAOYSA-N,PMRYVIKBURPHAH,PMRYVIKBURPHAH-UHFFFAOYSA-N,PMRYVIKBURPHAH,PMRYVIKBURPHAH,,True,True,True,True,UHFFFAOYSA,UHFFFAOYSA,True
compound_only_enrich_mammalian_RAMP_P_000050021_seed2,Bromide,HMDB0002500,CPELXLSAUQHCOX-UHFFFAOYSA-M,CPELXLSAUQHCOX,CPELXLSAUQHCOX-UHFFFAOYSA-M,CPELXLSAUQHCOX,CPELXLSAUQHCOX,,True,True,True,True,UHFFFAOYSA,UHFFFAOYSA,True
compound_only_enrich_mammalian_RAMP_P_000050021_seed2,6-Methylmercaptopurine,HMDB0060412,UIJIQXGRFSPYQW-UHFFFAOYSA-N,UIJIQXGRFSPYQW,UIJIQXGRFSPYQW-UHFFFAOYSA-N,UIJIQXGRFSPYQW,UIJIQXGRFSPYQW,,True,True,True,True,UHFFFAOYSA,UHFFFAOYSA,True
compound_only_enrich_mammalian_RAMP_P_000050021_seed2,beta-Mercaptoethanol,HMDB0245190,DGVVWUTYPXICAM-UHFFFAOYSA-N,DGVVWUTYPXICAM,DGVVWUTYPXICAM-UHFFFAOYSA-N,DGVVWUTYPXICAM,DGVVWUTYPXICAM,,True,True,True,True,UHFFFAOYSA,UHFFFAOYSA,True
compound_only_enrich_mammalian_RAMP_P_000050021_seed2,Glutathione,HMDB0000125,RWSXRVCMGQZWBV-WDSKDSINSA-N,RWSXRVCMGQZWBV,RWSXRVCMGQZWBV-WDSKDSINSA-N,RWSXRVCMGQZWBV,RWSXRVCMGQZWBV,,True,True,True,True,WDSKDSINSA,WDSKDSINSA,True
compound_only_enrich_mammalian_RAMP_P_000053306_seed7,Menadione,HMDB0001892,MJVAVZPDRWSRRC-UHFFFAOYSA-N,MJVAVZPDRWSRRC,MJVAVZPDRWSRRC-UHFFFAOYSA-N,MJVAVZPDRWSRRC,MJVAVZPDRWSRRC,,True,True,True,True,UHFFFAOYSA,UHFFFAOYSA,True
compound_only_enrich_mammalian_RAMP_P_000053306_seed7,CDP,HMDB0001546,ZWIADYZPOWUWEW-XVFCMESISA-N,ZWIADYZPOWUWEW,ZWIADYZPOWUWEW-XVFCMESISA-N,ZWIADYZPOWUWEW,ZWIADYZPOWUWEW,,True,True,True,True,XVFCMESISA,XVFCMESISA,True
compound_only_enrich_mammalian_RAMP_P_000053306_seed7,Deoxycytidine,HMDB0000014,CKTSBUTUHBMZGZ-SHYZEUOFSA-N,CKTSBUTUHBMZGZ,CKTSBUTUHBMZGZ-SHYZEUOFSA-N,CKTSBUTUHBMZGZ,CKTSBUTUHBMZGZ,,True,True,True,True,SHYZEUOFSA,SHYZEUOFSA,True
compound_only_enrich_mammalian_RAMP_P_000053306_seed7,Dihydrouracil,HMDB0000076,OIVLITBTBDPEFK-UHFFFAOYSA-N,OIVLITBTBDPEFK,OIVLITBTBDPEFK-UHFFFAOYSA-N,OIVLITBTBDPEFK,OIVLITBTBDPEFK,,True,True,True,True,UHFFFAOYSA,UHFFFAOYSA,True
compound_only_enrich_mammalian_RAMP_P_000053306_seed7,Methimazole,HMDB0014901,PMRYVIKBURPHAH-UHFFFAOYSA-N,PMRYVIKBURPHAH,PMRYVIKBURPHAH-UHFFFAOYSA-N,PMRYVIKBURPHAH,PMRYVIKBURPHAH,,True,True,True,True,UHFFFAOYSA,UHFFFAOYSA,True
compound_only_enrich_mammalian_RAMP_P_000053306_seed7,Spironolactone,HMDB0014565,LXMSZDCAJNLERA-ZHYRCANASA-N,LXMSZDCAJNLERA,LXMSZDCAJNLERA-ZHYRCANASA-N,LXMSZDCAJNLERA,LXMSZDCAJNLERA,,True,True,True,True,ZHYRCANASA,ZHYRCANASA,True
compound_only_enrich_mammalian_RAMP_P_000053306_seed7,Deoxyuridine,HMDB0000012,MXHRCPNRJAMMIM-SHYZEUOFSA-N,MXHRCPNRJAMMIM,MXHRCPNRJAMMIM-SHYZEUOFSA-N,MXHRCPNRJAMMIM,MXHRCPNRJAMMIM,,True,True,True,True,SHYZEUOFSA,SHYZEUOFSA,True
compound_only_enrich_mammalian_RAMP_P_000053306_seed7,"1,2,3-Trihydroxybenzene",HMDB0013674,WQGWDDDVZFFDIG-UHFFFAOYSA-N,WQGWDDDVZFFDIG,WQGWDDDVZFFDIG-UHFFFAOYSA-N,WQGWDDDVZFFDIG,WQGWDDDVZFFDIG,,True,True,True,True,UHFFFAOYSA,UHFFFAOYSA,True
compound_only_enrich_mammalian_RAMP_P_000053306_seed7,Deoxyribose 1-phosphate,HMDB0001351,KBDKAJNTYKVSEK-PYHARJCCSA-N,KBDKAJNTYKVSEK,KBDKAJNTYKVSEK-PYHARJCCSA-N,KBDKAJNTYKVSEK,KBDKAJNTYKVSEK,,True,True,True,True,PYHARJCCSA,PYHARJCCSA,True
compound_only_enrich_mammalian_RAMP_P_000053306_seed7,D-Glucose,HMDB0000122,WQZGKKKJIJFFOK-VFUOTHLCSA-N,WQZGKKKJIJFFOK,WQZGKKKJIJFFOK-VFUOTHLCSA-N,WQZGKKKJIJFFOK,WQZGKKKJIJFFOK,,True,True,True,True,VFUOTHLCSA,VFUOTHLCSA,True
compound_only_enrich_mammalian_RAMP_P_000053306_seed7,Ureidopropionic acid,HMDB0000026,JSJWCHRYRHKBBW-UHFFFAOYSA-N,JSJWCHRYRHKBBW,JSJWCHRYRHKBBW-UHFFFAOYSA-N,JSJWCHRYRHKBBW,JSJWCHRYRHKBBW,,True,True,True,True,UHFFFAOYSA,UHFFFAOYSA,True
compound_only_enrich_mammalian_lm_pathway_WP167_seed4,Hypochlorite,HMDB0001050,QWPPOHNGKGFGJK-UHFFFAOYSA-N,QWPPOHNGKGFGJK,QWPPOHNGKGFGJK-UHFFFAOYSA-N,QWPPOHNGKGFGJK,QWPPOHNGKGFGJK,,True,True,True,True,UHFFFAOYSA,UHFFFAOYSA,True
compound_only_enrich_mammalian_lm_pathway_WP167_seed4,Copper,HMDB0000657,JPVYNHNXODAKFH-UHFFFAOYSA-N,JPVYNHNXODAKFH,JPVYNHNXODAKFH-UHFFFAOYSA-N,JPVYNHNXODAKFH,JPVYNHNXODAKFH,,True,True,True,True,UHFFFAOYSA,UHFFFAOYSA,True
compound_only_enrich_mammalian_lm_pathway_WP167_seed4,Histamine,HMDB0000870,NTYJJOPFIAHURM-UHFFFAOYSA-N,NTYJJOPFIAHURM,NTYJJOPFIAHURM-UHFFFAOYSA-N,NTYJJOPFIAHURM,NTYJJOPFIAHURM,,True,True,True,True,UHFFFAOYSA,UHFFFAOYSA,True
compound_only_enrich_mammalian_lm_pathway_WP167_seed4,Leukotriene A4,HMDB0001337,UFPQIRYSPUYQHK-WAQVJNLQSA-N,UFPQIRYSPUYQHK,UFPQIRYSPUYQHK-WAQVJNLQSA-N,UFPQIRYSPUYQHK,UFPQIRYSPUYQHK,,True,True,True,True,WAQVJNLQSA,WAQVJNLQSA,True
compound_only_enrich_mammalian_lm_pathway_WP167_seed4,15-HETE,HMDB0003876,JSFATNQSLKRBCI-VAEKSGALSA-N,JSFATNQSLKRBCI,JSFATNQSLKRBCI-VAEKSGALSA-N,JSFATNQSLKRBCI,JSFATNQSLKRBCI,,True,True,True,True,VAEKSGALSA,VAEKSGALSA,True
compound_only_enrich_mammalian_lm_pathway_WP167_seed4,Gentisic acid,HMDB0000152,WXTMDXOMEHJXQO-UHFFFAOYSA-N,WXTMDXOMEHJXQO,WXTMDXOMEHJXQO-UHFFFAOYSA-N,WXTMDXOMEHJXQO,WXTMDXOMEHJXQO,,True,True,True,True,UHFFFAOYSA,UHFFFAOYSA,True
compound_only_enrich_mammalian_lm_pathway_WP167_seed4,"15-Deoxy-d-12,14-PGJ2",HMDB0005079,VHRUMKCAEVRUBK-GODQJPCRSA-N,VHRUMKCAEVRUBK,VHRUMKCAEVRUBK-GODQJPCRSA-N,VHRUMKCAEVRUBK,VHRUMKCAEVRUBK,,True,True,True,True,GODQJPCRSA,GODQJPCRSA,True
compound_only_enrich_mammalian_lm_pathway_WP167_seed4,Dihydrothymine,HMDB0000079,NBAKTGXDIBVZOO-VKHMYHEASA-N,NBAKTGXDIBVZOO,NBAKTGXDIBVZOO-VKHMYHEASA-N,NBAKTGXDIBVZOO,NBAKTGXDIBVZOO,,True,True,True,True,VKHMYHEASA,VKHMYHEASA,True
compound_only_enrich_mammalian_lm_pathway_WP167_seed4,Arachidonic acid,HMDB0001043,YZXBAPSDXZZRGB-DOFZRALJSA-N,YZXBAPSDXZZRGB,YZXBAPSDXZZRGB-DOFZRALJSA-N,YZXBAPSDXZZRGB,YZXBAPSDXZZRGB,,True,True,True,True,DOFZRALJSA,DOFZRALJSA,True
compound_only_enrich_mammalian_lm_pathway_WP167_seed4,5-HETE,HMDB0011134,KGIJOOYOSFUGPC-JGKLHWIESA-N,KGIJOOYOSFUGPC,KGIJOOYOSFUGPC-JGKLHWIESA-N,KGIJOOYOSFUGPC,KGIJOOYOSFUGPC,,True,True,True,True,JGKLHWIESA,JGKLHWIESA,True
compound_only_enrich_mammalian_lm_pathway_WP167_seed1,5-HETE,HMDB0011134,KGIJOOYOSFUGPC-JGKLHWIESA-N,KGIJOOYOSFUGPC,KGIJOOYOSFUGPC-JGKLHWIESA-N,KGIJOOYOSFUGPC,KGIJOOYOSFUGPC,,True,True,True,True,JGKLHWIESA,JGKLHWIESA,True
compound_only_enrich_mammalian_lm_pathway_WP167_seed1,"15-Deoxy-d-12,14-PGJ2",HMDB0005079,VHRUMKCAEVRUBK-GODQJPCRSA-N,VHRUMKCAEVRUBK,VHRUMKCAEVRUBK-GODQJPCRSA-N,VHRUMKCAEVRUBK,VHRUMKCAEVRUBK,,True,True,True,True,GODQJPCRSA,GODQJPCRSA,True
compound_only_enrich_mammalian_lm_pathway_WP167_seed1,15-HETE,HMDB0003876,JSFATNQSLKRBCI-VAEKSGALSA-N,JSFATNQSLKRBCI,JSFATNQSLKRBCI-VAEKSGALSA-N,JSFATNQSLKRBCI,JSFATNQSLKRBCI,,True,True,True,True,VAEKSGALSA,VAEKSGALSA,True
compound_only_enrich_mammalian_lm_pathway_WP167_seed1,Dehydroascorbic acid,HMDB0001264,SBJKKFFYIZUCET-JLAZNSOCSA-N,SBJKKFFYIZUCET,SBJKKFFYIZUCET-JLAZNSOCSA-N,SBJKKFFYIZUCET,SBJKKFFYIZUCET,,True,True,True,True,JLAZNSOCSA,JLAZNSOCSA,True
compound_only_enrich_mammalian_lm_pathway_WP167_seed1,Methylmalonic acid,HMDB0000202,ZIYVHBGGAOATLY-UHFFFAOYSA-N,ZIYVHBGGAOATLY,ZIYVHBGGAOATLY-UHFFFAOYSA-N,ZIYVHBGGAOATLY,ZIYVHBGGAOATLY,,True,True,True,True,UHFFFAOYSA,UHFFFAOYSA,True
compound_only_enrich_mammalian_lm_pathway_WP167_seed1,L-Serine,HMDB0000187,MTCFGRXMJLQNBG-REOHCLBHSA-N,MTCFGRXMJLQNBG,MTCFGRXMJLQNBG-REOHCLBHSA-N,MTCFGRXMJLQNBG,MTCFGRXMJLQNBG,,True,True,True,True,REOHCLBHSA,REOHCLBHSA,True
compound_only_enrich_mammalian_lm_pathway_WP167_seed1,Arachidonic acid,HMDB0001043,YZXBAPSDXZZRGB-DOFZRALJSA-N,YZXBAPSDXZZRGB,YZXBAPSDXZZRGB-DOFZRALJSA-N,YZXBAPSDXZZRGB,YZXBAPSDXZZRGB,,True,True,True,True,DOFZRALJSA,DOFZRALJSA,True
compound_only_enrich_mammalian_lm_pathway_WP167_seed1,Leukotriene A4,HMDB0001337,UFPQIRYSPUYQHK-WAQVJNLQSA-N,UFPQIRYSPUYQHK,UFPQIRYSPUYQHK-WAQVJNLQSA-N,UFPQIRYSPUYQHK,UFPQIRYSPUYQHK,,True,True,True,True,WAQVJNLQSA,WAQVJNLQSA,True
compound_only_enrich_mammalian_lm_pathway_WP167_seed1,6-Methylmercaptopurine,HMDB0060412,UIJIQXGRFSPYQW-UHFFFAOYSA-N,UIJIQXGRFSPYQW,UIJIQXGRFSPYQW-UHFFFAOYSA-N,UIJIQXGRFSPYQW,UIJIQXGRFSPYQW,,True,True,True,True,UHFFFAOYSA,UHFFFAOYSA,True
compound_only_enrich_mammalian_RAMP_P_000050096_seed6,"5,6-Dihydroxyindole",HMDB0004058,SGNZYJXNUURYCH-UHFFFAOYSA-N,SGNZYJXNUURYCH,SGNZYJXNUURYCH-UHFFFAOYSA-N,SGNZYJXNUURYCH,SGNZYJXNUURYCH,,True,True,True,True,UHFFFAOYSA,UHFFFAOYSA,True
compound_only_enrich_mammalian_RAMP_P_000050096_seed6,Allysine,HMDB0001263,GFXYTQPNNXGICT-YFKPBYRVSA-N,GFXYTQPNNXGICT,GFXYTQPNNXGICT-YFKPBYRVSA-N,GFXYTQPNNXGICT,GFXYTQPNNXGICT,,True,True,True,True,YFKPBYRVSA,YFKPBYRVSA,True
compound_only_enrich_mammalian_RAMP_P_000050096_seed6,L-Tyrosine,HMDB0000158,OUYCCCASQSFEME-QMMMGPOBSA-N,OUYCCCASQSFEME,OUYCCCASQSFEME-QMMMGPOBSA-N,OUYCCCASQSFEME,OUYCCCASQSFEME,,True,True,True,True,QMMMGPOBSA,QMMMGPOBSA,True
compound_only_enrich_mammalian_RAMP_P_000050096_seed6,Norepinephrine,HMDB0000216,SFLSHLFXELFNJZ-QMMMGPOBSA-N,SFLSHLFXELFNJZ,SFLSHLFXELFNJZ-QMMMGPOBSA-N,SFLSHLFXELFNJZ,SFLSHLFXELFNJZ,,True,True,True,True,QMMMGPOBSA,QMMMGPOBSA,True
compound_only_enrich_mammalian_RAMP_P_000050096_seed6,Fumaric acid,HMDB0000134,VZCYOOQTPOCHFL-OWOJBTEDSA-N,VZCYOOQTPOCHFL,VZCYOOQTPOCHFL-OWOJBTEDSA-N,VZCYOOQTPOCHFL,VZCYOOQTPOCHFL,,True,True,True,True,OWOJBTEDSA,OWOJBTEDSA,True
compound_only_enrich_mammalian_RAMP_P_000050096_seed6,L-Lysine,HMDB0000182,KDXKERNSBIXSRK-YFKPBYRVSA-N,KDXKERNSBIXSRK,KDXKERNSBIXSRK-YFKPBYRVSA-N,KDXKERNSBIXSRK,KDXKERNSBIXSRK,,True,True,True,True,YFKPBYRVSA,YFKPBYRVSA,True
compound_only_enrich_mammalian_RAMP_P_000050096_seed6,"3,4-Dihydroxyphenylacetaldehyde",HMDB0003791,IADQVXRMSNIUEL-UHFFFAOYSA-N,IADQVXRMSNIUEL,IADQVXRMSNIUEL-UHFFFAOYSA-N,IADQVXRMSNIUEL,IADQVXRMSNIUEL,,True,True,True,True,UHFFFAOYSA,UHFFFAOYSA,True
compound_only_enrich_mammalian_RAMP_P_000050096_seed6,Homogentisic acid,HMDB0000130,IGMNYECMUMZDDF-UHFFFAOYSA-N,IGMNYECMUMZDDF,IGMNYECMUMZDDF-UHFFFAOYSA-N,IGMNYECMUMZDDF,IGMNYECMUMZDDF,,True,True,True,True,UHFFFAOYSA,UHFFFAOYSA,True
compound_only_enrich_mammalian_RAMP_P_000050096_seed6,Pyruvic acid,HMDB0000243,LCTONWCANYUPML-UHFFFAOYSA-N,LCTONWCANYUPML,LCTONWCANYUPML-UHFFFAOYSA-N,LCTONWCANYUPML,LCTONWCANYUPML,,True,True,True,True,UHFFFAOYSA,UHFFFAOYSA,True
compound_only_enrich_mammalian_RAMP_P_000050096_seed6,Squalene,HMDB0000256,YYGNTYWPHWGJRM-AAJYLUCBSA-N,YYGNTYWPHWGJRM,YYGNTYWPHWGJRM-AAJYLUCBSA-N,YYGNTYWPHWGJRM,YYGNTYWPHWGJRM,,True,True,True,True,AAJYLUCBSA,AAJYLUCBSA,True
compound_only_enrich_mammalian_RAMP_P_000000141_seed5,Tryptamine,HMDB0000303,APJYDQYYACXCRM-UHFFFAOYSA-N,APJYDQYYACXCRM,APJYDQYYACXCRM-UHFFFAOYSA-N,APJYDQYYACXCRM,APJYDQYYACXCRM,,True,True,True,True,UHFFFAOYSA,UHFFFAOYSA,True
compound_only_enrich_mammalian_RAMP_P_000000141_seed5,Molybdenum,HMDB0001302,MMVYPOCJESWGTC-UHFFFAOYSA-N,MMVYPOCJESWGTC,MMVYPOCJESWGTC-UHFFFAOYSA-N,MMVYPOCJESWGTC,MMVYPOCJESWGTC,,True,True,True,True,UHFFFAOYSA,UHFFFAOYSA,True
compound_only_enrich_mammalian_RAMP_P_000000141_seed5,3-Hydroxyanthranilic acid,HMDB0001476,WJXSWCUQABXPFS-UHFFFAOYSA-N,WJXSWCUQABXPFS,WJXSWCUQABXPFS-UHFFFAOYSA-N,WJXSWCUQABXPFS,WJXSWCUQABXPFS,,True,True,True,True,UHFFFAOYSA,UHFFFAOYSA,True
compound_only_enrich_mammalian_RAMP_P_000000141_seed5,4-Hydroxy-L-glutamic acid,HMDB0002273,HBDWQSHEVMSFGY-STHAYSLISA-N,HBDWQSHEVMSFGY,HBDWQSHEVMSFGY-STHAYSLISA-N,HBDWQSHEVMSFGY,HBDWQSHEVMSFGY,,True,True,True,True,STHAYSLISA,STHAYSLISA,True
compound_only_enrich_mammalian_RAMP_P_000000141_seed5,3-Aminopropionaldehyde,HMDB0001106,PCXDJQZLDDHMGX-UHFFFAOYSA-N,PCXDJQZLDDHMGX,PCXDJQZLDDHMGX-UHFFFAOYSA-N,PCXDJQZLDDHMGX,PCXDJQZLDDHMGX,,True,True,True,True,UHFFFAOYSA,UHFFFAOYSA,True
compound_only_enrich_mammalian_RAMP_P_000000141_seed5,4-Hydroxyretinoic acid,HMDB0006254,KGUMXGDKXYTTEY-FRCNGJHJSA-N,KGUMXGDKXYTTEY,KGUMXGDKXYTTEY-FRCNGJHJSA-N,KGUMXGDKXYTTEY,KGUMXGDKXYTTEY,,True,True,True,True,FRCNGJHJSA,FRCNGJHJSA,True
compound_only_enrich_mammalian_RAMP_P_000000141_seed5,Indoleacetaldehyde,HMDB0001190,WHOOUMGHGSPMGR-UHFFFAOYSA-N,WHOOUMGHGSPMGR,WHOOUMGHGSPMGR-UHFFFAOYSA-N,WHOOUMGHGSPMGR,WHOOUMGHGSPMGR,,True,True,True,True,UHFFFAOYSA,UHFFFAOYSA,True
compound_only_enrich_mammalian_RAMP_P_000000141_seed5,Melatonin,HMDB0001389,DRLFMBDRBRZALE-UHFFFAOYSA-N,DRLFMBDRBRZALE,DRLFMBDRBRZALE-UHFFFAOYSA-N,DRLFMBDRBRZALE,DRLFMBDRBRZALE,,True,True,True,True,UHFFFAOYSA,UHFFFAOYSA,True
compound_only_enrich_mammalian_RAMP_P_000000141_seed5,L-Tryptophan,HMDB0000929,QIVBCDIJIAJPQS-VIFPVBQESA-N,QIVBCDIJIAJPQS,QIVBCDIJIAJPQS-VIFPVBQESA-N,QIVBCDIJIAJPQS,QIVBCDIJIAJPQS,,True,True,True,True,VIFPVBQESA,VIFPVBQESA,True
compound_only_enrich_mammalian_RAMP_P_000000141_seed5,Serotonin,HMDB0000259,QZAYGJVTTNCVMB-UHFFFAOYSA-N,QZAYGJVTTNCVMB,QZAYGJVTTNCVMB-UHFFFAOYSA-N,QZAYGJVTTNCVMB,QZAYGJVTTNCVMB,,True,True,True,True,UHFFFAOYSA,UHFFFAOYSA,True
compound_only_enrich_mammalian_RAMP_P_000050021_seed1,N-hydroxy-4-aminobiphenyl,HMDB0062723,MYVLYOJYVMLSFA-UHFFFAOYSA-N,MYVLYOJYVMLSFA,MYVLYOJYVMLSFA-UHFFFAOYSA-N,MYVLYOJYVMLSFA,MYVLYOJYVMLSFA,,True,True,True,True,UHFFFAOYSA,UHFFFAOYSA,True
compound_only_enrich_mammalian_RAMP_P_000050021_seed1,"Benzo[a]pyrene-7,8-dihydrodiol-9,10-oxide",HMDB0062470,DQEPMTIXHXSFOR-UHFFFAOYSA-N,DQEPMTIXHXSFOR,DQEPMTIXHXSFOR-UHFFFAOYSA-N,DQEPMTIXHXSFOR,DQEPMTIXHXSFOR,,True,True,True,True,UHFFFAOYSA,UHFFFAOYSA,True
compound_only_enrich_mammalian_RAMP_P_000050021_seed1,Coumarin,HMDB0001218,ZYGHJZDHTFUPRJ-UHFFFAOYSA-N,ZYGHJZDHTFUPRJ,ZYGHJZDHTFUPRJ-UHFFFAOYSA-N,ZYGHJZDHTFUPRJ,ZYGHJZDHTFUPRJ,,True,True,True,True,UHFFFAOYSA,UHFFFAOYSA,True
compound_only_enrich_mammalian_RAMP_P_000050021_seed1,Methimazole,HMDB0014901,PMRYVIKBURPHAH-UHFFFAOYSA-N,PMRYVIKBURPHAH,PMRYVIKBURPHAH-UHFFFAOYSA-N,PMRYVIKBURPHAH,PMRYVIKBURPHAH,,True,True,True,True,UHFFFAOYSA,UHFFFAOYSA,True
compound_only_enrich_mammalian_RAMP_P_000050021_seed1,Pyrophosphate,HMDB0000250,XPPKVPWEQAFLFU-UHFFFAOYSA-N,XPPKVPWEQAFLFU,XPPKVPWEQAFLFU-UHFFFAOYSA-N,XPPKVPWEQAFLFU,XPPKVPWEQAFLFU,,True,True,True,True,UHFFFAOYSA,UHFFFAOYSA,True
compound_only_enrich_mammalian_RAMP_P_000050021_seed1,Uric acid,HMDB0000289,LEHOTFFKMJEONL-UHFFFAOYSA-N,LEHOTFFKMJEONL,LEHOTFFKMJEONL-UHFFFAOYSA-N,LEHOTFFKMJEONL,LEHOTFFKMJEONL,,True,True,True,True,UHFFFAOYSA,UHFFFAOYSA,True
compound_only_enrich_mammalian_RAMP_P_000050021_seed1,Bromide,HMDB0002500,CPELXLSAUQHCOX-UHFFFAOYSA-M,CPELXLSAUQHCOX,CPELXLSAUQHCOX-UHFFFAOYSA-M,CPELXLSAUQHCOX,CPELXLSAUQHCOX,,True,True,True,True,UHFFFAOYSA,UHFFFAOYSA,True
compound_only_enrich_mammalian_RAMP_P_000050021_seed1,beta-Mercaptoethanol,HMDB0245190,DGVVWUTYPXICAM-UHFFFAOYSA-N,DGVVWUTYPXICAM,DGVVWUTYPXICAM-UHFFFAOYSA-N,DGVVWUTYPXICAM,DGVVWUTYPXICAM,,True,True,True,True,UHFFFAOYSA,UHFFFAOYSA,True
compound_only_enrich_mammalian_RAMP_P_000050021_seed1,Cholesterol,HMDB0000067,HVYWMOMLDIMFJA-DPAQBDIFSA-N,HVYWMOMLDIMFJA,HVYWMOMLDIMFJA-DPAQBDIFSA-N,HVYWMOMLDIMFJA,HVYWMOMLDIMFJA,,True,True,True,True,DPAQBDIFSA,DPAQBDIFSA,True
compound_only_enrich_mammalian_RAMP_P_000050021_seed1,4-Pyridoxic acid,HMDB0000017,HXACOUQIXZGNBF-UHFFFAOYSA-N,HXACOUQIXZGNBF,HXACOUQIXZGNBF-UHFFFAOYSA-N,HXACOUQIXZGNBF,HXACOUQIXZGNBF,,True,True,True,True,UHFFFAOYSA,UHFFFAOYSA,True
