hmdb_id,ramp_id,chem_data_source,chem_source_id,inchi_key,inchi_key_prefix
HMDB0003208,RAMP_C_000001772,hmdb,hmdb:HMDB0003208,RZWIIPASKMUIAC-VQTJNVASSA-N,RZWIIPASKMUIAC
HMDB0003208,RAMP_C_000001772,lipidmaps,LIPIDMAPS:LMFA03030015,RZWIIPASKMUIAC-VQTJNVASSA-N,RZWIIPASKMUIAC
HMDB0002961,RAMP_C_000001715,hmdb,hmdb:HMDB0002961,NVKAWKQGWWIWPM-ABEVXSGRSA-N,NVKAWKQGWWIWPM
HMDB0002961,RAMP_C_000001715,hmdb,hmdb:HMDB0006770,NVKAWKQGWWIWPM-MISPCMORSA-N,NVKAWKQGWWIWPM
HMDB0002961,RAMP_C_000001715,chebi,chebi:16330,NVKAWKQGWWIWPM-ABEVXSGRSA-N,NVKAWKQGWWIWPM
HMDB0002961,RAMP_C_000001715,chebi,chebi:2150,NVKAWKQGWWIWPM-MISPCMORSA-N,NVKAWKQGWWIWPM
HMDB0002961,RAMP_C_000001715,lipidmaps,LIPIDMAPS:LMST02020042,NVKAWKQGWWIWPM-ABEVXSGRSA-N,NVKAWKQGWWIWPM
HMDB0002961,RAMP_C_000001715,lipidmaps,LIPIDMAPS:LMST02020069,NVKAWKQGWWIWPM-MISPCMORSA-N,NVKAWKQGWWIWPM
HMDB0000232,RAMP_C_000000155,hmdb,hmdb:HMDB0000232,GJAWHXHKYYXBSV-UHFFFAOYSA-N,GJAWHXHKYYXBSV
HMDB0000232,RAMP_C_000000155,chebi,chebi:16675,GJAWHXHKYYXBSV-UHFFFAOYSA-N,GJAWHXHKYYXBSV
HMDB0000232,RAMP_C_000000155,chebi,chebi:29959,GJAWHXHKYYXBSV-UHFFFAOYSA-L,GJAWHXHKYYXBSV
HMDB0014979,RAMP_C_000009201,hmdb,hmdb:HMDB0014979,JRWZLRBJNMZMFE-UHFFFAOYSA-N,JRWZLRBJNMZMFE
HMDB0014979,RAMP_C_000009201,chebi,chebi:4670,JRWZLRBJNMZMFE-UHFFFAOYSA-N,JRWZLRBJNMZMFE
HMDB0001264,RAMP_C_000000960,hmdb,hmdb:HMDB0001264,SBJKKFFYIZUCET-JLAZNSOCSA-N,SBJKKFFYIZUCET
HMDB0001264,RAMP_C_000000960,chebi,chebi:27956,SBJKKFFYIZUCET-JLAZNSOCSA-N,SBJKKFFYIZUCET
HMDB0002070,RAMP_C_000001369,hmdb,hmdb:HMDB0002070,WXSKVKPSMAHCSG-UHFFFAOYSA-N,WXSKVKPSMAHCSG
HMDB0002070,RAMP_C_000001369,chebi,chebi:30923,WXSKVKPSMAHCSG-UHFFFAOYSA-N,WXSKVKPSMAHCSG
HMDB0002070,RAMP_C_000001369,chebi,chebi:17742,WXSKVKPSMAHCSG-UHFFFAOYSA-L,WXSKVKPSMAHCSG
HMDB0000234,RAMP_C_000000156,hmdb,hmdb:HMDB0000234,MUMGGOZAMZWBJJ-DYKIIFRCSA-N,MUMGGOZAMZWBJJ
HMDB0000234,RAMP_C_000000156,hmdb,hmdb:HMDB0000628,MUMGGOZAMZWBJJ-KZYORJDKSA-N,MUMGGOZAMZWBJJ
HMDB0000234,RAMP_C_000000156,chebi,chebi:17347,MUMGGOZAMZWBJJ-DYKIIFRCSA-N,MUMGGOZAMZWBJJ
HMDB0000234,RAMP_C_000000156,chebi,chebi:42534,MUMGGOZAMZWBJJ-KZYORJDKSA-N,MUMGGOZAMZWBJJ
HMDB0000234,RAMP_C_000000156,lipidmaps,LIPIDMAPS:LMST02020002,MUMGGOZAMZWBJJ-DYKIIFRCSA-N,MUMGGOZAMZWBJJ
HMDB0000234,RAMP_C_000000156,lipidmaps,LIPIDMAPS:LMST02020051,MUMGGOZAMZWBJJ-KZYORJDKSA-N,MUMGGOZAMZWBJJ
HMDB0000151,RAMP_C_000000097,hmdb,hmdb:HMDB0000151,VOXZDWNPVJITMN-ZBRFXRBCSA-N,VOXZDWNPVJITMN
HMDB0000151,RAMP_C_000000097,chebi,chebi:16469,VOXZDWNPVJITMN-ZBRFXRBCSA-N,VOXZDWNPVJITMN
HMDB0000151,RAMP_C_000000097,lipidmaps,LIPIDMAPS:LMST02010001,VOXZDWNPVJITMN-ZBRFXRBCSA-N,VOXZDWNPVJITMN
HMDB0000053,RAMP_C_000000037,hmdb,hmdb:HMDB0000053,AEMFNILZOJDQLW-QAGGRKNESA-N,AEMFNILZOJDQLW
HMDB0000053,RAMP_C_000000037,chebi,chebi:16422,AEMFNILZOJDQLW-QAGGRKNESA-N,AEMFNILZOJDQLW
HMDB0000053,RAMP_C_000000037,lipidmaps,LIPIDMAPS:LMST02020007,AEMFNILZOJDQLW-QAGGRKNESA-N,AEMFNILZOJDQLW
HMDB0000077,RAMP_C_000000054,hmdb,hmdb:HMDB0000077,FMGSKLZLMKYGDP-USOAJAOKSA-N,FMGSKLZLMKYGDP
HMDB0000077,RAMP_C_000000054,chebi,chebi:28689,FMGSKLZLMKYGDP-USOAJAOKSA-N,FMGSKLZLMKYGDP
HMDB0000077,RAMP_C_000000054,lipidmaps,LIPIDMAPS:LMST02020021,FMGSKLZLMKYGDP-USOAJAOKSA-N,FMGSKLZLMKYGDP
HMDB0011134,RAMP_C_000006716,hmdb,hmdb:HMDB0011134,KGIJOOYOSFUGPC-JGKLHWIESA-N,KGIJOOYOSFUGPC
HMDB0011134,RAMP_C_000006716,chebi,chebi:28209,KGIJOOYOSFUGPC-JGKLHWIESA-N,KGIJOOYOSFUGPC
HMDB0011134,RAMP_C_000006716,chebi,chebi:60943,KGIJOOYOSFUGPC-XTDASVJISA-N,KGIJOOYOSFUGPC
HMDB0011134,RAMP_C_000006716,chebi,chebi:65341,KGIJOOYOSFUGPC-XTDASVJISA-M,KGIJOOYOSFUGPC
HMDB0011134,RAMP_C_000006716,chebi,chebi:90632,KGIJOOYOSFUGPC-JGKLHWIESA-M,KGIJOOYOSFUGPC
HMDB0011134,RAMP_C_000006716,lipidmaps,LIPIDMAPS:LMFA03060002,KGIJOOYOSFUGPC-JGKLHWIESA-N,KGIJOOYOSFUGPC
HMDB0011134,RAMP_C_000006716,lipidmaps,LIPIDMAPS:LMFA03060005,KGIJOOYOSFUGPC-IWMWOOIASA-N,KGIJOOYOSFUGPC
HMDB0011134,RAMP_C_000006716,lipidmaps,LIPIDMAPS:LMFA03060024,KGIJOOYOSFUGPC-CABOLEKPSA-N,KGIJOOYOSFUGPC
HMDB0011134,RAMP_C_000006716,lipidmaps,LIPIDMAPS:LMFA03060084,KGIJOOYOSFUGPC-XTDASVJISA-N,KGIJOOYOSFUGPC
HMDB0003344,RAMP_C_000001818,hmdb,hmdb:HMDB0003344,WGCNASOHLSPBMP-UHFFFAOYSA-N,WGCNASOHLSPBMP
HMDB0003344,RAMP_C_000001818,chebi,chebi:17071,WGCNASOHLSPBMP-UHFFFAOYSA-N,WGCNASOHLSPBMP
HMDB0003876,RAMP_C_000268098,chebi,chebi:78837,JSFATNQSLKRBCI-UDQWCNDOSA-M,JSFATNQSLKRBCI
HMDB0003876,RAMP_C_000268098,chebi,chebi:15558,JSFATNQSLKRBCI-VAEKSGALSA-N,JSFATNQSLKRBCI
HMDB0003876,RAMP_C_000268098,chebi,chebi:63989,JSFATNQSLKRBCI-UDQWCNDOSA-N,JSFATNQSLKRBCI
HMDB0003876,RAMP_C_000268098,chebi,chebi:64017,JSFATNQSLKRBCI-USWFWKISSA-N,JSFATNQSLKRBCI
HMDB0003876,RAMP_C_000268098,chebi,chebi:57409,JSFATNQSLKRBCI-VAEKSGALSA-M,JSFATNQSLKRBCI
HMDB0003876,RAMP_C_000268098,chebi,chebi:78832,JSFATNQSLKRBCI-USWFWKISSA-M,JSFATNQSLKRBCI
HMDB0003876,RAMP_C_000268098,hmdb,hmdb:HMDB0003876,JSFATNQSLKRBCI-VAEKSGALSA-N,JSFATNQSLKRBCI
HMDB0003876,RAMP_C_000268098,hmdb,hmdb:HMDB0062294,JSFATNQSLKRBCI-UDQWCNDOSA-N,JSFATNQSLKRBCI
HMDB0003876,RAMP_C_000268098,lipidmaps,LIPIDMAPS:LMFA03060001,JSFATNQSLKRBCI-VAEKSGALSA-N,JSFATNQSLKRBCI
HMDB0003876,RAMP_C_000268098,lipidmaps,LIPIDMAPS:LMFA03060030,JSFATNQSLKRBCI-UDQWCNDOSA-N,JSFATNQSLKRBCI
HMDB0003876,RAMP_C_000268098,lipidmaps,LIPIDMAPS:LMFA03060080,JSFATNQSLKRBCI-JCAMWLGVSA-N,JSFATNQSLKRBCI
HMDB0003876,RAMP_C_000268098,lipidmaps,LIPIDMAPS:LMFA03060087,JSFATNQSLKRBCI-USWFWKISSA-N,JSFATNQSLKRBCI
HMDB0001337,RAMP_C_000001012,hmdb,hmdb:HMDB0001337,UFPQIRYSPUYQHK-WAQVJNLQSA-N,UFPQIRYSPUYQHK
HMDB0001337,RAMP_C_000001012,chebi,chebi:15651,UFPQIRYSPUYQHK-WAQVJNLQSA-N,UFPQIRYSPUYQHK
HMDB0001337,RAMP_C_000001012,chebi,chebi:57463,UFPQIRYSPUYQHK-WAQVJNLQSA-M,UFPQIRYSPUYQHK
HMDB0001337,RAMP_C_000001012,lipidmaps,LIPIDMAPS:LMFA03020023,UFPQIRYSPUYQHK-WAQVJNLQSA-N,UFPQIRYSPUYQHK
HMDB0005079,RAMP_C_000267133,chebi,chebi:85236,VHRUMKCAEVRUBK-GODQJPCRSA-M,VHRUMKCAEVRUBK
HMDB0005079,RAMP_C_000267133,chebi,chebi:34159,VHRUMKCAEVRUBK-GODQJPCRSA-N,VHRUMKCAEVRUBK
HMDB0005079,RAMP_C_000267133,hmdb,hmdb:HMDB0005079,VHRUMKCAEVRUBK-GODQJPCRSA-N,VHRUMKCAEVRUBK
HMDB0005079,RAMP_C_000267133,lipidmaps,LIPIDMAPS:LMFA03010021,VHRUMKCAEVRUBK-GODQJPCRSA-N,VHRUMKCAEVRUBK
HMDB0005079,RAMP_C_000267133,lipidmaps,LIPIDMAPS:LMFA03010177,VHRUMKCAEVRUBK-IYZFCGLQSA-N,VHRUMKCAEVRUBK
HMDB0014816,RAMP_C_000009063,hmdb,hmdb:HMDB0014816,PSIFNNKUMBGKDQ-UHFFFAOYSA-N,PSIFNNKUMBGKDQ
HMDB0014816,RAMP_C_000009063,chebi,chebi:6541,PSIFNNKUMBGKDQ-UHFFFAOYSA-N,PSIFNNKUMBGKDQ
HMDB0001043,RAMP_C_000000804,hmdb,hmdb:HMDB0001043,YZXBAPSDXZZRGB-DOFZRALJSA-N,YZXBAPSDXZZRGB
HMDB0001043,RAMP_C_000000804,chebi,chebi:15843,YZXBAPSDXZZRGB-DOFZRALJSA-N,YZXBAPSDXZZRGB
HMDB0001043,RAMP_C_000000804,chebi,chebi:32395,YZXBAPSDXZZRGB-DOFZRALJSA-M,YZXBAPSDXZZRGB
HMDB0001043,RAMP_C_000000804,lipidmaps,LIPIDMAPS:LMFA01030001,YZXBAPSDXZZRGB-DOFZRALJSA-N,YZXBAPSDXZZRGB
HMDB0001043,RAMP_C_000000804,lipidmaps,LIPIDMAPS:LMFA01030003,YZXBAPSDXZZRGB-FBFLGLDDSA-N,YZXBAPSDXZZRGB
HMDB0004699,RAMP_C_000262755,chebi,chebi:57447,QQUFCXFFOZDXLA-GTYUHVKWSA-M,QQUFCXFFOZDXLA
HMDB0004699,RAMP_C_000262755,chebi,chebi:75322,QQUFCXFFOZDXLA-VYOQERLCSA-M,QQUFCXFFOZDXLA
HMDB0004699,RAMP_C_000262755,chebi,chebi:15629,QQUFCXFFOZDXLA-GTYUHVKWSA-N,QQUFCXFFOZDXLA
HMDB0004699,RAMP_C_000262755,chebi,chebi:34487,QQUFCXFFOZDXLA-VYOQERLCSA-N,QQUFCXFFOZDXLA
HMDB0004699,RAMP_C_000262755,hmdb,hmdb:HMDB0004699,QQUFCXFFOZDXLA-VYOQERLCSA-N,QQUFCXFFOZDXLA
HMDB0004699,RAMP_C_000262755,lipidmaps,LIPIDMAPS:LMFA03060037,QQUFCXFFOZDXLA-GTYUHVKWSA-N,QQUFCXFFOZDXLA
HMDB0004699,RAMP_C_000262755,lipidmaps,LIPIDMAPS:LMFA03060073,QQUFCXFFOZDXLA-VYOQERLCSA-N,QQUFCXFFOZDXLA
HMDB0005826,RAMP_C_000002543,hmdb,hmdb:HMDB0005821,FFPUNPBUZDTHJI-ZFOKFBPFSA-N,FFPUNPBUZDTHJI
HMDB0005826,RAMP_C_000002543,hmdb,hmdb:HMDB0005826,VCWMRQDBPZKXKG-DXNLKLAMSA-N,VCWMRQDBPZKXKG
HMDB0005826,RAMP_C_000002543,chebi,chebi:17505,VCWMRQDBPZKXKG-DXNLKLAMSA-N,VCWMRQDBPZKXKG
HMDB0005826,RAMP_C_000002543,lipidmaps,LIPIDMAPS:LMST02030229,FFPUNPBUZDTHJI-ZFOKFBPFSA-N,FFPUNPBUZDTHJI
HMDB0000258,RAMP_C_000000176,hmdb,hmdb:HMDB0000258,CZMRCDWAGMRECN-UGDNZRGBSA-N,CZMRCDWAGMRECN
HMDB0000258,RAMP_C_000000176,chebi,chebi:17992,CZMRCDWAGMRECN-UGDNZRGBSA-N,CZMRCDWAGMRECN
HMDB0000211,RAMP_C_000000136,hmdb,hmdb:HMDB0000211,CDAISMWEOUEBRE-GPIVLXJGSA-N,CDAISMWEOUEBRE
HMDB0000211,RAMP_C_000000136,hmdb,hmdb:HMDB0034220,CDAISMWEOUEBRE-SHFUYGGZSA-N,CDAISMWEOUEBRE
HMDB0000211,RAMP_C_000000136,chebi,chebi:17268,CDAISMWEOUEBRE-GPIVLXJGSA-N,CDAISMWEOUEBRE
HMDB0000211,RAMP_C_000000136,chebi,chebi:27374,CDAISMWEOUEBRE-SHFUYGGZSA-N,CDAISMWEOUEBRE
HMDB0000211,RAMP_C_000000136,chebi,chebi:24848,CDAISMWEOUEBRE-UHFFFAOYSA-N,CDAISMWEOUEBRE
HMDB0000073,RAMP_C_000218860,chebi,chebi:59905,VYFYYTLLBUKUHU-UHFFFAOYSA-O,VYFYYTLLBUKUHU
HMDB0000073,RAMP_C_000218860,chebi,chebi:18243,VYFYYTLLBUKUHU-UHFFFAOYSA-N,VYFYYTLLBUKUHU
HMDB0000073,RAMP_C_000218860,hmdb,hmdb:HMDB0000073,VYFYYTLLBUKUHU-UHFFFAOYSA-N,VYFYYTLLBUKUHU
HMDB0000122,RAMP_C_000000077,hmdb,hmdb:HMDB0000122,WQZGKKKJIJFFOK-VFUOTHLCSA-N,WQZGKKKJIJFFOK
HMDB0000122,RAMP_C_000000077,hmdb,hmdb:HMDB0304632,WQZGKKKJIJFFOK-GASJEMHNSA-N,WQZGKKKJIJFFOK
HMDB0000122,RAMP_C_000000077,chebi,chebi:15903,WQZGKKKJIJFFOK-VFUOTHLCSA-N,WQZGKKKJIJFFOK
HMDB0000122,RAMP_C_000000077,chebi,chebi:42758,GZCGUPFRVQAUEE-SLPGGIOYSA-N,GZCGUPFRVQAUEE
HMDB0000122,RAMP_C_000000077,chebi,chebi:4167,WQZGKKKJIJFFOK-GASJEMHNSA-N,WQZGKKKJIJFFOK
HMDB0000131,RAMP_C_000000085,hmdb,hmdb:HMDB0000131,PEDCQBHIVMGVHV-UHFFFAOYSA-N,PEDCQBHIVMGVHV
HMDB0000131,RAMP_C_000000085,chebi,chebi:17754,PEDCQBHIVMGVHV-UHFFFAOYSA-N,PEDCQBHIVMGVHV
HMDB0000224,RAMP_C_000000148,hmdb,hmdb:HMDB0000224,SUHOOTKUPISOBE-UHFFFAOYSA-N,SUHOOTKUPISOBE
HMDB0000224,RAMP_C_000000148,chebi,chebi:17553,SUHOOTKUPISOBE-UHFFFAOYSA-N,SUHOOTKUPISOBE
HMDB0000224,RAMP_C_000000148,chebi,chebi:58190,SUHOOTKUPISOBE-UHFFFAOYSA-M,SUHOOTKUPISOBE
HMDB0011600,RAMP_C_000007136,hmdb,hmdb:HMDB0011600,FSASIHFSFGAIJM-UHFFFAOYSA-N,FSASIHFSFGAIJM
HMDB0011600,RAMP_C_000007136,chebi,chebi:38635,FSASIHFSFGAIJM-UHFFFAOYSA-N,FSASIHFSFGAIJM
HMDB0001476,RAMP_C_000220389,chebi,chebi:36559,WJXSWCUQABXPFS-UHFFFAOYSA-M,WJXSWCUQABXPFS
HMDB0001476,RAMP_C_000220389,chebi,chebi:15793,WJXSWCUQABXPFS-UHFFFAOYSA-N,WJXSWCUQABXPFS
HMDB0001476,RAMP_C_000220389,hmdb,hmdb:HMDB0001476,WJXSWCUQABXPFS-UHFFFAOYSA-N,WJXSWCUQABXPFS
HMDB0001389,RAMP_C_000001056,hmdb,hmdb:HMDB0001389,DRLFMBDRBRZALE-UHFFFAOYSA-N,DRLFMBDRBRZALE
HMDB0001389,RAMP_C_000001056,chebi,chebi:16796,DRLFMBDRBRZALE-UHFFFAOYSA-N,DRLFMBDRBRZALE
HMDB0000259,RAMP_C_000000177,hmdb,hmdb:HMDB0000259,QZAYGJVTTNCVMB-UHFFFAOYSA-N,QZAYGJVTTNCVMB
HMDB0000259,RAMP_C_000000177,chebi,chebi:28790,QZAYGJVTTNCVMB-UHFFFAOYSA-N,QZAYGJVTTNCVMB
HMDB0000259,RAMP_C_000000177,chebi,chebi:350546,QZAYGJVTTNCVMB-UHFFFAOYSA-O,QZAYGJVTTNCVMB
HMDB0000929,RAMP_C_000218721,hmdb,hmdb:HMDB0000929,QIVBCDIJIAJPQS-VIFPVBQESA-N,QIVBCDIJIAJPQS
HMDB0000929,RAMP_C_000218721,chebi,chebi:16828,QIVBCDIJIAJPQS-VIFPVBQESA-N,QIVBCDIJIAJPQS
HMDB0000929,RAMP_C_000218721,chebi,chebi:57912,QIVBCDIJIAJPQS-VIFPVBQESA-N,QIVBCDIJIAJPQS
HMDB0001218,RAMP_C_000000930,hmdb,hmdb:HMDB0001218,ZYGHJZDHTFUPRJ-UHFFFAOYSA-N,ZYGHJZDHTFUPRJ
HMDB0001218,RAMP_C_000000930,chebi,chebi:28794,ZYGHJZDHTFUPRJ-UHFFFAOYSA-N,ZYGHJZDHTFUPRJ
HMDB0062723,RAMP_C_000041972,hmdb,hmdb:HMDB0062723,MYVLYOJYVMLSFA-UHFFFAOYSA-N,MYVLYOJYVMLSFA
HMDB0062723,RAMP_C_000041972,chebi,chebi:16580,MYVLYOJYVMLSFA-UHFFFAOYSA-N,MYVLYOJYVMLSFA
HMDB0245190,RAMP_C_000160336,hmdb,hmdb:HMDB0245190,DGVVWUTYPXICAM-UHFFFAOYSA-N,DGVVWUTYPXICAM
HMDB0245190,RAMP_C_000160336,chebi,chebi:41218,DGVVWUTYPXICAM-UHFFFAOYSA-N,DGVVWUTYPXICAM
HMDB0002500,RAMP_C_000218558,chebi,chebi:47266,CPELXLSAUQHCOX-UHFFFAOYSA-N,CPELXLSAUQHCOX
HMDB0002500,RAMP_C_000218558,chebi,chebi:15858,CPELXLSAUQHCOX-UHFFFAOYSA-M,CPELXLSAUQHCOX
HMDB0002500,RAMP_C_000218558,hmdb,hmdb:HMDB0002500,CPELXLSAUQHCOX-UHFFFAOYSA-M,CPELXLSAUQHCOX
HMDB0062470,RAMP_C_000041802,hmdb,hmdb:HMDB0062470,DQEPMTIXHXSFOR-UHFFFAOYSA-N,DQEPMTIXHXSFOR
HMDB0062470,RAMP_C_000041802,chebi,chebi:30614,DQEPMTIXHXSFOR-UHFFFAOYSA-N,DQEPMTIXHXSFOR
HMDB0015531,RAMP_C_000273906,chebi,chebi:82664,XEEYBQQBJWHFJM-UHFFFAOYSA-N,XEEYBQQBJWHFJM
HMDB0015531,RAMP_C_000273906,chebi,chebi:18248,XEEYBQQBJWHFJM-UHFFFAOYSA-N,XEEYBQQBJWHFJM
HMDB0015531,RAMP_C_000273906,chebi,chebi:29034,VTLYFUHAOXGGBS-UHFFFAOYSA-N,VTLYFUHAOXGGBS
HMDB0015531,RAMP_C_000273906,hmdb,hmdb:HMDB0015531,VTLYFUHAOXGGBS-UHFFFAOYSA-N,VTLYFUHAOXGGBS
HMDB0000152,RAMP_C_000218740,chebi,chebi:58044,WXTMDXOMEHJXQO-UHFFFAOYSA-M,WXTMDXOMEHJXQO
HMDB0000152,RAMP_C_000218740,chebi,chebi:17189,WXTMDXOMEHJXQO-UHFFFAOYSA-N,WXTMDXOMEHJXQO
HMDB0000152,RAMP_C_000218740,hmdb,hmdb:HMDB0000152,WXTMDXOMEHJXQO-UHFFFAOYSA-N,WXTMDXOMEHJXQO
HMDB0001369,RAMP_C_000001039,hmdb,hmdb:HMDB0001369,WFOFKRKDDKGRIK-UHFFFAOYSA-N,WFOFKRKDDKGRIK
HMDB0001369,RAMP_C_000001039,hmdb,hmdb:HMDB0062585,WFOFKRKDDKGRIK-DMTCNVIQSA-N,WFOFKRKDDKGRIK
HMDB0001369,RAMP_C_000001039,chebi,chebi:27391,WFOFKRKDDKGRIK-UHFFFAOYSA-N,WFOFKRKDDKGRIK
HMDB0001369,RAMP_C_000001039,chebi,chebi:6151,WFOFKRKDDKGRIK-DMTCNVIQSA-N,WFOFKRKDDKGRIK
HMDB0001369,RAMP_C_000001039,chebi,chebi:37005,WFOFKRKDDKGRIK-IUYQGCFVSA-N,WFOFKRKDDKGRIK
HMDB0001369,RAMP_C_000001039,chebi,chebi:58509,WFOFKRKDDKGRIK-UHFFFAOYSA-M,WFOFKRKDDKGRIK
HMDB0001369,RAMP_C_000001039,chebi,chebi:62612,WFOFKRKDDKGRIK-DMTCNVIQSA-M,WFOFKRKDDKGRIK
HMDB0041872,RAMP_C_000009028,hmdb,hmdb:HMDB0014771,CUHVIMMYOGQXCV-NSHDSACASA-N,CUHVIMMYOGQXCV
HMDB0041872,RAMP_C_000009028,hmdb,hmdb:HMDB0041872,RHDJRPPFURBGLQ-UHFFFAOYSA-N,RHDJRPPFURBGLQ
HMDB0041872,RAMP_C_000009028,chebi,chebi:4466,CUHVIMMYOGQXCV-NSHDSACASA-N,CUHVIMMYOGQXCV
HMDB0000107,RAMP_C_000000069,hmdb,hmdb:HMDB0000107,FBPFZTCFMRRESA-GUCUJZIJSA-N,FBPFZTCFMRRESA
HMDB0000107,RAMP_C_000000069,chebi,chebi:16813,FBPFZTCFMRRESA-GUCUJZIJSA-N,FBPFZTCFMRRESA
HMDB0000209,RAMP_C_000000134,hmdb,hmdb:HMDB0000209,WLJVXDMOQOGPHL-UHFFFAOYSA-N,WLJVXDMOQOGPHL
HMDB0000209,RAMP_C_000000134,chebi,chebi:30745,WLJVXDMOQOGPHL-UHFFFAOYSA-N,WLJVXDMOQOGPHL
HMDB0000209,RAMP_C_000000134,chebi,chebi:18401,WLJVXDMOQOGPHL-UHFFFAOYSA-M,WLJVXDMOQOGPHL
HMDB0014901,RAMP_C_000009133,hmdb,hmdb:HMDB0014901,PMRYVIKBURPHAH-UHFFFAOYSA-N,PMRYVIKBURPHAH
HMDB0014901,RAMP_C_000009133,chebi,chebi:50673,PMRYVIKBURPHAH-UHFFFAOYSA-N,PMRYVIKBURPHAH
HMDB0001301,RAMP_C_000218153,hmdb,hmdb:HMDB0001301,DWAKNKKXGALPNW-BYPYZUCNSA-N,DWAKNKKXGALPNW
HMDB0001301,RAMP_C_000218153,chebi,chebi:17388,DWAKNKKXGALPNW-BYPYZUCNSA-M,DWAKNKKXGALPNW
HMDB0001301,RAMP_C_000218153,chebi,chebi:371,DWAKNKKXGALPNW-BYPYZUCNSA-N,DWAKNKKXGALPNW
HMDB0000214,RAMP_C_000218554,chebi,chebi:46911,AHLPHDHHMVZTML-BYPYZUCNSA-O,AHLPHDHHMVZTML
HMDB0000214,RAMP_C_000218554,chebi,chebi:15729,AHLPHDHHMVZTML-BYPYZUCNSA-N,AHLPHDHHMVZTML
HMDB0000214,RAMP_C_000218554,chebi,chebi:44667,AHLPHDHHMVZTML-BYPYZUCNSA-P,AHLPHDHHMVZTML
HMDB0000214,RAMP_C_000218554,hmdb,hmdb:HMDB0000214,AHLPHDHHMVZTML-BYPYZUCNSA-N,AHLPHDHHMVZTML
HMDB0000005,RAMP_C_000000003,hmdb,hmdb:HMDB0000005,TYEYBOSBBBHJIV-UHFFFAOYSA-N,TYEYBOSBBBHJIV
HMDB0000005,RAMP_C_000000003,chebi,chebi:30831,TYEYBOSBBBHJIV-UHFFFAOYSA-N,TYEYBOSBBBHJIV
HMDB0000005,RAMP_C_000000003,chebi,chebi:16763,TYEYBOSBBBHJIV-UHFFFAOYSA-M,TYEYBOSBBBHJIV
HMDB0000005,RAMP_C_000000003,lipidmaps,LIPIDMAPS:LMFA01060002,TYEYBOSBBBHJIV-UHFFFAOYSA-N,TYEYBOSBBBHJIV
HMDB0004058,RAMP_C_000002004,hmdb,hmdb:HMDB0004058,SGNZYJXNUURYCH-UHFFFAOYSA-N,SGNZYJXNUURYCH
HMDB0004058,RAMP_C_000002004,chebi,chebi:27404,SGNZYJXNUURYCH-UHFFFAOYSA-N,SGNZYJXNUURYCH
HMDB0002878,RAMP_C_000001696,hmdb,hmdb:HMDB0002878,NHNBFGGVMKEFGY-UHFFFAOYSA-N,NHNBFGGVMKEFGY
HMDB0002878,RAMP_C_000001696,chebi,chebi:17632,NHNBFGGVMKEFGY-UHFFFAOYSA-N,NHNBFGGVMKEFGY
HMDB0001451,RAMP_C_000262345,chebi,chebi:83088,AGBQKNBQESQNJD-SSDOTTSWSA-M,AGBQKNBQESQNJD
HMDB0001451,RAMP_C_000262345,chebi,chebi:43796,AGBQKNBQESQNJD-ZETCQYMHSA-N,AGBQKNBQESQNJD
HMDB0001451,RAMP_C_000262345,chebi,chebi:30314,AGBQKNBQESQNJD-SSDOTTSWSA-N,AGBQKNBQESQNJD
HMDB0001451,RAMP_C_000262345,hmdb,hmdb:HMDB0001451,AGBQKNBQESQNJD-SSDOTTSWSA-N,AGBQKNBQESQNJD
HMDB0001451,RAMP_C_000262345,hmdb,hmdb:HMDB0014312,AGBQKNBQESQNJD-ZETCQYMHSA-N,AGBQKNBQESQNJD
HMDB0001451,RAMP_C_000262345,lipidmaps,LIPIDMAPS:LMFA01130001,AGBQKNBQESQNJD-SSDOTTSWSA-N,AGBQKNBQESQNJD
HMDB0000939,RAMP_C_000218715,hmdb,hmdb:HMDB0000939,ZJUKTBDSGOFHSH-WFMPWKQPSA-N,ZJUKTBDSGOFHSH
HMDB0000939,RAMP_C_000218715,chebi,chebi:16680,ZJUKTBDSGOFHSH-WFMPWKQPSA-N,ZJUKTBDSGOFHSH
HMDB0000939,RAMP_C_000218715,chebi,chebi:57856,ZJUKTBDSGOFHSH-WFMPWKQPSA-N,ZJUKTBDSGOFHSH
HMDB0000574,RAMP_C_000218469,hmdb,hmdb:HMDB0000574,XUJNEKJLAYXESH-REOHCLBHSA-N,XUJNEKJLAYXESH
HMDB0000574,RAMP_C_000218469,chebi,chebi:17561,XUJNEKJLAYXESH-REOHCLBHSA-N,XUJNEKJLAYXESH
HMDB0000574,RAMP_C_000218469,chebi,chebi:35235,XUJNEKJLAYXESH-REOHCLBHSA-N,XUJNEKJLAYXESH
HMDB0000696,RAMP_C_000218711,hmdb,hmdb:HMDB0000696,FFEARJCKVFRZRR-BYPYZUCNSA-N,FFEARJCKVFRZRR
HMDB0000696,RAMP_C_000218711,chebi,chebi:16643,FFEARJCKVFRZRR-BYPYZUCNSA-N,FFEARJCKVFRZRR
HMDB0000696,RAMP_C_000218711,chebi,chebi:57844,FFEARJCKVFRZRR-BYPYZUCNSA-N,FFEARJCKVFRZRR
HMDB0002182,RAMP_C_000001446,hmdb,hmdb:HMDB0002182,SONNWYBIRXJNDC-VIFPVBQESA-N,SONNWYBIRXJNDC
HMDB0002182,RAMP_C_000001446,chebi,chebi:8093,SONNWYBIRXJNDC-VIFPVBQESA-N,SONNWYBIRXJNDC
HMDB0000079,RAMP_C_000000056,hmdb,hmdb:HMDB0000079,NBAKTGXDIBVZOO-VKHMYHEASA-N,NBAKTGXDIBVZOO
HMDB0000079,RAMP_C_000000056,hmdb,hmdb:HMDB0304210,NBAKTGXDIBVZOO-UHFFFAOYSA-N,NBAKTGXDIBVZOO
HMDB0000079,RAMP_C_000000056,chebi,chebi:27468,NBAKTGXDIBVZOO-UHFFFAOYSA-N,NBAKTGXDIBVZOO
HMDB0000012,RAMP_C_000000007,hmdb,hmdb:HMDB0000012,MXHRCPNRJAMMIM-SHYZEUOFSA-N,MXHRCPNRJAMMIM
HMDB0000012,RAMP_C_000000007,chebi,chebi:16450,MXHRCPNRJAMMIM-SHYZEUOFSA-N,MXHRCPNRJAMMIM
HMDB0000014,RAMP_C_000000008,hmdb,hmdb:HMDB0000014,CKTSBUTUHBMZGZ-SHYZEUOFSA-N,CKTSBUTUHBMZGZ
HMDB0000014,RAMP_C_000000008,chebi,chebi:15698,CKTSBUTUHBMZGZ-SHYZEUOFSA-N,CKTSBUTUHBMZGZ
HMDB0002031,RAMP_C_000001341,hmdb,hmdb:HMDB0002031,PHENTZNALBMCQD-VKHMYHEASA-N,PHENTZNALBMCQD
HMDB0002031,RAMP_C_000001341,hmdb,hmdb:HMDB0304156,PHENTZNALBMCQD-UHFFFAOYSA-N,PHENTZNALBMCQD
HMDB0002031,RAMP_C_000001341,chebi,chebi:1670,PHENTZNALBMCQD-UHFFFAOYSA-N,PHENTZNALBMCQD
HMDB0002031,RAMP_C_000001341,chebi,chebi:74414,PHENTZNALBMCQD-UHFFFAOYSA-M,PHENTZNALBMCQD
HMDB0000076,RAMP_C_000000053,hmdb,hmdb:HMDB0000076,OIVLITBTBDPEFK-UHFFFAOYSA-N,OIVLITBTBDPEFK
HMDB0000076,RAMP_C_000000053,chebi,chebi:15901,OIVLITBTBDPEFK-UHFFFAOYSA-N,OIVLITBTBDPEFK
HMDB0000128,RAMP_C_000219492,chebi,chebi:57742,BPMFZUMJYQTVII-UHFFFAOYSA-N,BPMFZUMJYQTVII
HMDB0000128,RAMP_C_000219492,chebi,chebi:16344,BPMFZUMJYQTVII-UHFFFAOYSA-N,BPMFZUMJYQTVII
HMDB0000128,RAMP_C_000219492,hmdb,hmdb:HMDB0000128,BPMFZUMJYQTVII-UHFFFAOYSA-N,BPMFZUMJYQTVII
HMDB0002329,RAMP_C_000001542,hmdb,hmdb:HMDB0002329,MUBZPKHOEPUJKR-UHFFFAOYSA-N,MUBZPKHOEPUJKR
HMDB0002329,RAMP_C_000001542,chebi,chebi:16995,MUBZPKHOEPUJKR-UHFFFAOYSA-N,MUBZPKHOEPUJKR
HMDB0002329,RAMP_C_000001542,chebi,chebi:30623,MUBZPKHOEPUJKR-UHFFFAOYSA-L,MUBZPKHOEPUJKR
HMDB0002329,RAMP_C_000001542,chebi,chebi:46904,MUBZPKHOEPUJKR-UHFFFAOYSA-M,MUBZPKHOEPUJKR
HMDB0001349,RAMP_C_000001023,hmdb,hmdb:HMDB0001349,MFSBVGSNNPNWMD-UHFFFAOYSA-N,MFSBVGSNNPNWMD
HMDB0001349,RAMP_C_000001023,chebi,chebi:27568,BUGBHKTXTAQXES-UHFFFAOYSA-N,BUGBHKTXTAQXES
HMDB0001349,RAMP_C_000001023,chebi,chebi:60871,MFSBVGSNNPNWMD-UHFFFAOYSA-N,MFSBVGSNNPNWMD
HMDB0000210,RAMP_C_000218339,chebi,chebi:29032,GHOKWGTUZJEAQD-ZETCQYMHSA-M,GHOKWGTUZJEAQD
HMDB0000210,RAMP_C_000218339,chebi,chebi:46905,GHOKWGTUZJEAQD-ZETCQYMHSA-N,GHOKWGTUZJEAQD
HMDB0000210,RAMP_C_000218339,hmdb,hmdb:HMDB0000210,GHOKWGTUZJEAQD-ZETCQYMHSA-N,GHOKWGTUZJEAQD
HMDB0000210,RAMP_C_000218339,lipidmaps,LIPIDMAPS:LMFA08020419,GHOKWGTUZJEAQD-ZETCQYMHSA-N,GHOKWGTUZJEAQD
HMDB0000125,RAMP_C_000000080,hmdb,hmdb:HMDB0000125,RWSXRVCMGQZWBV-WDSKDSINSA-N,RWSXRVCMGQZWBV
HMDB0000125,RAMP_C_000000080,chebi,chebi:16856,RWSXRVCMGQZWBV-WDSKDSINSA-N,RWSXRVCMGQZWBV
HMDB0000125,RAMP_C_000000080,chebi,chebi:57925,RWSXRVCMGQZWBV-WDSKDSINSA-M,RWSXRVCMGQZWBV
HMDB0000272,RAMP_C_000219437,chebi,chebi:57524,BZQFBWGGLXLEPQ-REOHCLBHSA-L,BZQFBWGGLXLEPQ
HMDB0000272,RAMP_C_000219437,chebi,chebi:15811,BZQFBWGGLXLEPQ-REOHCLBHSA-N,BZQFBWGGLXLEPQ
HMDB0000272,RAMP_C_000219437,chebi,chebi:37712,BZQFBWGGLXLEPQ-UHFFFAOYSA-N,BZQFBWGGLXLEPQ
HMDB0000272,RAMP_C_000219437,hmdb,hmdb:HMDB0000272,BZQFBWGGLXLEPQ-REOHCLBHSA-N,BZQFBWGGLXLEPQ
HMDB0000272,RAMP_C_000219437,hmdb,hmdb:HMDB0001721,BZQFBWGGLXLEPQ-UHFFFAOYSA-N,BZQFBWGGLXLEPQ
HMDB0001336,RAMP_C_000001011,hmdb,hmdb:HMDB0001336,CFFZDZCDUFSOFZ-UHFFFAOYSA-N,CFFZDZCDUFSOFZ
HMDB0001336,RAMP_C_000001011,chebi,chebi:41941,CFFZDZCDUFSOFZ-UHFFFAOYSA-N,CFFZDZCDUFSOFZ
HMDB0001336,RAMP_C_000001011,chebi,chebi:17612,CFFZDZCDUFSOFZ-UHFFFAOYSA-M,CFFZDZCDUFSOFZ
HMDB0000500,RAMP_C_000000376,hmdb,hmdb:HMDB0000500,FJKROLUGYXJWQN-UHFFFAOYSA-N,FJKROLUGYXJWQN
HMDB0000500,RAMP_C_000000376,hmdb,hmdb:HMDB0304180,FJKROLUGYXJWQN-UHFFFAOYSA-M,FJKROLUGYXJWQN
HMDB0000500,RAMP_C_000000376,chebi,chebi:30763,FJKROLUGYXJWQN-UHFFFAOYSA-N,FJKROLUGYXJWQN
HMDB0000500,RAMP_C_000000376,chebi,chebi:17879,FJKROLUGYXJWQN-UHFFFAOYSA-M,FJKROLUGYXJWQN
HMDB0002190,RAMP_C_000267904,chebi,chebi:131992,VBQNSZQZRAGRIX-QNEBEIHSSA-M,VBQNSZQZRAGRIX
HMDB0002190,RAMP_C_000267904,chebi,chebi:34450,VBQNSZQZRAGRIX-QNEBEIHSSA-N,VBQNSZQZRAGRIX
HMDB0002190,RAMP_C_000267904,hmdb,hmdb:HMDB0002190,VBQNSZQZRAGRIX-QNEBEIHSSA-N,VBQNSZQZRAGRIX
HMDB0002190,RAMP_C_000267904,lipidmaps,LIPIDMAPS:LMFA03080002,VBQNSZQZRAGRIX-QNEBEIHSSA-N,VBQNSZQZRAGRIX
HMDB0014397,RAMP_C_000008717,hmdb,hmdb:HMDB0014397,CXOFVDLJLONNDW-UHFFFAOYSA-N,CXOFVDLJLONNDW
HMDB0014397,RAMP_C_000008717,chebi,chebi:8107,CXOFVDLJLONNDW-UHFFFAOYSA-N,CXOFVDLJLONNDW
HMDB0000883,RAMP_C_000218704,chebi,chebi:57762,KZSNJWFQEVHDMF-BYPYZUCNSA-N,KZSNJWFQEVHDMF
HMDB0000883,RAMP_C_000218704,chebi,chebi:16414,KZSNJWFQEVHDMF-BYPYZUCNSA-N,KZSNJWFQEVHDMF
HMDB0000883,RAMP_C_000218704,hmdb,hmdb:HMDB0000883,KZSNJWFQEVHDMF-BYPYZUCNSA-N,KZSNJWFQEVHDMF
HMDB0001190,RAMP_C_000000909,hmdb,hmdb:HMDB0001190,WHOOUMGHGSPMGR-UHFFFAOYSA-N,WHOOUMGHGSPMGR
HMDB0001190,RAMP_C_000000909,chebi,chebi:18086,WHOOUMGHGSPMGR-UHFFFAOYSA-N,WHOOUMGHGSPMGR
HMDB0000303,RAMP_C_000262759,chebi,chebi:57887,APJYDQYYACXCRM-UHFFFAOYSA-O,APJYDQYYACXCRM
HMDB0000303,RAMP_C_000262759,chebi,chebi:16765,APJYDQYYACXCRM-UHFFFAOYSA-N,APJYDQYYACXCRM
HMDB0000303,RAMP_C_000262759,hmdb,hmdb:HMDB0000303,APJYDQYYACXCRM-UHFFFAOYSA-N,APJYDQYYACXCRM
HMDB0001414,RAMP_C_000001073,hmdb,hmdb:HMDB0001414,KIDHWZJUCRJVML-UHFFFAOYSA-N,KIDHWZJUCRJVML
HMDB0001414,RAMP_C_000001073,chebi,chebi:17148,KIDHWZJUCRJVML-UHFFFAOYSA-N,KIDHWZJUCRJVML
HMDB0001414,RAMP_C_000001073,chebi,chebi:326268,KIDHWZJUCRJVML-UHFFFAOYSA-P,KIDHWZJUCRJVML
HMDB0000687,RAMP_C_000000532,hmdb,hmdb:HMDB0000687,ROHFNLRQFUQHCH-YFKPBYRVSA-N,ROHFNLRQFUQHCH
HMDB0000687,RAMP_C_000000532,chebi,chebi:15603,ROHFNLRQFUQHCH-YFKPBYRVSA-N,ROHFNLRQFUQHCH
HMDB0000687,RAMP_C_000000532,chebi,chebi:57427,ROHFNLRQFUQHCH-YFKPBYRVSA-N,ROHFNLRQFUQHCH
HMDB0000996,RAMP_C_000000773,hmdb,hmdb:HMDB0000996,ADVPTQAUNPRNPO-REOHCLBHSA-N,ADVPTQAUNPRNPO
HMDB0000996,RAMP_C_000000773,chebi,chebi:16345,ADVPTQAUNPRNPO-REOHCLBHSA-N,ADVPTQAUNPRNPO
HMDB0000996,RAMP_C_000000773,chebi,chebi:61085,ADVPTQAUNPRNPO-REOHCLBHSA-M,ADVPTQAUNPRNPO
HMDB0001879,RAMP_C_000217886,chebi,chebi:13719,BSYNRYMUTXBXSQ-UHFFFAOYSA-M,BSYNRYMUTXBXSQ
HMDB0001879,RAMP_C_000217886,chebi,chebi:15365,BSYNRYMUTXBXSQ-UHFFFAOYSA-N,BSYNRYMUTXBXSQ
HMDB0001879,RAMP_C_000217886,hmdb,hmdb:HMDB0001879,BSYNRYMUTXBXSQ-UHFFFAOYSA-N,BSYNRYMUTXBXSQ
HMDB0000306,RAMP_C_000000209,hmdb,hmdb:HMDB0000306,DZGWFCGJZKJUFP-UHFFFAOYSA-N,DZGWFCGJZKJUFP
HMDB0000306,RAMP_C_000000209,chebi,chebi:15760,DZGWFCGJZKJUFP-UHFFFAOYSA-N,DZGWFCGJZKJUFP
HMDB0000306,RAMP_C_000000209,chebi,chebi:327995,DZGWFCGJZKJUFP-UHFFFAOYSA-O,DZGWFCGJZKJUFP
HMDB0000957,RAMP_C_000000749,hmdb,hmdb:HMDB0000957,YCIMNLLNPGFGHC-UHFFFAOYSA-N,YCIMNLLNPGFGHC
HMDB0000957,RAMP_C_000000749,chebi,chebi:18135,YCIMNLLNPGFGHC-UHFFFAOYSA-N,YCIMNLLNPGFGHC
HMDB0000022,RAMP_C_000271691,chebi,chebi:192089,DIVQKHQLANKJQO-UHFFFAOYSA-O,DIVQKHQLANKJQO
HMDB0000022,RAMP_C_000271691,chebi,chebi:1582,DIVQKHQLANKJQO-UHFFFAOYSA-N,DIVQKHQLANKJQO
HMDB0000022,RAMP_C_000271691,hmdb,hmdb:HMDB0000022,DIVQKHQLANKJQO-UHFFFAOYSA-N,DIVQKHQLANKJQO
HMDB0000038,RAMP_C_000000027,hmdb,hmdb:HMDB0000038,FEMXZDUTFRTWPE-DZSWIPIPSA-N,FEMXZDUTFRTWPE
HMDB0000038,RAMP_C_000000027,hmdb,hmdb:HMDB0247294,FEMXZDUTFRTWPE-UHFFFAOYSA-N,FEMXZDUTFRTWPE
HMDB0000038,RAMP_C_000000027,chebi,chebi:43029,FEMXZDUTFRTWPE-DZSWIPIPSA-N,FEMXZDUTFRTWPE
HMDB0000038,RAMP_C_000000027,chebi,chebi:64277,FEMXZDUTFRTWPE-UHFFFAOYSA-N,FEMXZDUTFRTWPE
HMDB0041832,RAMP_C_000022301,hmdb,hmdb:HMDB0041832,IKIIZLYTISPENI-UNJWAJPSSA-N,IKIIZLYTISPENI
HMDB0041832,RAMP_C_000022301,chebi,chebi:2981,IKIIZLYTISPENI-ZFORQUDYSA-N,IKIIZLYTISPENI
HMDB0041832,RAMP_C_000022301,chebi,chebi:61283,IKIIZLYTISPENI-ZFORQUDYSA-M,IKIIZLYTISPENI
HMDB0041832,RAMP_C_000022301,lipidmaps,LIPIDMAPS:LMPK12111081,IKIIZLYTISPENI-ZFORQUDYSA-N,IKIIZLYTISPENI
HMDB0001347,RAMP_C_000217836,chebi,chebi:128769,NUHSROFQTUXZQQ-UHFFFAOYSA-K,NUHSROFQTUXZQQ
HMDB0001347,RAMP_C_000217836,chebi,chebi:16584,NUHSROFQTUXZQQ-UHFFFAOYSA-N,NUHSROFQTUXZQQ
HMDB0001347,RAMP_C_000217836,hmdb,hmdb:HMDB0001347,NUHSROFQTUXZQQ-UHFFFAOYSA-N,NUHSROFQTUXZQQ
HMDB0001347,RAMP_C_000217836,lipidmaps,LIPIDMAPS:LMPR01010008,NUHSROFQTUXZQQ-UHFFFAOYSA-N,NUHSROFQTUXZQQ
HMDB0000657,RAMP_C_000000506,hmdb,hmdb:HMDB0000657,JPVYNHNXODAKFH-UHFFFAOYSA-N,JPVYNHNXODAKFH
HMDB0000657,RAMP_C_000000506,chebi,chebi:29036,JPVYNHNXODAKFH-UHFFFAOYSA-N,JPVYNHNXODAKFH
HMDB0000965,RAMP_C_000000756,hmdb,hmdb:HMDB0000965,VVIUBCNYACGLLV-UHFFFAOYSA-N,VVIUBCNYACGLLV
HMDB0000965,RAMP_C_000000756,chebi,chebi:16668,VVIUBCNYACGLLV-UHFFFAOYSA-N,VVIUBCNYACGLLV
HMDB0000965,RAMP_C_000000756,chebi,chebi:57853,VVIUBCNYACGLLV-UHFFFAOYSA-N,VVIUBCNYACGLLV
HMDB0001106,RAMP_C_000000849,hmdb,hmdb:HMDB0001106,PCXDJQZLDDHMGX-UHFFFAOYSA-N,PCXDJQZLDDHMGX
HMDB0001106,RAMP_C_000000849,hmdb,hmdb:HMDB0062210,PCXDJQZLDDHMGX-UHFFFAOYSA-O,PCXDJQZLDDHMGX
HMDB0001106,RAMP_C_000000849,chebi,chebi:18090,PCXDJQZLDDHMGX-UHFFFAOYSA-N,PCXDJQZLDDHMGX
HMDB0001106,RAMP_C_000000849,chebi,chebi:58374,PCXDJQZLDDHMGX-UHFFFAOYSA-O,PCXDJQZLDDHMGX
HMDB0060412,RAMP_C_000040363,hmdb,hmdb:HMDB0060412,UIJIQXGRFSPYQW-UHFFFAOYSA-N,UIJIQXGRFSPYQW
HMDB0060412,RAMP_C_000040363,chebi,chebi:28279,UIJIQXGRFSPYQW-UHFFFAOYSA-N,UIJIQXGRFSPYQW
HMDB0001892,RAMP_C_000001239,hmdb,hmdb:HMDB0001892,MJVAVZPDRWSRRC-UHFFFAOYSA-N,MJVAVZPDRWSRRC
HMDB0001892,RAMP_C_000001239,chebi,chebi:28869,MJVAVZPDRWSRRC-UHFFFAOYSA-N,MJVAVZPDRWSRRC
HMDB0001546,RAMP_C_000218746,chebi,chebi:58069,ZWIADYZPOWUWEW-XVFCMESISA-K,ZWIADYZPOWUWEW
HMDB0001546,RAMP_C_000218746,chebi,chebi:17239,ZWIADYZPOWUWEW-XVFCMESISA-N,ZWIADYZPOWUWEW
HMDB0001546,RAMP_C_000218746,hmdb,hmdb:HMDB0001546,ZWIADYZPOWUWEW-XVFCMESISA-N,ZWIADYZPOWUWEW
HMDB0014565,RAMP_C_000008853,hmdb,hmdb:HMDB0014565,LXMSZDCAJNLERA-ZHYRCANASA-N,LXMSZDCAJNLERA
HMDB0014565,RAMP_C_000008853,chebi,chebi:9241,LXMSZDCAJNLERA-ZHYRCANASA-N,LXMSZDCAJNLERA
HMDB0013674,RAMP_C_000008482,hmdb,hmdb:HMDB0013674,WQGWDDDVZFFDIG-UHFFFAOYSA-N,WQGWDDDVZFFDIG
HMDB0013674,RAMP_C_000008482,chebi,chebi:16164,WQGWDDDVZFFDIG-UHFFFAOYSA-N,WQGWDDDVZFFDIG
HMDB0001351,RAMP_C_000001024,hmdb,hmdb:HMDB0001351,KBDKAJNTYKVSEK-PYHARJCCSA-N,KBDKAJNTYKVSEK
HMDB0001351,RAMP_C_000001024,chebi,chebi:28542,KBDKAJNTYKVSEK-PYHARJCCSA-N,KBDKAJNTYKVSEK
HMDB0001351,RAMP_C_000001024,chebi,chebi:58576,KBDKAJNTYKVSEK-PYHARJCCSA-L,KBDKAJNTYKVSEK
HMDB0000026,RAMP_C_000217833,chebi,chebi:11892,JSJWCHRYRHKBBW-UHFFFAOYSA-M,JSJWCHRYRHKBBW
HMDB0000026,RAMP_C_000217833,chebi,chebi:18261,JSJWCHRYRHKBBW-UHFFFAOYSA-N,JSJWCHRYRHKBBW
HMDB0000026,RAMP_C_000217833,hmdb,hmdb:HMDB0000026,JSJWCHRYRHKBBW-UHFFFAOYSA-N,JSJWCHRYRHKBBW
HMDB0001050,RAMP_C_000000810,hmdb,hmdb:HMDB0001050,QWPPOHNGKGFGJK-UHFFFAOYSA-N,QWPPOHNGKGFGJK
HMDB0001050,RAMP_C_000000810,chebi,chebi:24757,QWPPOHNGKGFGJK-UHFFFAOYSA-N,QWPPOHNGKGFGJK
HMDB0000870,RAMP_C_000000678,hmdb,hmdb:HMDB0000870,NTYJJOPFIAHURM-UHFFFAOYSA-N,NTYJJOPFIAHURM
HMDB0000870,RAMP_C_000000678,chebi,chebi:18295,NTYJJOPFIAHURM-UHFFFAOYSA-N,NTYJJOPFIAHURM
HMDB0000870,RAMP_C_000000678,chebi,chebi:58432,NTYJJOPFIAHURM-UHFFFAOYSA-O,NTYJJOPFIAHURM
HMDB0000202,RAMP_C_000220800,chebi,chebi:17453,ZIYVHBGGAOATLY-UHFFFAOYSA-L,ZIYVHBGGAOATLY
HMDB0000202,RAMP_C_000220800,chebi,chebi:30860,ZIYVHBGGAOATLY-UHFFFAOYSA-N,ZIYVHBGGAOATLY
HMDB0000202,RAMP_C_000220800,hmdb,hmdb:HMDB0000202,ZIYVHBGGAOATLY-UHFFFAOYSA-N,ZIYVHBGGAOATLY
HMDB0000202,RAMP_C_000220800,lipidmaps,LIPIDMAPS:LMFA01170118,ZIYVHBGGAOATLY-UHFFFAOYSA-N,ZIYVHBGGAOATLY
HMDB0000187,RAMP_C_000218440,chebi,chebi:33384,MTCFGRXMJLQNBG-REOHCLBHSA-N,MTCFGRXMJLQNBG
HMDB0000187,RAMP_C_000218440,chebi,chebi:17115,MTCFGRXMJLQNBG-REOHCLBHSA-N,MTCFGRXMJLQNBG
HMDB0000187,RAMP_C_000218440,chebi,chebi:17822,MTCFGRXMJLQNBG-UHFFFAOYSA-N,MTCFGRXMJLQNBG
HMDB0000187,RAMP_C_000218440,hmdb,hmdb:HMDB0000187,MTCFGRXMJLQNBG-REOHCLBHSA-N,MTCFGRXMJLQNBG
HMDB0000187,RAMP_C_000218440,lipidmaps,LIPIDMAPS:LMFA01100045,MTCFGRXMJLQNBG-UHFFFAOYSA-N,MTCFGRXMJLQNBG
HMDB0001263,RAMP_C_000218779,chebi,chebi:58321,GFXYTQPNNXGICT-YFKPBYRVSA-N,GFXYTQPNNXGICT
HMDB0001263,RAMP_C_000218779,chebi,chebi:57988,GFXYTQPNNXGICT-UHFFFAOYSA-N,GFXYTQPNNXGICT
HMDB0001263,RAMP_C_000218779,chebi,chebi:17027,GFXYTQPNNXGICT-UHFFFAOYSA-N,GFXYTQPNNXGICT
HMDB0001263,RAMP_C_000218779,chebi,chebi:17917,GFXYTQPNNXGICT-YFKPBYRVSA-N,GFXYTQPNNXGICT
HMDB0001263,RAMP_C_000218779,hmdb,hmdb:HMDB0001263,GFXYTQPNNXGICT-YFKPBYRVSA-N,GFXYTQPNNXGICT
HMDB0001263,RAMP_C_000218779,hmdb,hmdb:HMDB0303320,GFXYTQPNNXGICT-UHFFFAOYSA-N,GFXYTQPNNXGICT
HMDB0000158,RAMP_C_000218778,hmdb,hmdb:HMDB0000158,OUYCCCASQSFEME-QMMMGPOBSA-N,OUYCCCASQSFEME
HMDB0000158,RAMP_C_000218778,chebi,chebi:17895,OUYCCCASQSFEME-QMMMGPOBSA-N,OUYCCCASQSFEME
HMDB0000158,RAMP_C_000218778,chebi,chebi:58315,OUYCCCASQSFEME-QMMMGPOBSA-N,OUYCCCASQSFEME
HMDB0000216,RAMP_C_000219112,chebi,chebi:72587,SFLSHLFXELFNJZ-QMMMGPOBSA-O,SFLSHLFXELFNJZ
HMDB0000216,RAMP_C_000219112,chebi,chebi:18357,SFLSHLFXELFNJZ-QMMMGPOBSA-N,SFLSHLFXELFNJZ
HMDB0000216,RAMP_C_000219112,chebi,chebi:33569,SFLSHLFXELFNJZ-UHFFFAOYSA-N,SFLSHLFXELFNJZ
HMDB0000216,RAMP_C_000219112,hmdb,hmdb:HMDB0000216,SFLSHLFXELFNJZ-QMMMGPOBSA-N,SFLSHLFXELFNJZ
HMDB0000134,RAMP_C_000218394,hmdb,hmdb:HMDB0000134,VZCYOOQTPOCHFL-OWOJBTEDSA-N,VZCYOOQTPOCHFL
HMDB0000134,RAMP_C_000218394,chebi,chebi:18012,VZCYOOQTPOCHFL-OWOJBTEDSA-N,VZCYOOQTPOCHFL
HMDB0000134,RAMP_C_000218394,chebi,chebi:29806,VZCYOOQTPOCHFL-OWOJBTEDSA-L,VZCYOOQTPOCHFL
HMDB0000182,RAMP_C_000000117,hmdb,hmdb:HMDB0000182,KDXKERNSBIXSRK-YFKPBYRVSA-N,KDXKERNSBIXSRK
HMDB0000182,RAMP_C_000000117,chebi,chebi:18019,KDXKERNSBIXSRK-YFKPBYRVSA-N,KDXKERNSBIXSRK
HMDB0000182,RAMP_C_000000117,chebi,chebi:32551,KDXKERNSBIXSRK-YFKPBYRVSA-O,KDXKERNSBIXSRK
HMDB0000182,RAMP_C_000000117,chebi,chebi:133538,KDXKERNSBIXSRK-YFKPBYRVSA-N,KDXKERNSBIXSRK
HMDB0003791,RAMP_C_000001936,hmdb,hmdb:HMDB0003791,IADQVXRMSNIUEL-UHFFFAOYSA-N,IADQVXRMSNIUEL
HMDB0003791,RAMP_C_000001936,chebi,chebi:27978,IADQVXRMSNIUEL-UHFFFAOYSA-N,IADQVXRMSNIUEL
HMDB0000130,RAMP_C_000218061,chebi,chebi:16169,IGMNYECMUMZDDF-UHFFFAOYSA-M,IGMNYECMUMZDDF
HMDB0000130,RAMP_C_000218061,chebi,chebi:44747,IGMNYECMUMZDDF-UHFFFAOYSA-N,IGMNYECMUMZDDF
HMDB0000130,RAMP_C_000218061,hmdb,hmdb:HMDB0000130,IGMNYECMUMZDDF-UHFFFAOYSA-N,IGMNYECMUMZDDF
HMDB0000243,RAMP_C_000218028,hmdb,hmdb:HMDB0000243,LCTONWCANYUPML-UHFFFAOYSA-N,LCTONWCANYUPML
HMDB0000243,RAMP_C_000218028,chebi,chebi:15361,LCTONWCANYUPML-UHFFFAOYSA-M,LCTONWCANYUPML
HMDB0000243,RAMP_C_000218028,chebi,chebi:32816,LCTONWCANYUPML-UHFFFAOYSA-N,LCTONWCANYUPML
HMDB0000243,RAMP_C_000218028,lipidmaps,LIPIDMAPS:LMFA01060077,LCTONWCANYUPML-UHFFFAOYSA-N,LCTONWCANYUPML
HMDB0000256,RAMP_C_000000174,hmdb,hmdb:HMDB0000256,YYGNTYWPHWGJRM-AAJYLUCBSA-N,YYGNTYWPHWGJRM
HMDB0000256,RAMP_C_000000174,chebi,chebi:15440,YYGNTYWPHWGJRM-AAJYLUCBSA-N,YYGNTYWPHWGJRM
HMDB0000256,RAMP_C_000000174,lipidmaps,LIPIDMAPS:LMPR0106010002,YYGNTYWPHWGJRM-AAJYLUCBSA-N,YYGNTYWPHWGJRM
HMDB0001302,RAMP_C_000000987,hmdb,hmdb:HMDB0001302,MMVYPOCJESWGTC-UHFFFAOYSA-N,MMVYPOCJESWGTC
HMDB0001302,RAMP_C_000000987,chebi,chebi:28685,ZOKXTWBITQBERF-UHFFFAOYSA-N,ZOKXTWBITQBERF
HMDB0002273,RAMP_C_000220761,chebi,chebi:6331,HBDWQSHEVMSFGY-STHAYSLISA-M,HBDWQSHEVMSFGY
HMDB0002273,RAMP_C_000220761,chebi,chebi:32812,HBDWQSHEVMSFGY-SCQFTWEKSA-M,HBDWQSHEVMSFGY
HMDB0002273,RAMP_C_000220761,chebi,chebi:16338,HBDWQSHEVMSFGY-SCQFTWEKSA-L,HBDWQSHEVMSFGY
HMDB0002273,RAMP_C_000220761,chebi,chebi:32811,HBDWQSHEVMSFGY-SCQFTWEKSA-N,HBDWQSHEVMSFGY
HMDB0002273,RAMP_C_000220761,chebi,chebi:21285,HBDWQSHEVMSFGY-STHAYSLISA-N,HBDWQSHEVMSFGY
HMDB0002273,RAMP_C_000220761,hmdb,hmdb:HMDB0002273,HBDWQSHEVMSFGY-STHAYSLISA-N,HBDWQSHEVMSFGY
HMDB0002273,RAMP_C_000220761,hmdb,hmdb:HMDB0062752,HBDWQSHEVMSFGY-UHFFFAOYSA-N,HBDWQSHEVMSFGY
HMDB0006254,RAMP_C_000268285,chebi,chebi:134178,KGUMXGDKXYTTEY-FRCNGJHJSA-M,KGUMXGDKXYTTEY
HMDB0006254,RAMP_C_000268285,chebi,chebi:63795,KGUMXGDKXYTTEY-FRCNGJHJSA-N,KGUMXGDKXYTTEY
HMDB0006254,RAMP_C_000268285,hmdb,hmdb:HMDB0006254,KGUMXGDKXYTTEY-FRCNGJHJSA-N,KGUMXGDKXYTTEY
HMDB0006254,RAMP_C_000268285,lipidmaps,LIPIDMAPS:LMPR01090025,KGUMXGDKXYTTEY-FRCNGJHJSA-N,KGUMXGDKXYTTEY
HMDB0000250,RAMP_C_000220596,chebi,chebi:45212,XPPKVPWEQAFLFU-UHFFFAOYSA-L,XPPKVPWEQAFLFU
HMDB0000250,RAMP_C_000220596,chebi,chebi:33019,XPPKVPWEQAFLFU-UHFFFAOYSA-K,XPPKVPWEQAFLFU
HMDB0000250,RAMP_C_000220596,chebi,chebi:18361,XPPKVPWEQAFLFU-UHFFFAOYSA-J,XPPKVPWEQAFLFU
HMDB0000250,RAMP_C_000220596,chebi,chebi:29888,XPPKVPWEQAFLFU-UHFFFAOYSA-N,XPPKVPWEQAFLFU
HMDB0000250,RAMP_C_000220596,hmdb,hmdb:HMDB0000250,XPPKVPWEQAFLFU-UHFFFAOYSA-N,XPPKVPWEQAFLFU
HMDB0000250,RAMP_C_000220596,hmdb,hmdb:HMDB0304340,XPPKVPWEQAFLFU-UHFFFAOYSA-J,XPPKVPWEQAFLFU
HMDB0000289,RAMP_C_000000194,hmdb,hmdb:HMDB0000289,LEHOTFFKMJEONL-UHFFFAOYSA-N,LEHOTFFKMJEONL
HMDB0000289,RAMP_C_000000194,chebi,chebi:17775,LEHOTFFKMJEONL-UHFFFAOYSA-N,LEHOTFFKMJEONL
HMDB0000067,RAMP_C_000000047,hmdb,hmdb:HMDB0000067,HVYWMOMLDIMFJA-DPAQBDIFSA-N,HVYWMOMLDIMFJA
HMDB0000067,RAMP_C_000000047,chebi,chebi:16113,HVYWMOMLDIMFJA-DPAQBDIFSA-N,HVYWMOMLDIMFJA
HMDB0000067,RAMP_C_000000047,lipidmaps,LIPIDMAPS:LMST01010001,HVYWMOMLDIMFJA-DPAQBDIFSA-N,HVYWMOMLDIMFJA
HMDB0000067,RAMP_C_000000047,lipidmaps,LIPIDMAPS:LMST01010093,HVYWMOMLDIMFJA-IFAPJKRJSA-N,HVYWMOMLDIMFJA
HMDB0000017,RAMP_C_000000011,hmdb,hmdb:HMDB0000017,HXACOUQIXZGNBF-UHFFFAOYSA-N,HXACOUQIXZGNBF
HMDB0000017,RAMP_C_000000011,chebi,chebi:17405,HXACOUQIXZGNBF-UHFFFAOYSA-N,HXACOUQIXZGNBF
HMDB0000017,RAMP_C_000000011,chebi,chebi:30959,HXACOUQIXZGNBF-UHFFFAOYSA-M,HXACOUQIXZGNBF
