task_id,method_a,method_b,jaccard,n_a,n_b,from_seeds
compound_only_enrich_mammalian_RAMP_P_000000421_seed2,ramp,ramp,1.0,9,9,42
compound_only_enrich_mammalian_lm_pathway_WP167_seed5,ramp,ramp,1.0,10,10,42
compound_only_enrich_mammalian_RAMP_P_000000398_seed5,ramp,ramp,1.0,9,9,"42,40"
compound_only_enrich_mammalian_RAMP_P_000000141_seed8,ramp,ramp,1.0,9,9,42
compound_only_enrich_mammalian_RAMP_P_000050021_seed9,ramp,ramp,1.0,10,10,42
compound_only_enrich_mammalian_RAMP_P_000000398_seed8,ramp,ramp,1.0,9,9,"42,40"
compound_only_enrich_mammalian_RAMP_P_000000016_seed1,ramp,ramp,1.0,8,8,"42,41,40"
compound_only_enrich_mammalian_RAMP_P_000050099_seed6,ramp,ramp,1.0,10,10,"42,40"
compound_only_enrich_mammalian_RAMP_P_000050021_seed3,ramp,ramp,1.0,10,10,"42,41,40"
compound_only_enrich_mammalian_RAMP_P_000050021_seed6,ramp,ramp,1.0,10,10,"42,41"
compound_only_enrich_mammalian_lm_pathway_WP167_seed2,ramp,ramp,1.0,10,10,41
compound_only_enrich_mammalian_lm_pathway_WP167_seed9,ramp,ramp,1.0,10,10,41
compound_only_enrich_mammalian_RAMP_P_000000141_seed0,ramp,ramp,1.0,9,9,41
compound_only_enrich_mammalian_RAMP_P_000000141_seed1,ramp,ramp,1.0,9,9,41
compound_only_enrich_mammalian_RAMP_P_000000106_seed8,ramp,ramp,1.0,10,10,41
compound_only_enrich_mammalian_RAMP_P_000050021_seed2,ramp,ramp,1.0,10,10,41
compound_only_enrich_mammalian_RAMP_P_000053306_seed7,ramp,ramp,1.0,9,9,41
compound_only_enrich_mammalian_lm_pathway_WP167_seed4,ramp,ramp,1.0,10,10,40
compound_only_enrich_mammalian_lm_pathway_WP167_seed1,ramp,ramp,1.0,10,10,40
compound_only_enrich_mammalian_RAMP_P_000050096_seed6,ramp,ramp,1.0,10,10,40
compound_only_enrich_mammalian_RAMP_P_000000141_seed5,ramp,ramp,1.0,9,9,40
compound_only_enrich_mammalian_RAMP_P_000050021_seed1,ramp,ramp,1.0,10,10,40
compound_only_enrich_mammalian_RAMP_P_000000421_seed2,ramp,sspa,0.05555555555555555,9,10,42
compound_only_enrich_mammalian_lm_pathway_WP167_seed5,ramp,sspa,0.0,10,10,42
compound_only_enrich_mammalian_RAMP_P_000000398_seed5,ramp,sspa,0.2,9,9,"42,40"
compound_only_enrich_mammalian_RAMP_P_000000141_seed8,ramp,sspa,0.11764705882352941,9,10,42
compound_only_enrich_mammalian_RAMP_P_000050021_seed9,ramp,sspa,0.25,10,10,42
compound_only_enrich_mammalian_RAMP_P_000000398_seed8,ramp,sspa,0.11764705882352941,9,10,"42,40"
compound_only_enrich_mammalian_RAMP_P_000000016_seed1,ramp,sspa,0.058823529411764705,8,10,"42,41,40"
compound_only_enrich_mammalian_RAMP_P_000050099_seed6,ramp,sspa,0.17647058823529413,10,10,"42,40"
compound_only_enrich_mammalian_RAMP_P_000050021_seed3,ramp,sspa,0.05555555555555555,10,9,"42,41,40"
compound_only_enrich_mammalian_RAMP_P_000050021_seed6,ramp,sspa,0.17647058823529413,10,10,"42,41"
compound_only_enrich_mammalian_lm_pathway_WP167_seed2,ramp,sspa,0.0,10,10,41
compound_only_enrich_mammalian_lm_pathway_WP167_seed9,ramp,sspa,0.0,10,10,41
compound_only_enrich_mammalian_RAMP_P_000000141_seed0,ramp,sspa,0.11764705882352941,9,10,41
compound_only_enrich_mammalian_RAMP_P_000000141_seed1,ramp,sspa,0.11764705882352941,9,10,41
compound_only_enrich_mammalian_RAMP_P_000000106_seed8,ramp,sspa,0.0,10,9,41
compound_only_enrich_mammalian_RAMP_P_000050021_seed2,ramp,sspa,0.3333333333333333,10,10,41
compound_only_enrich_mammalian_RAMP_P_000053306_seed7,ramp,sspa,0.2,9,9,41
compound_only_enrich_mammalian_lm_pathway_WP167_seed4,ramp,sspa,0.0,10,10,40
compound_only_enrich_mammalian_lm_pathway_WP167_seed1,ramp,sspa,0.0,10,10,40
compound_only_enrich_mammalian_RAMP_P_000050096_seed6,ramp,sspa,0.05263157894736842,10,10,40
compound_only_enrich_mammalian_RAMP_P_000000141_seed5,ramp,sspa,0.11764705882352941,9,10,40
compound_only_enrich_mammalian_RAMP_P_000050021_seed1,ramp,sspa,0.05263157894736842,10,10,40
compound_only_enrich_mammalian_RAMP_P_000000421_seed2,ramp,mummichog,0.0,9,10,42
compound_only_enrich_mammalian_lm_pathway_WP167_seed5,ramp,mummichog,0.0,10,10,42
compound_only_enrich_mammalian_RAMP_P_000000398_seed5,ramp,mummichog,0.05555555555555555,9,10,"42,40"
compound_only_enrich_mammalian_RAMP_P_000000141_seed8,ramp,mummichog,0.05555555555555555,9,10,42
compound_only_enrich_mammalian_RAMP_P_000050021_seed9,ramp,mummichog,0.0,10,10,42
compound_only_enrich_mammalian_RAMP_P_000000398_seed8,ramp,mummichog,0.05555555555555555,9,10,"42,40"
compound_only_enrich_mammalian_RAMP_P_000000016_seed1,ramp,mummichog,0.0,8,10,"42,41,40"
compound_only_enrich_mammalian_RAMP_P_000050099_seed6,ramp,mummichog,0.05263157894736842,10,10,"42,40"
compound_only_enrich_mammalian_RAMP_P_000050021_seed3,ramp,mummichog,0.0,10,10,"42,41,40"
compound_only_enrich_mammalian_RAMP_P_000050021_seed6,ramp,mummichog,0.0,10,10,"42,41"
compound_only_enrich_mammalian_lm_pathway_WP167_seed2,ramp,mummichog,0.0,10,10,41
compound_only_enrich_mammalian_lm_pathway_WP167_seed9,ramp,mummichog,0.0,10,10,41
compound_only_enrich_mammalian_RAMP_P_000000141_seed0,ramp,mummichog,0.05555555555555555,9,10,41
compound_only_enrich_mammalian_RAMP_P_000000141_seed1,ramp,mummichog,0.05555555555555555,9,10,41
compound_only_enrich_mammalian_RAMP_P_000000106_seed8,ramp,mummichog,0.05263157894736842,10,10,41
compound_only_enrich_mammalian_RAMP_P_000050021_seed2,ramp,mummichog,0.0,10,10,41
compound_only_enrich_mammalian_RAMP_P_000053306_seed7,ramp,mummichog,0.05555555555555555,9,10,41
compound_only_enrich_mammalian_lm_pathway_WP167_seed4,ramp,mummichog,0.0,10,10,40
compound_only_enrich_mammalian_lm_pathway_WP167_seed1,ramp,mummichog,0.0,10,10,40
compound_only_enrich_mammalian_RAMP_P_000050096_seed6,ramp,mummichog,0.05263157894736842,10,10,40
compound_only_enrich_mammalian_RAMP_P_000000141_seed5,ramp,mummichog,0.05555555555555555,9,10,40
compound_only_enrich_mammalian_RAMP_P_000050021_seed1,ramp,mummichog,0.0,10,10,40
compound_only_enrich_mammalian_RAMP_P_000000421_seed2,sspa,ramp,0.05555555555555555,10,9,42
compound_only_enrich_mammalian_lm_pathway_WP167_seed5,sspa,ramp,0.0,10,10,42
compound_only_enrich_mammalian_RAMP_P_000000398_seed5,sspa,ramp,0.2,9,9,"42,40"
compound_only_enrich_mammalian_RAMP_P_000000141_seed8,sspa,ramp,0.11764705882352941,10,9,42
compound_only_enrich_mammalian_RAMP_P_000050021_seed9,sspa,ramp,0.25,10,10,42
compound_only_enrich_mammalian_RAMP_P_000000398_seed8,sspa,ramp,0.11764705882352941,10,9,"42,40"
compound_only_enrich_mammalian_RAMP_P_000000016_seed1,sspa,ramp,0.058823529411764705,10,8,"42,41,40"
compound_only_enrich_mammalian_RAMP_P_000050099_seed6,sspa,ramp,0.17647058823529413,10,10,"42,40"
compound_only_enrich_mammalian_RAMP_P_000050021_seed3,sspa,ramp,0.05555555555555555,9,10,"42,41,40"
compound_only_enrich_mammalian_RAMP_P_000050021_seed6,sspa,ramp,0.17647058823529413,10,10,"42,41"
compound_only_enrich_mammalian_lm_pathway_WP167_seed2,sspa,ramp,0.0,10,10,41
compound_only_enrich_mammalian_lm_pathway_WP167_seed9,sspa,ramp,0.0,10,10,41
compound_only_enrich_mammalian_RAMP_P_000000141_seed0,sspa,ramp,0.11764705882352941,10,9,41
compound_only_enrich_mammalian_RAMP_P_000000141_seed1,sspa,ramp,0.11764705882352941,10,9,41
compound_only_enrich_mammalian_RAMP_P_000000106_seed8,sspa,ramp,0.0,9,10,41
compound_only_enrich_mammalian_RAMP_P_000050021_seed2,sspa,ramp,0.3333333333333333,10,10,41
compound_only_enrich_mammalian_RAMP_P_000053306_seed7,sspa,ramp,0.2,9,9,41
compound_only_enrich_mammalian_lm_pathway_WP167_seed4,sspa,ramp,0.0,10,10,40
compound_only_enrich_mammalian_lm_pathway_WP167_seed1,sspa,ramp,0.0,10,10,40
compound_only_enrich_mammalian_RAMP_P_000050096_seed6,sspa,ramp,0.05263157894736842,10,10,40
compound_only_enrich_mammalian_RAMP_P_000000141_seed5,sspa,ramp,0.11764705882352941,10,9,40
compound_only_enrich_mammalian_RAMP_P_000050021_seed1,sspa,ramp,0.05263157894736842,10,10,40
compound_only_enrich_mammalian_RAMP_P_000000421_seed2,sspa,sspa,1.0,10,10,42
compound_only_enrich_mammalian_lm_pathway_WP167_seed5,sspa,sspa,1.0,10,10,42
compound_only_enrich_mammalian_RAMP_P_000000398_seed5,sspa,sspa,1.0,9,9,"42,40"
compound_only_enrich_mammalian_RAMP_P_000000141_seed8,sspa,sspa,1.0,10,10,42
compound_only_enrich_mammalian_RAMP_P_000050021_seed9,sspa,sspa,1.0,10,10,42
compound_only_enrich_mammalian_RAMP_P_000000398_seed8,sspa,sspa,1.0,10,10,"42,40"
compound_only_enrich_mammalian_RAMP_P_000000016_seed1,sspa,sspa,1.0,10,10,"42,41,40"
compound_only_enrich_mammalian_RAMP_P_000050099_seed6,sspa,sspa,1.0,10,10,"42,40"
compound_only_enrich_mammalian_RAMP_P_000050021_seed3,sspa,sspa,1.0,9,9,"42,41,40"
compound_only_enrich_mammalian_RAMP_P_000050021_seed6,sspa,sspa,1.0,10,10,"42,41"
compound_only_enrich_mammalian_lm_pathway_WP167_seed2,sspa,sspa,1.0,10,10,41
compound_only_enrich_mammalian_lm_pathway_WP167_seed9,sspa,sspa,1.0,10,10,41
compound_only_enrich_mammalian_RAMP_P_000000141_seed0,sspa,sspa,1.0,10,10,41
compound_only_enrich_mammalian_RAMP_P_000000141_seed1,sspa,sspa,1.0,10,10,41
compound_only_enrich_mammalian_RAMP_P_000000106_seed8,sspa,sspa,1.0,9,9,41
compound_only_enrich_mammalian_RAMP_P_000050021_seed2,sspa,sspa,1.0,10,10,41
compound_only_enrich_mammalian_RAMP_P_000053306_seed7,sspa,sspa,1.0,9,9,41
compound_only_enrich_mammalian_lm_pathway_WP167_seed4,sspa,sspa,1.0,10,10,40
compound_only_enrich_mammalian_lm_pathway_WP167_seed1,sspa,sspa,1.0,10,10,40
compound_only_enrich_mammalian_RAMP_P_000050096_seed6,sspa,sspa,1.0,10,10,40
compound_only_enrich_mammalian_RAMP_P_000000141_seed5,sspa,sspa,1.0,10,10,40
compound_only_enrich_mammalian_RAMP_P_000050021_seed1,sspa,sspa,1.0,10,10,40
compound_only_enrich_mammalian_RAMP_P_000000421_seed2,sspa,mummichog,0.0,10,10,42
compound_only_enrich_mammalian_lm_pathway_WP167_seed5,sspa,mummichog,0.05263157894736842,10,10,42
compound_only_enrich_mammalian_RAMP_P_000000398_seed5,sspa,mummichog,0.0,9,10,"42,40"
compound_only_enrich_mammalian_RAMP_P_000000141_seed8,sspa,mummichog,0.0,10,10,42
compound_only_enrich_mammalian_RAMP_P_000050021_seed9,sspa,mummichog,0.0,10,10,42
compound_only_enrich_mammalian_RAMP_P_000000398_seed8,sspa,mummichog,0.0,10,10,"42,40"
compound_only_enrich_mammalian_RAMP_P_000000016_seed1,sspa,mummichog,0.0,10,10,"42,41,40"
compound_only_enrich_mammalian_RAMP_P_000050099_seed6,sspa,mummichog,0.0,10,10,"42,40"
compound_only_enrich_mammalian_RAMP_P_000050021_seed3,sspa,mummichog,0.0,9,10,"42,41,40"
compound_only_enrich_mammalian_RAMP_P_000050021_seed6,sspa,mummichog,0.0,10,10,"42,41"
compound_only_enrich_mammalian_lm_pathway_WP167_seed2,sspa,mummichog,0.05263157894736842,10,10,41
compound_only_enrich_mammalian_lm_pathway_WP167_seed9,sspa,mummichog,0.05263157894736842,10,10,41
compound_only_enrich_mammalian_RAMP_P_000000141_seed0,sspa,mummichog,0.0,10,10,41
compound_only_enrich_mammalian_RAMP_P_000000141_seed1,sspa,mummichog,0.0,10,10,41
compound_only_enrich_mammalian_RAMP_P_000000106_seed8,sspa,mummichog,0.0,9,10,41
compound_only_enrich_mammalian_RAMP_P_000050021_seed2,sspa,mummichog,0.0,10,10,41
compound_only_enrich_mammalian_RAMP_P_000053306_seed7,sspa,mummichog,0.0,9,10,41
compound_only_enrich_mammalian_lm_pathway_WP167_seed4,sspa,mummichog,0.05263157894736842,10,10,40
compound_only_enrich_mammalian_lm_pathway_WP167_seed1,sspa,mummichog,0.05263157894736842,10,10,40
compound_only_enrich_mammalian_RAMP_P_000050096_seed6,sspa,mummichog,0.0,10,10,40
compound_only_enrich_mammalian_RAMP_P_000000141_seed5,sspa,mummichog,0.0,10,10,40
compound_only_enrich_mammalian_RAMP_P_000050021_seed1,sspa,mummichog,0.0,10,10,40
compound_only_enrich_mammalian_RAMP_P_000000421_seed2,mummichog,ramp,0.0,10,9,42
compound_only_enrich_mammalian_lm_pathway_WP167_seed5,mummichog,ramp,0.0,10,10,42
compound_only_enrich_mammalian_RAMP_P_000000398_seed5,mummichog,ramp,0.05555555555555555,10,9,"42,40"
compound_only_enrich_mammalian_RAMP_P_000000141_seed8,mummichog,ramp,0.05555555555555555,10,9,42
compound_only_enrich_mammalian_RAMP_P_000050021_seed9,mummichog,ramp,0.0,10,10,42
compound_only_enrich_mammalian_RAMP_P_000000398_seed8,mummichog,ramp,0.05555555555555555,10,9,"42,40"
compound_only_enrich_mammalian_RAMP_P_000000016_seed1,mummichog,ramp,0.0,10,8,"42,41,40"
compound_only_enrich_mammalian_RAMP_P_000050099_seed6,mummichog,ramp,0.05263157894736842,10,10,"42,40"
compound_only_enrich_mammalian_RAMP_P_000050021_seed3,mummichog,ramp,0.0,10,10,"42,41,40"
compound_only_enrich_mammalian_RAMP_P_000050021_seed6,mummichog,ramp,0.0,10,10,"42,41"
compound_only_enrich_mammalian_lm_pathway_WP167_seed2,mummichog,ramp,0.0,10,10,41
compound_only_enrich_mammalian_lm_pathway_WP167_seed9,mummichog,ramp,0.0,10,10,41
compound_only_enrich_mammalian_RAMP_P_000000141_seed0,mummichog,ramp,0.05555555555555555,10,9,41
compound_only_enrich_mammalian_RAMP_P_000000141_seed1,mummichog,ramp,0.05555555555555555,10,9,41
compound_only_enrich_mammalian_RAMP_P_000000106_seed8,mummichog,ramp,0.05263157894736842,10,10,41
compound_only_enrich_mammalian_RAMP_P_000050021_seed2,mummichog,ramp,0.0,10,10,41
compound_only_enrich_mammalian_RAMP_P_000053306_seed7,mummichog,ramp,0.05555555555555555,10,9,41
compound_only_enrich_mammalian_lm_pathway_WP167_seed4,mummichog,ramp,0.0,10,10,40
compound_only_enrich_mammalian_lm_pathway_WP167_seed1,mummichog,ramp,0.0,10,10,40
compound_only_enrich_mammalian_RAMP_P_000050096_seed6,mummichog,ramp,0.05263157894736842,10,10,40
compound_only_enrich_mammalian_RAMP_P_000000141_seed5,mummichog,ramp,0.05555555555555555,10,9,40
compound_only_enrich_mammalian_RAMP_P_000050021_seed1,mummichog,ramp,0.0,10,10,40
compound_only_enrich_mammalian_RAMP_P_000000421_seed2,mummichog,sspa,0.0,10,10,42
compound_only_enrich_mammalian_lm_pathway_WP167_seed5,mummichog,sspa,0.05263157894736842,10,10,42
compound_only_enrich_mammalian_RAMP_P_000000398_seed5,mummichog,sspa,0.0,10,9,"42,40"
compound_only_enrich_mammalian_RAMP_P_000000141_seed8,mummichog,sspa,0.0,10,10,42
compound_only_enrich_mammalian_RAMP_P_000050021_seed9,mummichog,sspa,0.0,10,10,42
compound_only_enrich_mammalian_RAMP_P_000000398_seed8,mummichog,sspa,0.0,10,10,"42,40"
compound_only_enrich_mammalian_RAMP_P_000000016_seed1,mummichog,sspa,0.0,10,10,"42,41,40"
compound_only_enrich_mammalian_RAMP_P_000050099_seed6,mummichog,sspa,0.0,10,10,"42,40"
compound_only_enrich_mammalian_RAMP_P_000050021_seed3,mummichog,sspa,0.0,10,9,"42,41,40"
compound_only_enrich_mammalian_RAMP_P_000050021_seed6,mummichog,sspa,0.0,10,10,"42,41"
compound_only_enrich_mammalian_lm_pathway_WP167_seed2,mummichog,sspa,0.05263157894736842,10,10,41
compound_only_enrich_mammalian_lm_pathway_WP167_seed9,mummichog,sspa,0.05263157894736842,10,10,41
compound_only_enrich_mammalian_RAMP_P_000000141_seed0,mummichog,sspa,0.0,10,10,41
compound_only_enrich_mammalian_RAMP_P_000000141_seed1,mummichog,sspa,0.0,10,10,41
compound_only_enrich_mammalian_RAMP_P_000000106_seed8,mummichog,sspa,0.0,10,9,41
compound_only_enrich_mammalian_RAMP_P_000050021_seed2,mummichog,sspa,0.0,10,10,41
compound_only_enrich_mammalian_RAMP_P_000053306_seed7,mummichog,sspa,0.0,10,9,41
compound_only_enrich_mammalian_lm_pathway_WP167_seed4,mummichog,sspa,0.05263157894736842,10,10,40
compound_only_enrich_mammalian_lm_pathway_WP167_seed1,mummichog,sspa,0.05263157894736842,10,10,40
compound_only_enrich_mammalian_RAMP_P_000050096_seed6,mummichog,sspa,0.0,10,10,40
compound_only_enrich_mammalian_RAMP_P_000000141_seed5,mummichog,sspa,0.0,10,10,40
compound_only_enrich_mammalian_RAMP_P_000050021_seed1,mummichog,sspa,0.0,10,10,40
compound_only_enrich_mammalian_RAMP_P_000000421_seed2,mummichog,mummichog,1.0,10,10,42
compound_only_enrich_mammalian_lm_pathway_WP167_seed5,mummichog,mummichog,1.0,10,10,42
compound_only_enrich_mammalian_RAMP_P_000000398_seed5,mummichog,mummichog,1.0,10,10,"42,40"
compound_only_enrich_mammalian_RAMP_P_000000141_seed8,mummichog,mummichog,1.0,10,10,42
compound_only_enrich_mammalian_RAMP_P_000050021_seed9,mummichog,mummichog,1.0,10,10,42
compound_only_enrich_mammalian_RAMP_P_000000398_seed8,mummichog,mummichog,1.0,10,10,"42,40"
compound_only_enrich_mammalian_RAMP_P_000000016_seed1,mummichog,mummichog,1.0,10,10,"42,41,40"
compound_only_enrich_mammalian_RAMP_P_000050099_seed6,mummichog,mummichog,1.0,10,10,"42,40"
compound_only_enrich_mammalian_RAMP_P_000050021_seed3,mummichog,mummichog,1.0,10,10,"42,41,40"
compound_only_enrich_mammalian_RAMP_P_000050021_seed6,mummichog,mummichog,1.0,10,10,"42,41"
compound_only_enrich_mammalian_lm_pathway_WP167_seed2,mummichog,mummichog,1.0,10,10,41
compound_only_enrich_mammalian_lm_pathway_WP167_seed9,mummichog,mummichog,1.0,10,10,41
compound_only_enrich_mammalian_RAMP_P_000000141_seed0,mummichog,mummichog,1.0,10,10,41
compound_only_enrich_mammalian_RAMP_P_000000141_seed1,mummichog,mummichog,1.0,10,10,41
compound_only_enrich_mammalian_RAMP_P_000000106_seed8,mummichog,mummichog,1.0,10,10,41
compound_only_enrich_mammalian_RAMP_P_000050021_seed2,mummichog,mummichog,1.0,10,10,41
compound_only_enrich_mammalian_RAMP_P_000053306_seed7,mummichog,mummichog,1.0,10,10,41
compound_only_enrich_mammalian_lm_pathway_WP167_seed4,mummichog,mummichog,1.0,10,10,40
compound_only_enrich_mammalian_lm_pathway_WP167_seed1,mummichog,mummichog,1.0,10,10,40
compound_only_enrich_mammalian_RAMP_P_000050096_seed6,mummichog,mummichog,1.0,10,10,40
compound_only_enrich_mammalian_RAMP_P_000000141_seed5,mummichog,mummichog,1.0,10,10,40
compound_only_enrich_mammalian_RAMP_P_000050021_seed1,mummichog,mummichog,1.0,10,10,40
