gt_pathway,C1,C2,C3,C4,C5,C6,C7,C8,C9,UNCLASSIFIED,TOTAL
Androgen and Estrogen Metabolism,11,0,39,3,22,8,47,2,9,0,141
Biological oxidations,11,0,44,4,37,7,34,5,23,0,165
Celecoxib Action Pathway,0,0,7,0,2,0,5,0,0,0,14
Eicosanoid synthesis,18,2,64,15,59,5,36,1,14,0,214
Galactose Metabolism,13,8,52,5,16,2,24,0,11,0,131
"Glycine, serine and threonine metabolism",4,0,27,0,41,12,22,0,25,1,132
Metabolism of amino acids and derivatives,0,0,7,1,4,0,7,0,6,1,26
Pyrimidine catabolism,3,2,3,0,0,0,6,0,2,0,16
Pyrimidine metabolism,2,1,8,1,8,0,11,0,3,0,34
Steroid biosynthesis,0,0,0,0,3,0,0,0,1,0,4
Sulfatase and aromatase pathway,7,0,10,0,0,0,0,1,2,0,20
Tryptophan metabolism,11,1,38,2,15,0,3,0,26,2,98
Tyrosine metabolism,10,12,21,3,13,0,31,0,17,0,107
