task_id,phase,iter_idx,total_claims,quality_unsupported_plus_contradicted,supported,unsupported,contradicted,unverifiable_v0
compound_only_enrich_mammalian_RAMP_P_000000016_seed1,before_feedback_iter0,0,52,4,20,3,1,28
compound_only_enrich_mammalian_RAMP_P_000000016_seed1,after_feedback_final,2,25,3,7,2,1,15
compound_only_enrich_mammalian_RAMP_P_000000016_seed1,after_feedback_final_rescored_verdict_json,2,31,4,13,3,1,14
compound_only_enrich_mammalian_RAMP_P_000000016_seed2,before_feedback_iter0,0,45,3,12,2,1,30
compound_only_enrich_mammalian_RAMP_P_000000016_seed2,after_feedback_final,1,36,0,14,0,0,22
compound_only_enrich_mammalian_RAMP_P_000000016_seed2,after_feedback_final_rescored_verdict_json,1,35,1,16,0,1,18
compound_only_enrich_mammalian_RAMP_P_000000016_seed4,before_feedback_iter0,0,55,4,22,4,0,29
compound_only_enrich_mammalian_RAMP_P_000000016_seed4,after_feedback_final,2,53,0,26,0,0,27
compound_only_enrich_mammalian_RAMP_P_000000016_seed4,after_feedback_final_rescored_verdict_json,2,48,1,27,1,0,20
compound_only_enrich_mammalian_RAMP_P_000000016_seed6,before_feedback_iter0,0,49,12,5,10,2,32
compound_only_enrich_mammalian_RAMP_P_000000016_seed6,after_feedback_final,2,27,1,8,1,0,18
compound_only_enrich_mammalian_RAMP_P_000000016_seed6,after_feedback_final_rescored_verdict_json,2,21,1,8,0,1,12
compound_only_enrich_mammalian_RAMP_P_000000016_seed7,before_feedback_iter0,0,75,11,16,9,2,48
compound_only_enrich_mammalian_RAMP_P_000000016_seed7,after_feedback_final,2,65,8,21,6,2,36
compound_only_enrich_mammalian_RAMP_P_000000016_seed7,after_feedback_final_rescored_verdict_json,2,73,7,26,6,1,40
compound_only_enrich_mammalian_RAMP_P_000000016_seed9,before_feedback_iter0,0,42,2,20,2,0,20
compound_only_enrich_mammalian_RAMP_P_000000016_seed9,after_feedback_final,0,42,2,20,2,0,20
compound_only_enrich_mammalian_RAMP_P_000000016_seed9,after_feedback_final_rescored_verdict_json,0,52,4,29,4,0,19
compound_only_enrich_mammalian_RAMP_P_000000106_seed0,before_feedback_iter0,0,57,6,17,2,4,34
compound_only_enrich_mammalian_RAMP_P_000000106_seed0,after_feedback_final,2,31,3,10,2,1,18
compound_only_enrich_mammalian_RAMP_P_000000106_seed0,after_feedback_final_rescored_verdict_json,2,27,2,9,2,0,16
compound_only_enrich_mammalian_RAMP_P_000000106_seed2,before_feedback_iter0,0,58,10,26,1,9,22
compound_only_enrich_mammalian_RAMP_P_000000106_seed2,after_feedback_final,1,52,2,29,1,1,21
compound_only_enrich_mammalian_RAMP_P_000000106_seed2,after_feedback_final_rescored_verdict_json,1,31,1,18,0,1,12
compound_only_enrich_mammalian_RAMP_P_000000106_seed3,before_feedback_iter0,0,47,2,19,2,0,26
compound_only_enrich_mammalian_RAMP_P_000000106_seed3,after_feedback_final,2,38,1,20,1,0,17
compound_only_enrich_mammalian_RAMP_P_000000106_seed3,after_feedback_final_rescored_verdict_json,2,38,2,9,1,1,27
compound_only_enrich_mammalian_RAMP_P_000000106_seed8,before_feedback_iter0,0,62,10,12,7,3,40
compound_only_enrich_mammalian_RAMP_P_000000106_seed8,after_feedback_final,1,40,2,11,2,0,27
compound_only_enrich_mammalian_RAMP_P_000000106_seed8,after_feedback_final_rescored_verdict_json,1,44,3,18,3,0,23
compound_only_enrich_mammalian_RAMP_P_000000141_seed0,before_feedback_iter0,0,50,4,21,4,0,25
compound_only_enrich_mammalian_RAMP_P_000000141_seed0,after_feedback_final,1,45,1,17,1,0,27
compound_only_enrich_mammalian_RAMP_P_000000141_seed0,after_feedback_final_rescored_verdict_json,1,59,3,25,2,1,31
compound_only_enrich_mammalian_RAMP_P_000000141_seed1,before_feedback_iter0,0,47,3,12,3,0,32
compound_only_enrich_mammalian_RAMP_P_000000141_seed1,after_feedback_final,0,47,3,12,3,0,32
compound_only_enrich_mammalian_RAMP_P_000000141_seed1,after_feedback_final_rescored_verdict_json,0,41,5,13,3,2,23
compound_only_enrich_mammalian_RAMP_P_000000141_seed2,before_feedback_iter0,0,35,6,8,4,2,21
compound_only_enrich_mammalian_RAMP_P_000000141_seed2,after_feedback_final,0,35,6,8,4,2,21
compound_only_enrich_mammalian_RAMP_P_000000141_seed2,after_feedback_final_rescored_verdict_json,0,38,5,11,5,0,22
compound_only_enrich_mammalian_RAMP_P_000000141_seed3,before_feedback_iter0,0,46,4,8,3,1,34
compound_only_enrich_mammalian_RAMP_P_000000141_seed3,after_feedback_final,2,39,2,9,1,1,28
compound_only_enrich_mammalian_RAMP_P_000000141_seed3,after_feedback_final_rescored_verdict_json,2,36,1,12,1,0,23
compound_only_enrich_mammalian_RAMP_P_000000141_seed4,before_feedback_iter0,0,45,5,6,5,0,34
compound_only_enrich_mammalian_RAMP_P_000000141_seed4,after_feedback_final,2,36,1,9,1,0,26
compound_only_enrich_mammalian_RAMP_P_000000141_seed4,after_feedback_final_rescored_verdict_json,2,49,1,9,1,0,39
compound_only_enrich_mammalian_RAMP_P_000000141_seed5,before_feedback_iter0,0,40,6,11,5,1,23
compound_only_enrich_mammalian_RAMP_P_000000141_seed5,after_feedback_final,2,36,3,13,1,2,20
compound_only_enrich_mammalian_RAMP_P_000000141_seed5,after_feedback_final_rescored_verdict_json,2,35,4,11,2,2,20
compound_only_enrich_mammalian_RAMP_P_000000141_seed6,before_feedback_iter0,0,55,13,19,13,0,23
compound_only_enrich_mammalian_RAMP_P_000000141_seed6,after_feedback_final,1,58,5,25,4,1,28
compound_only_enrich_mammalian_RAMP_P_000000141_seed6,after_feedback_final_rescored_verdict_json,1,48,4,27,4,0,17
compound_only_enrich_mammalian_RAMP_P_000000141_seed7,before_feedback_iter0,0,63,6,10,6,0,47
compound_only_enrich_mammalian_RAMP_P_000000141_seed7,after_feedback_final,2,41,1,12,1,0,28
compound_only_enrich_mammalian_RAMP_P_000000141_seed7,after_feedback_final_rescored_verdict_json,2,40,2,11,0,2,27
compound_only_enrich_mammalian_RAMP_P_000000141_seed8,before_feedback_iter0,0,36,0,18,0,0,18
compound_only_enrich_mammalian_RAMP_P_000000141_seed8,after_feedback_final,0,36,0,18,0,0,18
compound_only_enrich_mammalian_RAMP_P_000000141_seed8,after_feedback_final_rescored_verdict_json,0,33,1,16,0,1,16
compound_only_enrich_mammalian_RAMP_P_000000398_seed0,before_feedback_iter0,0,47,9,8,9,0,30
compound_only_enrich_mammalian_RAMP_P_000000398_seed0,after_feedback_final,1,26,6,3,4,2,17
compound_only_enrich_mammalian_RAMP_P_000000398_seed0,after_feedback_final_rescored_verdict_json,1,44,5,10,4,1,29
compound_only_enrich_mammalian_RAMP_P_000000398_seed1,before_feedback_iter0,0,47,6,12,6,0,29
compound_only_enrich_mammalian_RAMP_P_000000398_seed1,after_feedback_final,1,41,1,11,1,0,29
compound_only_enrich_mammalian_RAMP_P_000000398_seed1,after_feedback_final_rescored_verdict_json,1,42,3,10,2,1,29
compound_only_enrich_mammalian_RAMP_P_000000398_seed2,before_feedback_iter0,0,33,2,9,1,1,22
compound_only_enrich_mammalian_RAMP_P_000000398_seed2,after_feedback_final,2,43,0,15,0,0,28
compound_only_enrich_mammalian_RAMP_P_000000398_seed2,after_feedback_final_rescored_verdict_json,2,37,0,13,0,0,24
compound_only_enrich_mammalian_RAMP_P_000000398_seed3,before_feedback_iter0,0,48,3,18,2,1,27
compound_only_enrich_mammalian_RAMP_P_000000398_seed3,after_feedback_final,2,54,1,19,0,1,34
compound_only_enrich_mammalian_RAMP_P_000000398_seed3,after_feedback_final_rescored_verdict_json,2,42,0,13,0,0,29
compound_only_enrich_mammalian_RAMP_P_000000398_seed4,before_feedback_iter0,0,41,5,9,5,0,27
compound_only_enrich_mammalian_RAMP_P_000000398_seed4,after_feedback_final,2,33,2,12,1,1,19
compound_only_enrich_mammalian_RAMP_P_000000398_seed4,after_feedback_final_rescored_verdict_json,2,29,2,9,1,1,18
compound_only_enrich_mammalian_RAMP_P_000000398_seed5,before_feedback_iter0,0,52,3,15,1,2,34
compound_only_enrich_mammalian_RAMP_P_000000398_seed5,after_feedback_final,2,43,2,12,2,0,29
compound_only_enrich_mammalian_RAMP_P_000000398_seed5,after_feedback_final_rescored_verdict_json,2,45,1,16,1,0,28
compound_only_enrich_mammalian_RAMP_P_000000398_seed6,before_feedback_iter0,0,62,8,17,6,2,37
compound_only_enrich_mammalian_RAMP_P_000000398_seed6,after_feedback_final,2,49,1,21,1,0,27
compound_only_enrich_mammalian_RAMP_P_000000398_seed6,after_feedback_final_rescored_verdict_json,2,40,2,18,1,1,20
compound_only_enrich_mammalian_RAMP_P_000000398_seed7,before_feedback_iter0,0,57,1,20,0,1,36
compound_only_enrich_mammalian_RAMP_P_000000398_seed7,after_feedback_final,0,57,1,20,0,1,36
compound_only_enrich_mammalian_RAMP_P_000000398_seed7,after_feedback_final_rescored_verdict_json,0,63,2,22,0,2,39
compound_only_enrich_mammalian_RAMP_P_000000398_seed8,before_feedback_iter0,0,49,7,19,6,1,23
compound_only_enrich_mammalian_RAMP_P_000000398_seed8,after_feedback_final,2,41,7,11,6,1,23
compound_only_enrich_mammalian_RAMP_P_000000398_seed8,after_feedback_final_rescored_verdict_json,2,25,4,3,4,0,18
compound_only_enrich_mammalian_RAMP_P_000000398_seed9,before_feedback_iter0,0,47,4,19,2,2,24
compound_only_enrich_mammalian_RAMP_P_000000398_seed9,after_feedback_final,1,52,3,17,3,0,32
compound_only_enrich_mammalian_RAMP_P_000000398_seed9,after_feedback_final_rescored_verdict_json,1,41,4,14,4,0,23
compound_only_enrich_mammalian_RAMP_P_000000421_seed1,before_feedback_iter0,0,36,6,7,4,2,23
compound_only_enrich_mammalian_RAMP_P_000000421_seed1,after_feedback_final,2,48,2,15,2,0,31
compound_only_enrich_mammalian_RAMP_P_000000421_seed1,after_feedback_final_rescored_verdict_json,2,37,3,9,3,0,25
compound_only_enrich_mammalian_RAMP_P_000000421_seed2,before_feedback_iter0,0,44,4,13,4,0,27
compound_only_enrich_mammalian_RAMP_P_000000421_seed2,after_feedback_final,2,28,0,13,0,0,15
compound_only_enrich_mammalian_RAMP_P_000000421_seed2,after_feedback_final_rescored_verdict_json,2,29,0,13,0,0,16
compound_only_enrich_mammalian_RAMP_P_000000421_seed3,before_feedback_iter0,0,49,8,7,5,3,34
compound_only_enrich_mammalian_RAMP_P_000000421_seed3,after_feedback_final,0,49,8,7,5,3,34
compound_only_enrich_mammalian_RAMP_P_000000421_seed3,after_feedback_final_rescored_verdict_json,0,45,5,15,5,0,25
compound_only_enrich_mammalian_RAMP_P_000000421_seed4,before_feedback_iter0,0,38,3,12,3,0,23
compound_only_enrich_mammalian_RAMP_P_000000421_seed4,after_feedback_final,2,37,2,11,2,0,24
compound_only_enrich_mammalian_RAMP_P_000000421_seed4,after_feedback_final_rescored_verdict_json,2,28,2,6,2,0,20
compound_only_enrich_mammalian_RAMP_P_000000421_seed5,before_feedback_iter0,0,67,2,22,2,0,43
compound_only_enrich_mammalian_RAMP_P_000000421_seed5,after_feedback_final,2,62,0,21,0,0,41
compound_only_enrich_mammalian_RAMP_P_000000421_seed5,after_feedback_final_rescored_verdict_json,2,94,1,31,0,1,62
compound_only_enrich_mammalian_RAMP_P_000000421_seed6,before_feedback_iter0,0,50,4,12,3,1,34
compound_only_enrich_mammalian_RAMP_P_000000421_seed6,after_feedback_final,0,50,4,12,3,1,34
compound_only_enrich_mammalian_RAMP_P_000000421_seed6,after_feedback_final_rescored_verdict_json,0,50,4,12,3,1,34
compound_only_enrich_mammalian_RAMP_P_000000421_seed8,before_feedback_iter0,0,51,4,13,3,1,34
compound_only_enrich_mammalian_RAMP_P_000000421_seed8,after_feedback_final,1,58,2,15,2,0,41
compound_only_enrich_mammalian_RAMP_P_000000421_seed8,after_feedback_final_rescored_verdict_json,1,53,2,9,1,1,42
compound_only_enrich_mammalian_RAMP_P_000025682_seed2,before_feedback_iter0,0,58,14,7,12,2,37
compound_only_enrich_mammalian_RAMP_P_000025682_seed2,after_feedback_final,2,51,3,17,2,1,31
compound_only_enrich_mammalian_RAMP_P_000025682_seed2,after_feedback_final_rescored_verdict_json,2,53,5,13,3,2,35
compound_only_enrich_mammalian_RAMP_P_000050021_seed0,before_feedback_iter0,0,44,2,8,2,0,34
compound_only_enrich_mammalian_RAMP_P_000050021_seed0,after_feedback_final,0,44,2,8,2,0,34
compound_only_enrich_mammalian_RAMP_P_000050021_seed0,after_feedback_final_rescored_verdict_json,0,44,2,7,2,0,35
compound_only_enrich_mammalian_RAMP_P_000050021_seed1,before_feedback_iter0,0,51,6,2,5,1,43
compound_only_enrich_mammalian_RAMP_P_000050021_seed1,after_feedback_final,0,51,6,2,5,1,43
compound_only_enrich_mammalian_RAMP_P_000050021_seed1,after_feedback_final_rescored_verdict_json,0,60,9,4,8,1,47
compound_only_enrich_mammalian_RAMP_P_000050021_seed2,before_feedback_iter0,0,67,10,16,4,6,41
compound_only_enrich_mammalian_RAMP_P_000050021_seed2,after_feedback_final,1,61,3,17,3,0,41
compound_only_enrich_mammalian_RAMP_P_000050021_seed2,after_feedback_final_rescored_verdict_json,1,63,5,24,5,0,34
compound_only_enrich_mammalian_RAMP_P_000050021_seed3,before_feedback_iter0,0,61,1,12,1,0,48
compound_only_enrich_mammalian_RAMP_P_000050021_seed3,after_feedback_final,0,61,1,12,1,0,48
compound_only_enrich_mammalian_RAMP_P_000050021_seed3,after_feedback_final_rescored_verdict_json,0,61,0,17,0,0,44
compound_only_enrich_mammalian_RAMP_P_000050021_seed4,before_feedback_iter0,0,55,3,11,2,1,41
compound_only_enrich_mammalian_RAMP_P_000050021_seed4,after_feedback_final,1,52,2,14,1,1,36
compound_only_enrich_mammalian_RAMP_P_000050021_seed4,after_feedback_final_rescored_verdict_json,1,55,2,13,1,1,40
compound_only_enrich_mammalian_RAMP_P_000050021_seed5,before_feedback_iter0,0,58,7,10,6,1,41
compound_only_enrich_mammalian_RAMP_P_000050021_seed5,after_feedback_final,2,30,0,9,0,0,21
compound_only_enrich_mammalian_RAMP_P_000050021_seed5,after_feedback_final_rescored_verdict_json,2,41,0,12,0,0,29
compound_only_enrich_mammalian_RAMP_P_000050021_seed6,before_feedback_iter0,0,70,5,12,3,2,53
compound_only_enrich_mammalian_RAMP_P_000050021_seed6,after_feedback_final,0,70,5,12,3,2,53
compound_only_enrich_mammalian_RAMP_P_000050021_seed6,after_feedback_final_rescored_verdict_json,0,74,12,8,10,2,54
compound_only_enrich_mammalian_RAMP_P_000050021_seed7,before_feedback_iter0,0,50,4,23,3,1,23
compound_only_enrich_mammalian_RAMP_P_000050021_seed7,after_feedback_final,0,50,4,23,3,1,23
compound_only_enrich_mammalian_RAMP_P_000050021_seed7,after_feedback_final_rescored_verdict_json,0,81,9,22,8,1,50
compound_only_enrich_mammalian_RAMP_P_000050021_seed8,before_feedback_iter0,0,49,6,11,6,0,32
compound_only_enrich_mammalian_RAMP_P_000050021_seed8,after_feedback_final,2,45,0,15,0,0,30
compound_only_enrich_mammalian_RAMP_P_000050021_seed8,after_feedback_final_rescored_verdict_json,2,33,0,16,0,0,17
compound_only_enrich_mammalian_RAMP_P_000050021_seed9,before_feedback_iter0,0,39,3,7,3,0,29
compound_only_enrich_mammalian_RAMP_P_000050021_seed9,after_feedback_final,1,42,0,10,0,0,32
compound_only_enrich_mammalian_RAMP_P_000050021_seed9,after_feedback_final_rescored_verdict_json,1,39,0,11,0,0,28
compound_only_enrich_mammalian_RAMP_P_000050096_seed6,before_feedback_iter0,0,43,7,8,4,3,28
compound_only_enrich_mammalian_RAMP_P_000050096_seed6,after_feedback_final,2,37,1,14,1,0,22
compound_only_enrich_mammalian_RAMP_P_000050096_seed6,after_feedback_final_rescored_verdict_json,2,34,1,12,1,0,21
compound_only_enrich_mammalian_RAMP_P_000050099_seed6,before_feedback_iter0,0,43,6,16,4,2,21
compound_only_enrich_mammalian_RAMP_P_000050099_seed6,after_feedback_final,1,28,5,10,3,2,13
compound_only_enrich_mammalian_RAMP_P_000050099_seed6,after_feedback_final_rescored_verdict_json,1,31,5,8,3,2,18
compound_only_enrich_mammalian_RAMP_P_000052855_seed0,before_feedback_iter0,0,41,2,24,1,1,15
compound_only_enrich_mammalian_RAMP_P_000052855_seed0,after_feedback_final,2,58,2,23,1,1,33
compound_only_enrich_mammalian_RAMP_P_000052855_seed0,after_feedback_final_rescored_verdict_json,2,60,3,21,2,1,36
compound_only_enrich_mammalian_RAMP_P_000053042_seed9,before_feedback_iter0,0,40,5,5,5,0,30
compound_only_enrich_mammalian_RAMP_P_000053042_seed9,after_feedback_final,2,46,2,12,1,1,32
compound_only_enrich_mammalian_RAMP_P_000053042_seed9,after_feedback_final_rescored_verdict_json,2,36,4,11,4,0,21
compound_only_enrich_mammalian_RAMP_P_000053306_seed1,before_feedback_iter0,0,49,5,12,4,1,32
compound_only_enrich_mammalian_RAMP_P_000053306_seed1,after_feedback_final,1,36,1,11,1,0,24
compound_only_enrich_mammalian_RAMP_P_000053306_seed1,after_feedback_final_rescored_verdict_json,1,56,7,18,5,2,31
compound_only_enrich_mammalian_RAMP_P_000053306_seed7,before_feedback_iter0,0,35,5,6,5,0,24
compound_only_enrich_mammalian_RAMP_P_000053306_seed7,after_feedback_final,2,24,4,5,4,0,15
compound_only_enrich_mammalian_RAMP_P_000053306_seed7,after_feedback_final_rescored_verdict_json,2,20,4,12,4,0,4
compound_only_enrich_mammalian_lm_pathway_WP167_seed0,before_feedback_iter0,0,52,8,10,7,1,34
compound_only_enrich_mammalian_lm_pathway_WP167_seed0,after_feedback_final,0,52,8,10,7,1,34
compound_only_enrich_mammalian_lm_pathway_WP167_seed0,after_feedback_final_rescored_verdict_json,0,55,7,7,7,0,41
compound_only_enrich_mammalian_lm_pathway_WP167_seed1,before_feedback_iter0,0,48,9,6,5,4,33
compound_only_enrich_mammalian_lm_pathway_WP167_seed1,after_feedback_final,2,45,2,10,1,1,33
compound_only_enrich_mammalian_lm_pathway_WP167_seed1,after_feedback_final_rescored_verdict_json,2,48,5,13,1,4,30
compound_only_enrich_mammalian_lm_pathway_WP167_seed2,before_feedback_iter0,0,54,8,7,7,1,39
compound_only_enrich_mammalian_lm_pathway_WP167_seed2,after_feedback_final,2,68,2,11,0,2,55
compound_only_enrich_mammalian_lm_pathway_WP167_seed2,after_feedback_final_rescored_verdict_json,2,47,0,11,0,0,36
compound_only_enrich_mammalian_lm_pathway_WP167_seed3,before_feedback_iter0,0,48,2,12,2,0,34
compound_only_enrich_mammalian_lm_pathway_WP167_seed3,after_feedback_final,1,46,0,7,0,0,39
compound_only_enrich_mammalian_lm_pathway_WP167_seed3,after_feedback_final_rescored_verdict_json,1,47,1,6,0,1,40
compound_only_enrich_mammalian_lm_pathway_WP167_seed4,before_feedback_iter0,0,32,2,3,2,0,27
compound_only_enrich_mammalian_lm_pathway_WP167_seed4,after_feedback_final,0,32,2,3,2,0,27
compound_only_enrich_mammalian_lm_pathway_WP167_seed4,after_feedback_final_rescored_verdict_json,0,38,6,4,2,4,28
compound_only_enrich_mammalian_lm_pathway_WP167_seed5,before_feedback_iter0,0,39,7,5,7,0,27
compound_only_enrich_mammalian_lm_pathway_WP167_seed5,after_feedback_final,2,56,4,13,3,1,39
compound_only_enrich_mammalian_lm_pathway_WP167_seed5,after_feedback_final_rescored_verdict_json,2,52,4,13,3,1,35
compound_only_enrich_mammalian_lm_pathway_WP167_seed6,before_feedback_iter0,0,52,9,7,6,3,36
compound_only_enrich_mammalian_lm_pathway_WP167_seed6,after_feedback_final,1,44,6,15,4,2,23
compound_only_enrich_mammalian_lm_pathway_WP167_seed6,after_feedback_final_rescored_verdict_json,1,40,6,7,4,2,27
compound_only_enrich_mammalian_lm_pathway_WP167_seed7,before_feedback_iter0,0,54,7,12,7,0,35
compound_only_enrich_mammalian_lm_pathway_WP167_seed7,after_feedback_final,1,47,6,7,5,1,34
compound_only_enrich_mammalian_lm_pathway_WP167_seed7,after_feedback_final_rescored_verdict_json,1,33,4,12,4,0,17
compound_only_enrich_mammalian_lm_pathway_WP167_seed8,before_feedback_iter0,0,46,12,6,9,3,28
compound_only_enrich_mammalian_lm_pathway_WP167_seed8,after_feedback_final,1,37,1,6,1,0,30
compound_only_enrich_mammalian_lm_pathway_WP167_seed8,after_feedback_final_rescored_verdict_json,1,38,1,4,1,0,33
compound_only_enrich_mammalian_lm_pathway_WP167_seed9,before_feedback_iter0,0,50,2,9,2,0,39
compound_only_enrich_mammalian_lm_pathway_WP167_seed9,after_feedback_final,2,36,1,6,0,1,29
compound_only_enrich_mammalian_lm_pathway_WP167_seed9,after_feedback_final_rescored_verdict_json,2,49,2,13,0,2,34
