task_id,phase,pathway_names,pathway_ids,n_pathway_names,n_pathway_ids
compound_only_enrich_mammalian_RAMP_P_000000016_seed1,before_feedback_iter0,"Glycine, serine and threonine metabolism",map00260,1,1
compound_only_enrich_mammalian_RAMP_P_000000016_seed1,after_feedback_final,"Glycine, serine and threonine metabolism",map00260,1,1
compound_only_enrich_mammalian_RAMP_P_000000016_seed2,before_feedback_iter0,"Glycine, serine and threonine metabolism",map00260,1,1
compound_only_enrich_mammalian_RAMP_P_000000016_seed2,after_feedback_final,"Glycine, serine and threonine metabolism",map00260,1,1
compound_only_enrich_mammalian_RAMP_P_000000016_seed4,before_feedback_iter0,"Glycine, serine and threonine metabolism",WP2525; map00260,1,2
compound_only_enrich_mammalian_RAMP_P_000000016_seed4,after_feedback_final,"Glycine, serine and threonine metabolism",WP2525; WP5190; map00260,1,3
compound_only_enrich_mammalian_RAMP_P_000000016_seed6,before_feedback_iter0,,,0,0
compound_only_enrich_mammalian_RAMP_P_000000016_seed6,after_feedback_final,,,0,0
compound_only_enrich_mammalian_RAMP_P_000000016_seed7,before_feedback_iter0,"Glycine, serine and threonine metabolism; Methionine Metabolism",map00260; map00270,2,2
compound_only_enrich_mammalian_RAMP_P_000000016_seed7,after_feedback_final,"Glycine, serine and threonine metabolism; Methionine Metabolism",map00260; map00270,2,2
compound_only_enrich_mammalian_RAMP_P_000000016_seed9,before_feedback_iter0,"Glycine, serine and threonine metabolism",WP3580; map00260,1,2
compound_only_enrich_mammalian_RAMP_P_000000016_seed9,after_feedback_final,"Glycine, serine and threonine metabolism",WP3580; map00260,1,2
compound_only_enrich_mammalian_RAMP_P_000000106_seed0,before_feedback_iter0,Tyrosine Metabolism,map00350,1,1
compound_only_enrich_mammalian_RAMP_P_000000106_seed0,after_feedback_final,Tyrosine metabolism,map00350,1,1
compound_only_enrich_mammalian_RAMP_P_000000106_seed2,before_feedback_iter0,Tyrosine metabolism,map00350,1,1
compound_only_enrich_mammalian_RAMP_P_000000106_seed2,after_feedback_final,,,0,0
compound_only_enrich_mammalian_RAMP_P_000000106_seed3,before_feedback_iter0,Tyrosine Metabolism,map00350,1,1
compound_only_enrich_mammalian_RAMP_P_000000106_seed3,after_feedback_final,,,0,0
compound_only_enrich_mammalian_RAMP_P_000000106_seed8,before_feedback_iter0,,,0,0
compound_only_enrich_mammalian_RAMP_P_000000106_seed8,after_feedback_final,,,0,0
compound_only_enrich_mammalian_RAMP_P_000000141_seed0,before_feedback_iter0,Tryptophan catabolism leading to NAD+ production; Tryptophan metabolism,WP3645; WP4210; map00380,2,3
compound_only_enrich_mammalian_RAMP_P_000000141_seed0,after_feedback_final,Tryptophan catabolism leading to NAD+ production; Tryptophan metabolism,WP3645; WP4210; map00380,2,3
compound_only_enrich_mammalian_RAMP_P_000000141_seed1,before_feedback_iter0,"Hydroxyanthranilic acid, confirmed in both the Tryptophan metabolism; metabolomics dataset reveals a pronounced perturbation of tryptophan metabolism",WP465; map00380,2,2
compound_only_enrich_mammalian_RAMP_P_000000141_seed1,after_feedback_final,"Hydroxyanthranilic acid, confirmed in both the Tryptophan metabolism; metabolomics dataset reveals a pronounced perturbation of tryptophan metabolism",WP465; map00380,2,2
compound_only_enrich_mammalian_RAMP_P_000000141_seed2,before_feedback_iter0,Tryptophan metabolism,map00380,1,1
compound_only_enrich_mammalian_RAMP_P_000000141_seed2,after_feedback_final,Tryptophan metabolism,map00380,1,1
compound_only_enrich_mammalian_RAMP_P_000000141_seed3,before_feedback_iter0,Tryptophan metabolism,WP4210; map00380,1,2
compound_only_enrich_mammalian_RAMP_P_000000141_seed3,after_feedback_final,Tryptophan metabolism,WP4210; map00380,1,2
compound_only_enrich_mammalian_RAMP_P_000000141_seed4,before_feedback_iter0,,map00380,0,1
compound_only_enrich_mammalian_RAMP_P_000000141_seed4,after_feedback_final,,,0,0
compound_only_enrich_mammalian_RAMP_P_000000141_seed5,before_feedback_iter0,Tryptophan metabolism,map00380,1,1
compound_only_enrich_mammalian_RAMP_P_000000141_seed5,after_feedback_final,Tryptophan metabolism,map00380,1,1
compound_only_enrich_mammalian_RAMP_P_000000141_seed6,before_feedback_iter0,,WP2485; WP3645; WP550; map00380,0,4
compound_only_enrich_mammalian_RAMP_P_000000141_seed6,after_feedback_final,,WP2485; WP3645; map00380; map00760,0,4
compound_only_enrich_mammalian_RAMP_P_000000141_seed7,before_feedback_iter0,Melatonin is confirmed in KEGG Tryptophan metabolism; Tryptophan metabolism,WP4210; map00380,2,2
compound_only_enrich_mammalian_RAMP_P_000000141_seed7,after_feedback_final,Tryptophan metabolism,WP3645; WP4210; WP465; WP5044; map00380; map00760,1,6
compound_only_enrich_mammalian_RAMP_P_000000141_seed8,before_feedback_iter0,Tryptophan metabolism pathway,WP4210; map00380,1,2
compound_only_enrich_mammalian_RAMP_P_000000141_seed8,after_feedback_final,Tryptophan metabolism pathway,WP4210; map00380,1,2
compound_only_enrich_mammalian_RAMP_P_000000398_seed0,before_feedback_iter0,Galactose Metabolism,map00052,1,1
compound_only_enrich_mammalian_RAMP_P_000000398_seed0,after_feedback_final,Galactose Metabolism,map00052,1,1
compound_only_enrich_mammalian_RAMP_P_000000398_seed1,before_feedback_iter0,,map00052,0,1
compound_only_enrich_mammalian_RAMP_P_000000398_seed1,after_feedback_final,,map00052,0,1
compound_only_enrich_mammalian_RAMP_P_000000398_seed2,before_feedback_iter0,KEGG Galactose Metabolism pathway,map00052,1,1
compound_only_enrich_mammalian_RAMP_P_000000398_seed2,after_feedback_final,Galactose Metabolism; KEGG Galactose Metabolism pathway,map00052,2,1
compound_only_enrich_mammalian_RAMP_P_000000398_seed3,before_feedback_iter0,,map00052,0,1
compound_only_enrich_mammalian_RAMP_P_000000398_seed3,after_feedback_final,,map00052,0,1
compound_only_enrich_mammalian_RAMP_P_000000398_seed4,before_feedback_iter0,Galactose Metabolism,WP3604; map00052,1,2
compound_only_enrich_mammalian_RAMP_P_000000398_seed4,after_feedback_final,Galactose Metabolism,WP3604; map00052,1,2
compound_only_enrich_mammalian_RAMP_P_000000398_seed5,before_feedback_iter0,compound appears in the MECP2/Rett syndrome module,WP3584; map00052,1,2
compound_only_enrich_mammalian_RAMP_P_000000398_seed5,after_feedback_final,compound appears in the MECP2/Rett syndrome module,WP3584; map00052,1,2
compound_only_enrich_mammalian_RAMP_P_000000398_seed6,before_feedback_iter0,Secondary enrichment hits include broad biochemical pathways,WP3604; map00052,1,2
compound_only_enrich_mammalian_RAMP_P_000000398_seed6,after_feedback_final,,map00052,0,1
compound_only_enrich_mammalian_RAMP_P_000000398_seed7,before_feedback_iter0,"fourth candidate, the Orexin receptor pathway",WP3604; WP5094; map00052,1,3
compound_only_enrich_mammalian_RAMP_P_000000398_seed7,after_feedback_final,"fourth candidate, the Orexin receptor pathway",WP3604; WP5094; map00052,1,3
compound_only_enrich_mammalian_RAMP_P_000000398_seed8,before_feedback_iter0,"fourth hit, the Orexin receptor pathway",WP3604; WP5094; map00052,1,3
compound_only_enrich_mammalian_RAMP_P_000000398_seed8,after_feedback_final,,map00052,0,1
compound_only_enrich_mammalian_RAMP_P_000000398_seed9,before_feedback_iter0,Polyol Pathway,WP690; map00052,1,2
compound_only_enrich_mammalian_RAMP_P_000000398_seed9,after_feedback_final,Polyol Pathway,WP690; map00052,1,2
compound_only_enrich_mammalian_RAMP_P_000000421_seed1,before_feedback_iter0,,map00150,0,1
compound_only_enrich_mammalian_RAMP_P_000000421_seed1,after_feedback_final,,map00150,0,1
compound_only_enrich_mammalian_RAMP_P_000000421_seed2,before_feedback_iter0,,map00150,0,1
compound_only_enrich_mammalian_RAMP_P_000000421_seed2,after_feedback_final,,map00150,0,1
compound_only_enrich_mammalian_RAMP_P_000000421_seed3,before_feedback_iter0,,map00150,0,1
compound_only_enrich_mammalian_RAMP_P_000000421_seed3,after_feedback_final,,map00150,0,1
compound_only_enrich_mammalian_RAMP_P_000000421_seed4,before_feedback_iter0,,map00150,0,1
compound_only_enrich_mammalian_RAMP_P_000000421_seed4,after_feedback_final,,map00150,0,1
compound_only_enrich_mammalian_RAMP_P_000000421_seed5,before_feedback_iter0,Androgen and Estrogen Metabolism,map00150,1,1
compound_only_enrich_mammalian_RAMP_P_000000421_seed5,after_feedback_final,Androgen and Estrogen Metabolism; S-adenosylhomocysteine both appear in arginine and proline metabolism,map00150; map00330,2,2
compound_only_enrich_mammalian_RAMP_P_000000421_seed6,before_feedback_iter0,,WP4523; map00150,0,2
compound_only_enrich_mammalian_RAMP_P_000000421_seed6,after_feedback_final,,WP4523; map00150,0,2
compound_only_enrich_mammalian_RAMP_P_000000421_seed8,before_feedback_iter0,,map00150,0,1
compound_only_enrich_mammalian_RAMP_P_000000421_seed8,after_feedback_final,,map00150,0,1
compound_only_enrich_mammalian_RAMP_P_000025682_seed2,before_feedback_iter0,Arachidonic Acid Metabolism,map00590,1,1
compound_only_enrich_mammalian_RAMP_P_000025682_seed2,after_feedback_final,,,0,0
compound_only_enrich_mammalian_RAMP_P_000050021_seed0,before_feedback_iter0,,,0,0
compound_only_enrich_mammalian_RAMP_P_000050021_seed0,after_feedback_final,,,0,0
compound_only_enrich_mammalian_RAMP_P_000050021_seed1,before_feedback_iter0,,,0,0
compound_only_enrich_mammalian_RAMP_P_000050021_seed1,after_feedback_final,,,0,0
compound_only_enrich_mammalian_RAMP_P_000050021_seed2,before_feedback_iter0,Taurine and Hypotaurine Metabolism,map00430,1,1
compound_only_enrich_mammalian_RAMP_P_000050021_seed2,after_feedback_final,,,0,0
compound_only_enrich_mammalian_RAMP_P_000050021_seed3,before_feedback_iter0,,WP15,0,1
compound_only_enrich_mammalian_RAMP_P_000050021_seed3,after_feedback_final,,WP15,0,1
compound_only_enrich_mammalian_RAMP_P_000050021_seed4,before_feedback_iter0,,,0,0
compound_only_enrich_mammalian_RAMP_P_000050021_seed4,after_feedback_final,,,0,0
compound_only_enrich_mammalian_RAMP_P_000050021_seed5,before_feedback_iter0,,,0,0
compound_only_enrich_mammalian_RAMP_P_000050021_seed5,after_feedback_final,,,0,0
compound_only_enrich_mammalian_RAMP_P_000050021_seed6,before_feedback_iter0,,,0,0
compound_only_enrich_mammalian_RAMP_P_000050021_seed6,after_feedback_final,,,0,0
compound_only_enrich_mammalian_RAMP_P_000050021_seed7,before_feedback_iter0,,,0,0
compound_only_enrich_mammalian_RAMP_P_000050021_seed7,after_feedback_final,,,0,0
compound_only_enrich_mammalian_RAMP_P_000050021_seed8,before_feedback_iter0,,,0,0
compound_only_enrich_mammalian_RAMP_P_000050021_seed8,after_feedback_final,Methionine Metabolism,map00270,1,1
compound_only_enrich_mammalian_RAMP_P_000050021_seed9,before_feedback_iter0,,,0,0
compound_only_enrich_mammalian_RAMP_P_000050021_seed9,after_feedback_final,,,0,0
compound_only_enrich_mammalian_RAMP_P_000050096_seed6,before_feedback_iter0,,,0,0
compound_only_enrich_mammalian_RAMP_P_000050096_seed6,after_feedback_final,,,0,0
compound_only_enrich_mammalian_RAMP_P_000050099_seed6,before_feedback_iter0,,map00240,0,1
compound_only_enrich_mammalian_RAMP_P_000050099_seed6,after_feedback_final,,map00240,0,1
compound_only_enrich_mammalian_RAMP_P_000052855_seed0,before_feedback_iter0,,WP5368; map00150; map00380,0,3
compound_only_enrich_mammalian_RAMP_P_000052855_seed0,after_feedback_final,,WP5368; map00150; map00380,0,3
compound_only_enrich_mammalian_RAMP_P_000053042_seed9,before_feedback_iter0,Androgen and Estrogen Metabolism; Steroid Biosynthesis,map00100; map00150,2,2
compound_only_enrich_mammalian_RAMP_P_000053042_seed9,after_feedback_final,Androgen receptor network in prostate cancer; Male steroid hormones in cardiomyocyte energy metabolism; Steroid Biosynthesis,WP2263; WP496; WP5320,3,3
compound_only_enrich_mammalian_RAMP_P_000053306_seed1,before_feedback_iter0,Pyrimidine metabolism,map00240,1,1
compound_only_enrich_mammalian_RAMP_P_000053306_seed1,after_feedback_final,Pyrimidine metabolism,map00240,1,1
compound_only_enrich_mammalian_RAMP_P_000053306_seed7,before_feedback_iter0,,map00240,0,1
compound_only_enrich_mammalian_RAMP_P_000053306_seed7,after_feedback_final,,,0,0
compound_only_enrich_mammalian_lm_pathway_WP167_seed0,before_feedback_iter0,,map00590,0,1
compound_only_enrich_mammalian_lm_pathway_WP167_seed0,after_feedback_final,,map00590,0,1
compound_only_enrich_mammalian_lm_pathway_WP167_seed1,before_feedback_iter0,,WP167,0,1
compound_only_enrich_mammalian_lm_pathway_WP167_seed1,after_feedback_final,,WP167,0,1
compound_only_enrich_mammalian_lm_pathway_WP167_seed2,before_feedback_iter0,,WP167; map00590,0,2
compound_only_enrich_mammalian_lm_pathway_WP167_seed2,after_feedback_final,,WP167,0,1
compound_only_enrich_mammalian_lm_pathway_WP167_seed3,before_feedback_iter0,,WP167; map00590,0,2
compound_only_enrich_mammalian_lm_pathway_WP167_seed3,after_feedback_final,,WP167; map00590,0,2
compound_only_enrich_mammalian_lm_pathway_WP167_seed4,before_feedback_iter0,,WP167,0,1
compound_only_enrich_mammalian_lm_pathway_WP167_seed4,after_feedback_final,,WP167,0,1
compound_only_enrich_mammalian_lm_pathway_WP167_seed5,before_feedback_iter0,,WP167; map00590,0,2
compound_only_enrich_mammalian_lm_pathway_WP167_seed5,after_feedback_final,,WP167,0,1
compound_only_enrich_mammalian_lm_pathway_WP167_seed6,before_feedback_iter0,KEGG arachidonic acid metabolism map,WP167; map00590,1,2
compound_only_enrich_mammalian_lm_pathway_WP167_seed6,after_feedback_final,Tyrosine Metabolism,WP167; map00350; map00590,1,3
compound_only_enrich_mammalian_lm_pathway_WP167_seed7,before_feedback_iter0,,WP167,0,1
compound_only_enrich_mammalian_lm_pathway_WP167_seed7,after_feedback_final,,WP167,0,1
compound_only_enrich_mammalian_lm_pathway_WP167_seed8,before_feedback_iter0,Arachidonic Acid Metabolism; Selenium micronutrient network pathway,WP15; map00590,2,2
compound_only_enrich_mammalian_lm_pathway_WP167_seed8,after_feedback_final,,,0,0
compound_only_enrich_mammalian_lm_pathway_WP167_seed9,before_feedback_iter0,Eicosanoid synthesis,WP167; map00590,1,2
compound_only_enrich_mammalian_lm_pathway_WP167_seed9,after_feedback_final,,WP167,0,1
