task_id,arm,source_claims,verified_claims,dropped,supported,contradicted,unsupported,needs_human_review,uv,supported_rate_honest,unlanded_rate_honest
compound_only_enrich_mammalian_RAMP_P_000052855_seed0,prose,5,5,0,1,0,3,0,1,0.2,0.2
compound_only_enrich_mammalian_RAMP_P_000052855_seed0,structured_method_aware,9,4,5,3,0,0,0,1,0.333333,0.666667
compound_only_enrich_mammalian_RAMP_P_000000421_seed1,prose,8,8,0,1,0,4,0,3,0.125,0.375
compound_only_enrich_mammalian_RAMP_P_000000421_seed1,structured_method_aware,12,10,0,10,0,0,0,0,0.833333,0.0
compound_only_enrich_mammalian_RAMP_P_000000421_seed2,prose,8,8,0,2,0,4,0,2,0.25,0.25
compound_only_enrich_mammalian_RAMP_P_000000421_seed2,structured_method_aware,9,8,0,7,1,0,0,0,0.777778,0.0
compound_only_enrich_mammalian_RAMP_P_000000421_seed3,prose,8,8,0,0,0,5,0,3,0.0,0.375
compound_only_enrich_mammalian_RAMP_P_000000421_seed3,structured_method_aware,13,9,0,9,0,0,0,0,0.692308,0.0
compound_only_enrich_mammalian_RAMP_P_000000421_seed4,prose,6,6,0,2,0,2,0,2,0.333333,0.333333
compound_only_enrich_mammalian_RAMP_P_000000421_seed4,structured_method_aware,11,11,0,10,0,0,0,1,0.909091,0.090909
compound_only_enrich_mammalian_RAMP_P_000000421_seed5,prose,8,8,0,2,0,3,0,3,0.25,0.375
compound_only_enrich_mammalian_RAMP_P_000000421_seed5,structured_method_aware,10,9,0,9,0,0,0,0,0.9,0.0
compound_only_enrich_mammalian_RAMP_P_000000421_seed6,prose,7,7,0,2,0,2,0,3,0.285714,0.428571
compound_only_enrich_mammalian_RAMP_P_000000421_seed6,structured_method_aware,10,10,0,10,0,0,0,0,1.0,0.0
compound_only_enrich_mammalian_RAMP_P_000000421_seed8,prose,8,8,0,4,0,1,0,3,0.5,0.375
compound_only_enrich_mammalian_RAMP_P_000000421_seed8,structured_method_aware,10,9,0,8,0,1,0,0,0.8,0.0
compound_only_enrich_mammalian_RAMP_P_000053042_seed9,prose,7,7,0,3,0,3,0,1,0.428571,0.142857
compound_only_enrich_mammalian_RAMP_P_000053042_seed9,structured_method_aware,10,5,5,4,0,1,0,0,0.4,0.5
compound_only_enrich_mammalian_RAMP_P_000000016_seed1,prose,3,3,0,0,0,1,0,2,0.0,0.666667
compound_only_enrich_mammalian_RAMP_P_000000016_seed1,structured_method_aware,8,5,3,3,0,2,0,0,0.375,0.375
compound_only_enrich_mammalian_RAMP_P_000000016_seed2,prose,5,5,0,3,0,1,0,1,0.6,0.2
compound_only_enrich_mammalian_RAMP_P_000000016_seed2,structured_method_aware,5,5,0,1,1,2,0,1,0.2,0.2
compound_only_enrich_mammalian_RAMP_P_000000016_seed4,prose,8,8,0,3,0,2,0,3,0.375,0.375
compound_only_enrich_mammalian_RAMP_P_000000016_seed4,structured_method_aware,11,11,0,8,0,2,0,1,0.727273,0.090909
compound_only_enrich_mammalian_RAMP_P_000000016_seed6,prose,7,7,0,1,1,4,0,1,0.142857,0.142857
compound_only_enrich_mammalian_RAMP_P_000000016_seed6,structured_method_aware,12,11,0,10,0,0,0,1,0.833333,0.083333
compound_only_enrich_mammalian_RAMP_P_000000016_seed7,prose,5,5,0,3,0,1,0,1,0.6,0.2
compound_only_enrich_mammalian_RAMP_P_000000016_seed7,structured_method_aware,10,6,3,5,0,0,0,1,0.5,0.4
compound_only_enrich_mammalian_RAMP_P_000000016_seed9,prose,7,7,0,2,0,4,0,1,0.285714,0.142857
compound_only_enrich_mammalian_RAMP_P_000000016_seed9,structured_method_aware,8,6,0,2,0,0,0,4,0.25,0.5
compound_only_enrich_mammalian_RAMP_P_000025682_seed2,prose,7,7,0,0,1,2,0,4,0.0,0.571429
compound_only_enrich_mammalian_RAMP_P_000025682_seed2,structured_method_aware,11,11,0,3,0,8,0,0,0.272727,0.0
compound_only_enrich_mammalian_RAMP_P_000000398_seed0,prose,4,4,0,1,1,1,0,1,0.25,0.25
compound_only_enrich_mammalian_RAMP_P_000000398_seed0,structured_method_aware,10,6,3,4,0,0,0,2,0.4,0.5
compound_only_enrich_mammalian_RAMP_P_000000398_seed1,prose,10,10,0,3,1,3,0,3,0.3,0.3
compound_only_enrich_mammalian_RAMP_P_000000398_seed1,structured_method_aware,9,7,1,5,1,0,0,1,0.555556,0.222222
compound_only_enrich_mammalian_RAMP_P_000000398_seed2,prose,10,10,0,4,1,2,0,3,0.4,0.3
compound_only_enrich_mammalian_RAMP_P_000000398_seed2,structured_method_aware,10,10,0,9,0,0,0,1,0.9,0.1
compound_only_enrich_mammalian_RAMP_P_000000398_seed3,prose,7,7,0,3,0,1,0,3,0.428571,0.428571
compound_only_enrich_mammalian_RAMP_P_000000398_seed3,structured_method_aware,11,11,0,9,0,0,0,2,0.818182,0.181818
compound_only_enrich_mammalian_RAMP_P_000000398_seed4,prose,6,6,0,4,1,1,0,0,0.666667,0.0
compound_only_enrich_mammalian_RAMP_P_000000398_seed4,structured_method_aware,7,3,3,2,0,0,0,1,0.285714,0.571429
compound_only_enrich_mammalian_RAMP_P_000000398_seed5,prose,7,7,0,1,0,3,0,3,0.142857,0.428571
compound_only_enrich_mammalian_RAMP_P_000000398_seed5,structured_method_aware,8,8,0,7,0,0,0,1,0.875,0.125
compound_only_enrich_mammalian_RAMP_P_000000398_seed6,prose,9,9,0,5,0,2,0,2,0.555556,0.222222
compound_only_enrich_mammalian_RAMP_P_000000398_seed6,structured_method_aware,12,11,0,10,0,0,0,1,0.833333,0.083333
compound_only_enrich_mammalian_RAMP_P_000000398_seed7,prose,10,10,0,2,1,2,0,5,0.2,0.5
compound_only_enrich_mammalian_RAMP_P_000000398_seed7,structured_method_aware,12,10,0,8,0,0,0,2,0.666667,0.166667
compound_only_enrich_mammalian_RAMP_P_000000398_seed8,prose,7,7,0,2,0,3,0,2,0.285714,0.285714
compound_only_enrich_mammalian_RAMP_P_000000398_seed8,structured_method_aware,11,9,0,8,0,0,0,1,0.727273,0.090909
compound_only_enrich_mammalian_RAMP_P_000000398_seed9,prose,7,7,0,2,1,2,0,2,0.285714,0.285714
compound_only_enrich_mammalian_RAMP_P_000000398_seed9,structured_method_aware,12,10,0,8,0,0,0,2,0.666667,0.166667
compound_only_enrich_mammalian_RAMP_P_000053306_seed1,prose,7,7,0,1,0,2,0,4,0.142857,0.571429
compound_only_enrich_mammalian_RAMP_P_000053306_seed1,structured_method_aware,10,8,0,6,0,1,0,1,0.6,0.1
compound_only_enrich_mammalian_RAMP_P_000050099_seed6,prose,6,6,0,3,0,1,0,2,0.5,0.333333
compound_only_enrich_mammalian_RAMP_P_000050099_seed6,structured_method_aware,6,4,0,4,0,0,0,0,0.666667,0.0
compound_only_enrich_mammalian_RAMP_P_000053306_seed7,prose,6,6,0,3,0,1,0,2,0.5,0.333333
compound_only_enrich_mammalian_RAMP_P_000053306_seed7,structured_method_aware,9,6,0,4,0,1,0,1,0.444444,0.111111
compound_only_enrich_mammalian_RAMP_P_000050021_seed0,prose,9,9,0,5,2,0,0,2,0.555556,0.222222
compound_only_enrich_mammalian_RAMP_P_000050021_seed0,structured_method_aware,14,12,0,10,2,0,0,0,0.714286,0.0
compound_only_enrich_mammalian_RAMP_P_000050021_seed1,prose,6,6,0,4,0,0,0,2,0.666667,0.333333
compound_only_enrich_mammalian_RAMP_P_000050021_seed1,structured_method_aware,8,4,3,4,0,0,0,0,0.5,0.375
compound_only_enrich_mammalian_RAMP_P_000050021_seed2,prose,6,6,0,4,0,1,0,1,0.666667,0.166667
compound_only_enrich_mammalian_RAMP_P_000050021_seed2,structured_method_aware,12,12,0,8,0,2,0,2,0.666667,0.166667
compound_only_enrich_mammalian_RAMP_P_000050021_seed3,prose,9,9,0,2,0,3,0,4,0.222222,0.444444
compound_only_enrich_mammalian_RAMP_P_000050021_seed3,structured_method_aware,15,13,0,6,3,3,0,1,0.4,0.066667
compound_only_enrich_mammalian_RAMP_P_000050021_seed4,prose,5,5,0,4,0,0,0,1,0.8,0.2
compound_only_enrich_mammalian_RAMP_P_000050021_seed4,structured_method_aware,4,2,1,1,1,0,0,0,0.25,0.25
compound_only_enrich_mammalian_RAMP_P_000050021_seed5,prose,6,6,0,4,1,0,0,1,0.666667,0.166667
compound_only_enrich_mammalian_RAMP_P_000050021_seed5,structured_method_aware,14,12,0,7,2,1,0,2,0.5,0.142857
compound_only_enrich_mammalian_RAMP_P_000050021_seed6,prose,6,6,0,3,0,1,0,2,0.5,0.333333
compound_only_enrich_mammalian_RAMP_P_000050021_seed6,structured_method_aware,11,0,11,0,0,0,0,0,0.0,1.0
compound_only_enrich_mammalian_RAMP_P_000050021_seed7,prose,8,8,0,4,0,2,0,2,0.5,0.25
compound_only_enrich_mammalian_RAMP_P_000050021_seed7,structured_method_aware,7,5,2,4,0,1,0,0,0.571429,0.285714
compound_only_enrich_mammalian_RAMP_P_000050021_seed8,prose,7,7,0,4,0,1,0,2,0.571429,0.285714
compound_only_enrich_mammalian_RAMP_P_000050021_seed8,structured_method_aware,8,7,0,5,0,1,0,1,0.625,0.125
compound_only_enrich_mammalian_RAMP_P_000050021_seed9,prose,6,6,0,2,0,3,0,1,0.333333,0.166667
compound_only_enrich_mammalian_RAMP_P_000050021_seed9,structured_method_aware,9,6,2,3,0,2,0,1,0.333333,0.333333
compound_only_enrich_mammalian_RAMP_P_000000106_seed0,prose,7,7,0,2,0,3,0,2,0.285714,0.285714
compound_only_enrich_mammalian_RAMP_P_000000106_seed0,structured_method_aware,11,8,0,7,0,0,0,1,0.636364,0.090909
compound_only_enrich_mammalian_RAMP_P_000000106_seed2,prose,7,7,0,3,1,1,0,2,0.428571,0.285714
compound_only_enrich_mammalian_RAMP_P_000000106_seed2,structured_method_aware,11,9,0,8,0,0,0,1,0.727273,0.090909
compound_only_enrich_mammalian_RAMP_P_000000106_seed3,prose,7,7,0,1,0,2,0,4,0.142857,0.571429
compound_only_enrich_mammalian_RAMP_P_000000106_seed3,structured_method_aware,6,4,0,3,0,0,0,1,0.5,0.166667
compound_only_enrich_mammalian_RAMP_P_000050096_seed6,prose,6,6,0,2,1,2,0,1,0.333333,0.166667
compound_only_enrich_mammalian_RAMP_P_000050096_seed6,structured_method_aware,7,2,5,2,0,0,0,0,0.285714,0.714286
compound_only_enrich_mammalian_RAMP_P_000000106_seed8,prose,6,6,0,2,1,2,0,1,0.333333,0.166667
compound_only_enrich_mammalian_RAMP_P_000000106_seed8,structured_method_aware,9,9,0,7,0,0,0,2,0.777778,0.222222
compound_only_enrich_mammalian_lm_pathway_WP167_seed0,prose,4,4,0,0,0,0,0,4,0.0,1.0
compound_only_enrich_mammalian_lm_pathway_WP167_seed0,structured_method_aware,10,10,0,2,0,1,0,7,0.2,0.7
compound_only_enrich_mammalian_lm_pathway_WP167_seed1,prose,6,6,0,2,1,2,0,1,0.333333,0.166667
compound_only_enrich_mammalian_lm_pathway_WP167_seed1,structured_method_aware,9,3,5,2,0,0,0,1,0.222222,0.666667
compound_only_enrich_mammalian_lm_pathway_WP167_seed2,prose,7,7,0,2,0,2,0,3,0.285714,0.428571
compound_only_enrich_mammalian_lm_pathway_WP167_seed2,structured_method_aware,9,4,5,1,0,0,0,3,0.111111,0.888889
compound_only_enrich_mammalian_lm_pathway_WP167_seed3,prose,8,8,0,3,0,5,0,0,0.375,0.0
compound_only_enrich_mammalian_lm_pathway_WP167_seed3,structured_method_aware,11,11,0,10,0,0,0,1,0.909091,0.090909
compound_only_enrich_mammalian_lm_pathway_WP167_seed4,prose,9,9,0,1,0,5,0,3,0.111111,0.333333
compound_only_enrich_mammalian_lm_pathway_WP167_seed4,structured_method_aware,14,10,0,8,0,0,0,2,0.571429,0.142857
compound_only_enrich_mammalian_lm_pathway_WP167_seed5,prose,9,9,0,1,0,4,0,4,0.111111,0.444444
compound_only_enrich_mammalian_lm_pathway_WP167_seed5,structured_method_aware,11,9,0,8,0,0,0,1,0.727273,0.090909
compound_only_enrich_mammalian_lm_pathway_WP167_seed6,prose,8,8,0,2,1,3,0,2,0.25,0.25
compound_only_enrich_mammalian_lm_pathway_WP167_seed6,structured_method_aware,10,6,2,2,1,0,0,3,0.2,0.5
compound_only_enrich_mammalian_lm_pathway_WP167_seed7,prose,6,6,0,3,0,1,0,2,0.5,0.333333
compound_only_enrich_mammalian_lm_pathway_WP167_seed7,structured_method_aware,8,3,4,2,0,0,0,1,0.25,0.625
compound_only_enrich_mammalian_RAMP_P_000000141_seed0,prose,8,8,0,5,0,1,0,2,0.625,0.25
compound_only_enrich_mammalian_RAMP_P_000000141_seed0,structured_method_aware,11,10,0,8,0,1,0,1,0.727273,0.090909
compound_only_enrich_mammalian_RAMP_P_000000141_seed1,prose,10,10,0,5,0,3,0,2,0.5,0.2
compound_only_enrich_mammalian_RAMP_P_000000141_seed1,structured_method_aware,10,10,0,9,0,0,0,1,0.9,0.1
compound_only_enrich_mammalian_RAMP_P_000000141_seed2,prose,7,7,0,5,0,2,0,0,0.714286,0.0
compound_only_enrich_mammalian_RAMP_P_000000141_seed2,structured_method_aware,8,7,0,6,0,1,0,0,0.75,0.0
compound_only_enrich_mammalian_RAMP_P_000000141_seed3,prose,4,4,0,2,0,1,0,1,0.5,0.25
compound_only_enrich_mammalian_RAMP_P_000000141_seed3,structured_method_aware,9,9,0,3,1,0,0,5,0.333333,0.555556
compound_only_enrich_mammalian_RAMP_P_000000141_seed4,prose,7,7,0,3,2,0,0,2,0.428571,0.285714
compound_only_enrich_mammalian_RAMP_P_000000141_seed4,structured_method_aware,12,9,0,8,0,0,0,1,0.666667,0.083333
compound_only_enrich_mammalian_RAMP_P_000000141_seed5,prose,6,6,0,4,0,2,0,0,0.666667,0.0
compound_only_enrich_mammalian_RAMP_P_000000141_seed5,structured_method_aware,9,1,7,1,0,0,0,0,0.111111,0.777778
compound_only_enrich_mammalian_RAMP_P_000000141_seed6,prose,7,7,0,3,1,2,0,1,0.428571,0.142857
compound_only_enrich_mammalian_RAMP_P_000000141_seed6,structured_method_aware,14,11,0,10,0,0,0,1,0.714286,0.071429
