task_id,gt_pathway_name,gt_pathway_source,LLM_semantic_gt,LLM_semantic_top3,LLM_strict_top1,LLM_strict_top3,LLM_predicted_top_pathway,MetAgent w/o feedback_semantic_gt,MetAgent w/o feedback_semantic_top3,MetAgent w/o feedback_strict_top1,MetAgent w/o feedback_strict_top3,MetAgent w/o feedback_predicted_top_pathway,MetAgent_semantic_gt,MetAgent_semantic_top3,MetAgent_strict_top1,MetAgent_strict_top3,MetAgent_predicted_top_pathway,delta_llm_to_wo_feedback,delta_wo_feedback_to_full,delta_llm_to_full
compound_only_enrich_mammalian_RAMP_P_000000016_seed1,"Glycine, serine and threonine metabolism",kegg,0.4778973760811801,0.4778973760811801,False,False,cysteine biosynthesis,0.4178837959521872,0.4178837959521872,False,False,Top pathway,1.000000153176198,1.000000153176198,True,True,"Glycine, serine and threonine metabolism",-0.06001358012899288,0.5821163572240107,0.5221027770950178
compound_only_enrich_mammalian_RAMP_P_000000016_seed2,"Glycine, serine and threonine metabolism",kegg,0.5465804302386328,0.5465804302386328,False,False,One-carbon metabolism,1.000000153176198,1.000000153176198,True,True,"Glycine, serine and threonine metabolism",1.000000153176198,1.000000153176198,True,True,"Glycine, serine and threonine metabolism",0.45341972293756516,0.0,0.45341972293756516
compound_only_enrich_mammalian_RAMP_P_000000016_seed4,"Glycine, serine and threonine metabolism",kegg,0.6071298567930323,0.7263358083839,False,False,acid metabolism,1.000000153176198,1.000000153176198,True,True,"Glycine, serine and threonine metabolism",1.000000153176198,1.000000153176198,True,True,"Glycine, serine and threonine metabolism",0.3928702963831656,0.0,0.3928702963831656
compound_only_enrich_mammalian_RAMP_P_000000016_seed6,"Glycine, serine and threonine metabolism",kegg,0.5465804302386328,0.671178445098918,False,False,one-carbon metabolism,1.000000153176198,1.000000153176198,True,True,"Glycine, serine and threonine metabolism",1.000000153176198,1.000000153176198,True,True,"Glycine, serine and threonine metabolism",0.45341972293756516,0.0,0.45341972293756516
compound_only_enrich_mammalian_RAMP_P_000000016_seed7,"Glycine, serine and threonine metabolism",kegg,0.7531751889438585,0.7531751889438585,False,False,homocysteine metabolism,1.000000153176198,1.000000153176198,True,True,"Glycine, serine and threonine metabolism",1.000000153176198,1.000000153176198,True,True,"Glycine, serine and threonine metabolism",0.24682496423233946,0.0,0.24682496423233946
compound_only_enrich_mammalian_RAMP_P_000000016_seed9,"Glycine, serine and threonine metabolism",kegg,0.450998418872146,0.5758646430711167,False,False,TCA cycle,1.000000153176198,1.000000153176198,True,True,"Glycine, serine and threonine metabolism",1.000000153176198,1.000000153176198,True,True,"Glycine, serine and threonine metabolism",0.549001734304052,0.0,0.549001734304052
compound_only_enrich_mammalian_RAMP_P_000000106_seed0,Tyrosine metabolism,kegg,0.6040331106314007,0.6040331106314007,False,False,Amino acid metabolism,0.4460043928627939,0.4460043928627939,False,False,top pathway,1.0000000245535443,1.0000000245535443,True,True,Tyrosine metabolism,-0.15802871776860683,0.5539956316907504,0.39596691392214356
compound_only_enrich_mammalian_RAMP_P_000000106_seed2,Tyrosine metabolism,kegg,0.3122608281696264,0.3122608281696264,False,False,interconnected pathway,1.0000000245535443,1.0000000245535443,True,True,Tyrosine metabolism,1.0000000245535443,1.0000000245535443,True,True,Tyrosine metabolism,0.6877391963839179,0.0,0.6877391963839179
compound_only_enrich_mammalian_RAMP_P_000000106_seed3,Tyrosine metabolism,kegg,0.6916377428146736,0.6916377428146736,True,True,tyrosine catabolism,1.0000000018620427,1.0000000018620427,True,True,tyrosine metabolism,1.0000000018620427,1.0000000018620427,True,True,tyrosine metabolism,0.30836225904736914,0.0,0.30836225904736914
compound_only_enrich_mammalian_RAMP_P_000000106_seed8,Tyrosine metabolism,kegg,0.5174952906688768,0.5174952906688768,False,False,glycerolipid metabolism,0.3016706930074344,0.3053782129901652,False,False,enriched pathway,0.3016706930074344,0.3053782129901652,False,False,enriched pathway,-0.2158245976614424,0.0,-0.2158245976614424
compound_only_enrich_mammalian_RAMP_P_000000141_seed0,Tryptophan metabolism,kegg,0.999999944307972,0.999999944307972,True,True,Tryptophan metabolism,0.999999944307972,0.999999944307972,True,True,Tryptophan metabolism,0.999999944307972,0.999999944307972,True,True,Tryptophan metabolism,0.0,0.0,0.0
compound_only_enrich_mammalian_RAMP_P_000000141_seed1,Tryptophan metabolism,kegg,0.6931637138032707,0.6931637138032707,True,True,tryptophan catabolism,0.9999999236558506,0.9999999236558506,True,True,tryptophan metabolism,0.9999999236558506,0.9999999236558506,True,True,tryptophan metabolism,0.30683620985257987,0.0,0.30683620985257987
compound_only_enrich_mammalian_RAMP_P_000000141_seed2,Tryptophan metabolism,kegg,0.9999999236558506,0.9999999236558506,True,True,tryptophan metabolism,0.999999944307972,0.999999944307972,True,True,Tryptophan metabolism,0.999999944307972,0.999999944307972,True,True,Tryptophan metabolism,2.0652121457409578e-08,0.0,2.0652121457409578e-08
compound_only_enrich_mammalian_RAMP_P_000000141_seed3,Tryptophan metabolism,kegg,0.999999944307972,0.999999944307972,True,True,Tryptophan metabolism,0.999999944307972,0.999999944307972,True,True,Tryptophan metabolism,0.999999944307972,0.999999944307972,True,True,Tryptophan metabolism,0.0,0.0,0.0
compound_only_enrich_mammalian_RAMP_P_000000141_seed4,Tryptophan metabolism,kegg,0.5640486504118216,0.5640486504118216,False,False,melatonin biosynthesis,0.9999999236558506,0.9999999236558506,True,True,tryptophan metabolism,0.999999944307972,0.999999944307972,True,True,Tryptophan metabolism,0.43595127324402894,2.0652121457409578e-08,0.4359512938961504
compound_only_enrich_mammalian_RAMP_P_000000141_seed5,Tryptophan metabolism,kegg,0.9999999236558506,0.9999999236558506,True,True,tryptophan metabolism,0.9999999236558506,0.9999999236558506,True,True,tryptophan metabolism,0.2927746720756665,0.4503861092378156,False,False,enriched pathway,0.0,-0.707225251580184,-0.707225251580184
compound_only_enrich_mammalian_RAMP_P_000000141_seed6,Tryptophan metabolism,kegg,0.5640486504118216,0.5640486504118216,False,False,melatonin biosynthesis,0.9999999236558506,0.9999999236558506,True,True,tryptophan metabolism,0.9999999236558506,0.9999999236558506,True,True,tryptophan metabolism,0.43595127324402894,0.0,0.43595127324402894
compound_only_enrich_mammalian_RAMP_P_000000141_seed7,Tryptophan metabolism,kegg,0.6931637138032707,0.7231094122932313,True,True,tryptophan catabolism,0.7705115863588128,0.7705115863588128,True,True,KEGG Tryptophan metabolism,0.999999944307972,0.999999944307972,True,True,Tryptophan metabolism,0.0773478725555421,0.22948835794915923,0.3068362305047013
compound_only_enrich_mammalian_RAMP_P_000000141_seed8,Tryptophan metabolism,kegg,0.3351294910772527,0.6255387330302373,False,False,Likely pathway,0.9353903211157254,0.9353903211157254,True,True,Tryptophan metabolism pathway,0.9353903211157254,0.9353903211157254,True,True,Tryptophan metabolism pathway,0.6002608300384726,0.0,0.6002608300384726
compound_only_enrich_mammalian_RAMP_P_000000398_seed0,Galactose Metabolism,kegg,0.9999999832245212,0.9999999832245212,True,True,galactose metabolism,0.5274823902606672,1.0000001034393806,False,True,Galactosemia,0.5274823902606672,1.0000001034393806,False,True,Galactosemia,-0.472517592963854,0.0,-0.472517592963854
compound_only_enrich_mammalian_RAMP_P_000000398_seed1,Galactose Metabolism,kegg,0.3966293751246893,0.3966293751246893,False,False,represented pathway,0.9999999832245212,0.9999999832245212,True,True,galactose metabolism,0.9999999832245212,0.9999999832245212,True,True,galactose metabolism,0.6033706080998319,0.0,0.6033706080998319
compound_only_enrich_mammalian_RAMP_P_000000398_seed2,Galactose Metabolism,kegg,0.547304555084189,0.547304555084189,False,False,Phospholipid metabolism,0.9999999832245212,0.9999999832245212,True,True,galactose metabolism,0.9999999832245212,0.9999999832245212,True,True,galactose metabolism,0.45269542814033226,0.0,0.45269542814033226
compound_only_enrich_mammalian_RAMP_P_000000398_seed3,Galactose Metabolism,kegg,0.4013742157718575,0.4755550581457646,False,False,sucrose catabolism,0.9999999675920972,0.9999999675920972,True,True,Galactose Metabolism,0.5274823902606672,1.0000001034393806,False,True,Galactosemia,0.5986257518202397,-0.47251757733142996,0.12610817448880973
compound_only_enrich_mammalian_RAMP_P_000000398_seed4,Galactose Metabolism,kegg,0.2518544381132927,0.2832985259035802,False,False,indicated pathway,0.5274823902606672,1.0000001034393806,False,True,Galactosemia,0.5274823902606672,1.0000001034393806,False,True,Galactosemia,0.2756279521473745,0.0,0.2756279521473745
compound_only_enrich_mammalian_RAMP_P_000000398_seed5,Galactose Metabolism,kegg,0.5000395398268946,0.5000395398268946,False,False,energy metabolism,0.9999999832245212,0.9999999832245212,True,True,galactose metabolism,0.9999999832245212,0.9999999832245212,True,True,galactose metabolism,0.4999604433976266,0.0,0.4999604433976266
compound_only_enrich_mammalian_RAMP_P_000000398_seed6,Galactose Metabolism,kegg,0.3472541872036763,0.3472541872036763,False,False,phosphate signaling,0.9999999675920972,0.9999999675920972,True,True,Galactose Metabolism,0.5274823902606672,1.0000001034393806,False,True,Galactosemia,0.6527457803884209,-0.47251757733142996,0.18022820305699094
compound_only_enrich_mammalian_RAMP_P_000000398_seed7,Galactose Metabolism,kegg,0.9999999675920972,0.9999999675920972,True,True,Galactose metabolism,0.5274823902606672,1.0000001034393806,False,True,Galactosemia,0.5274823902606672,1.0000001034393806,False,True,Galactosemia,-0.47251757733142996,0.0,-0.47251757733142996
compound_only_enrich_mammalian_RAMP_P_000000398_seed8,Galactose Metabolism,kegg,0.9999999675920972,0.9999999675920972,True,True,Galactose metabolism,0.5274823902606672,1.0000001034393806,False,True,Galactosemia,0.5274823902606672,1.0000001034393806,False,True,Galactosemia,-0.47251757733142996,0.0,-0.47251757733142996
compound_only_enrich_mammalian_RAMP_P_000000398_seed9,Galactose Metabolism,kegg,0.7131519530487261,0.7131519530487261,False,False,carbohydrate metabolism,0.3330753459988223,0.3330753459988223,False,False,top pathway,0.5274823902606672,1.0000001034393806,False,True,Galactosemia,-0.3800766070499038,0.1944070442618449,-0.1856695627880589
compound_only_enrich_mammalian_RAMP_P_000000421_seed1,Androgen and Estrogen Metabolism,kegg,0.4084007475140673,0.4084007475140673,False,False,hormone biosynthesis,0.3184326437732068,0.3184326437732068,False,False,significant pathway,0.999999899513863,0.999999899513863,True,True,Androgen and Estrogen Metabolism,-0.0899681037408605,0.6815672557406562,0.5915991519997957
compound_only_enrich_mammalian_RAMP_P_000000421_seed2,Androgen and Estrogen Metabolism,kegg,0.23417861049704,0.23417861049704,False,False,tryptophan degradation,0.999999899513863,0.999999899513863,True,True,Androgen and Estrogen Metabolism,0.999999899513863,0.999999899513863,True,True,Androgen and Estrogen Metabolism,0.765821289016823,0.0,0.765821289016823
compound_only_enrich_mammalian_RAMP_P_000000421_seed3,Androgen and Estrogen Metabolism,kegg,0.4084007475140673,0.4084007475140673,False,False,hormone biosynthesis,0.999999899513863,0.999999899513863,True,True,Androgen and Estrogen Metabolism,0.999999899513863,0.999999899513863,True,True,Androgen and Estrogen Metabolism,0.5915991519997957,0.0,0.5915991519997957
compound_only_enrich_mammalian_RAMP_P_000000421_seed4,Androgen and Estrogen Metabolism,kegg,0.5587974002977592,0.5587974002977592,False,False,Steroid hormone biosynthesis,0.7243252659286665,0.7243252659286665,False,False,hormone metabolism,0.999999899513863,0.999999899513863,True,True,Androgen and Estrogen Metabolism,0.16552786563090738,0.2756746335851965,0.4412024992161039
compound_only_enrich_mammalian_RAMP_P_000000421_seed5,Androgen and Estrogen Metabolism,kegg,0.5587974002977592,0.5587974002977592,False,False,Steroid hormone biosynthesis,0.999999899513863,0.999999899513863,True,True,Androgen and Estrogen Metabolism,0.4216159886498044,0.4216159886498044,False,False,actual pathway,0.4412024992161039,-0.5783839108640587,-0.13718141164795478
compound_only_enrich_mammalian_RAMP_P_000000421_seed6,Androgen and Estrogen Metabolism,kegg,0.4084007475140673,0.4084007475140673,False,False,hormone biosynthesis,0.999999899513863,0.999999899513863,True,True,Androgen and Estrogen Metabolism,0.999999899513863,0.999999899513863,True,True,Androgen and Estrogen Metabolism,0.5915991519997957,0.0,0.5915991519997957
compound_only_enrich_mammalian_RAMP_P_000000421_seed8,Androgen and Estrogen Metabolism,kegg,0.4084007475140673,0.4084007475140673,False,False,hormone biosynthesis,0.999999899513863,0.999999899513863,True,True,Androgen and Estrogen Metabolism,0.999999899513863,0.999999899513863,True,True,Androgen and Estrogen Metabolism,0.5915991519997957,0.0,0.5915991519997957
compound_only_enrich_mammalian_RAMP_P_000025682_seed2,Celecoxib Action Pathway,smpdb,0.4949842324387699,0.4949842324387699,False,False,Arachidonic acid metabolism,0.6674016023926571,0.6698697953807811,False,False,NSAID-specific drug-action pathway,1.0000001189568997,1.0000001189568997,True,True,Celecoxib Action Pathway,0.17241736995388723,0.33259851656424255,0.5050158865181298
compound_only_enrich_mammalian_RAMP_P_000050021_seed0,Biological oxidations,reactome,0.5229735964197266,0.8217436747704865,False,True,xenobiotic metabolism,0.9999998845904756,0.9999998845904756,True,True,Biological oxidations,0.9999998845904756,0.9999998845904756,True,True,Biological oxidations,0.477026288170749,0.0,0.477026288170749
compound_only_enrich_mammalian_RAMP_P_000050021_seed1,Biological oxidations,reactome,0.3358711307646387,0.6657487531315703,False,True,Phase I metabolism,0.5229735964197266,0.8217436747704865,False,True,xenobiotic metabolism,0.5229735964197266,0.8217436747704865,False,True,xenobiotic metabolism,0.18710246565508792,0.0,0.18710246565508792
compound_only_enrich_mammalian_RAMP_P_000050021_seed2,Biological oxidations,reactome,0.5229735964197266,0.8217436747704865,False,True,xenobiotic metabolism,0.44065193609992,0.7894180939495871,False,True,Phase II xenobiotic metabolism,0.9999998845904756,0.9999998845904756,True,True,Biological oxidations,-0.08232166031980664,0.5593479484905557,0.477026288170749
compound_only_enrich_mammalian_RAMP_P_000050021_seed3,Biological oxidations,reactome,0.5229735964197266,0.8217436747704865,False,True,xenobiotic metabolism,0.9999998845904756,0.9999998845904756,True,True,Biological oxidations,0.9999998845904756,0.9999998845904756,True,True,Biological oxidations,0.477026288170749,0.0,0.477026288170749
compound_only_enrich_mammalian_RAMP_P_000050021_seed4,Biological oxidations,reactome,0.5229735964197266,0.8217436747704865,False,True,xenobiotic metabolism,0.3660103674689954,0.4797779398336447,False,False,verified pathway,0.3349222628782139,0.480069407067364,False,False,The top pathway,-0.15696322895073123,-0.031088104590781485,-0.1880513335415127
compound_only_enrich_mammalian_RAMP_P_000050021_seed5,Biological oxidations,reactome,0.5229735964197266,0.8217436747704865,False,True,Xenobiotic metabolism,0.9999998845904756,0.9999998845904756,True,True,Biological oxidations,0.9999998845904756,0.9999998845904756,True,True,Biological oxidations,0.477026288170749,0.0,0.477026288170749
compound_only_enrich_mammalian_RAMP_P_000050021_seed6,Biological oxidations,reactome,0.4175923827183762,0.7502922038752562,False,True,II metabolism,0.5229735964197266,0.8217436747704865,False,True,xenobiotic metabolism,0.5229735964197266,0.8217436747704865,False,True,xenobiotic metabolism,0.10538121370135045,0.0,0.10538121370135045
compound_only_enrich_mammalian_RAMP_P_000050021_seed7,Biological oxidations,reactome,0.251471162381913,0.3151603642012382,False,False,leukotriene biosynthesis,0.9999998845904756,0.9999998845904756,True,True,Biological oxidations,0.9999998845904756,0.9999998845904756,True,True,Biological oxidations,0.7485287222085626,0.0,0.7485287222085626
compound_only_enrich_mammalian_RAMP_P_000050021_seed8,Biological oxidations,reactome,0.5229735964197266,0.8217436747704865,False,True,Xenobiotic metabolism,0.3434835235224572,0.4499925885157658,False,False,I've verified pathway,0.3878008804864889,0.5432408568783494,False,False,Reactome pathway,-0.17949007289726943,0.04431735696403172,-0.1351727159332377
compound_only_enrich_mammalian_RAMP_P_000050021_seed9,Biological oxidations,reactome,0.5229735964197266,0.8217436747704865,False,True,xenobiotic metabolism,0.5229735964197266,0.8217436747704865,False,True,xenobiotic metabolism,0.5229735964197266,0.8217436747704865,False,True,xenobiotic metabolism,0.0,0.0,0.0
compound_only_enrich_mammalian_RAMP_P_000050096_seed6,Metabolism of amino acids and derivatives,reactome,0.5699837143622734,0.5699837143622734,False,False,tyrosine metabolism,0.5699837143622734,0.5699837143622734,False,False,tyrosine metabolism,0.278850322279449,1.0000000163705307,False,True,Alkaptonuria,0.0,-0.29113339208282435,-0.29113339208282435
compound_only_enrich_mammalian_RAMP_P_000050099_seed6,Pyrimidine catabolism,reactome,0.7071102520815812,0.7071102520815812,True,True,pyrimidine metabolism,1.000000152765817,1.000000152765817,True,True,Pyrimidine catabolism,0.6281458892129,0.6281458892129,False,False,thymine catabolism,0.2928899006842359,-0.37185426355291706,-0.07896436286868114
compound_only_enrich_mammalian_RAMP_P_000052855_seed0,Sulfatase and aromatase pathway,wikipathways,0.3262248429177392,0.4084007475140673,False,False,hormone biosynthesis,0.5926593013399727,0.999999899513863,False,True,Androgen and Estrogen Metabolism,0.5926593013399727,0.999999899513863,False,True,Androgen and Estrogen Metabolism,0.2664344584222335,0.0,0.2664344584222335
compound_only_enrich_mammalian_RAMP_P_000053042_seed9,Steroid biosynthesis,wikipathways,0.2606756241775074,0.4508179604017072,False,False,The clearest pathway,0.5559788545026573,0.6055779899622331,False,False,Androgen and Estrogen Metabolism,0.1987403194133988,0.9999999904963014,False,True,Androgen receptor network in prostate cancer,0.2953032303251499,-0.35723853508925846,-0.06193530476410858
compound_only_enrich_mammalian_RAMP_P_000053306_seed1,Pyrimidine metabolism,wikipathways,0.7071101925572363,0.7071101925572363,True,True,pyrimidine catabolism,0.9999999966934278,0.9999999966934278,True,True,Pyrimidine metabolism,0.9999999966934278,0.9999999966934278,True,True,Pyrimidine metabolism,0.2928898041361915,0.0,0.2928898041361915
compound_only_enrich_mammalian_RAMP_P_000053306_seed7,Pyrimidine metabolism,wikipathways,1.0000000055842404,1.0000000055842404,True,True,pyrimidine metabolism,1.0000000055842404,1.0000000055842404,True,True,pyrimidine metabolism,0.9999999966934278,0.9999999966934278,True,True,Pyrimidine metabolism,0.0,-8.890812641659807e-09,-8.890812641659807e-09
compound_only_enrich_mammalian_lm_pathway_WP167_seed0,Eicosanoid synthesis,lipidmaps,0.4193832374871163,0.4608412950962475,False,False,acid metabolism,0.3309564376392276,0.3676415323361053,False,False,KEGG pathway,0.3309564376392276,0.3676415323361053,False,False,KEGG pathway,-0.0884267998478887,0.0,-0.0884267998478887
compound_only_enrich_mammalian_lm_pathway_WP167_seed1,Eicosanoid synthesis,lipidmaps,0.9944915674237438,0.9944915674237438,True,True,eicosanoid biosynthesis,1.0000000721685292,1.0000000721685292,True,True,Eicosanoid synthesis,1.0000000721685292,1.0000000721685292,True,True,Eicosanoid synthesis,0.00550850474478537,0.0,0.00550850474478537
compound_only_enrich_mammalian_lm_pathway_WP167_seed2,Eicosanoid synthesis,lipidmaps,0.3296689023596827,0.4116772299972201,False,False,The predominant pathway,1.0000000721685292,1.0000000721685292,True,True,Eicosanoid synthesis,1.0000000721685292,1.0000000721685292,True,True,Eicosanoid synthesis,0.6703311698088464,0.0,0.6703311698088464
compound_only_enrich_mammalian_lm_pathway_WP167_seed3,Eicosanoid synthesis,lipidmaps,0.7676579564493683,0.7676579564493683,True,True,eicosanoid metabolism,1.0000000721685292,1.0000000721685292,True,True,Eicosanoid synthesis,0.3802351271659784,0.3802351271659784,False,False,inflammatory signaling,0.23234211571916086,-0.6197649450025507,-0.3874228292833899
compound_only_enrich_mammalian_lm_pathway_WP167_seed4,Eicosanoid synthesis,lipidmaps,0.4193832374871163,0.4608412950962475,False,False,acid metabolism,1.0000000721685292,1.0000000721685292,True,True,Eicosanoid synthesis,1.0000000721685292,1.0000000721685292,True,True,Eicosanoid synthesis,0.5806168346814129,0.0,0.5806168346814129
compound_only_enrich_mammalian_lm_pathway_WP167_seed5,Eicosanoid synthesis,lipidmaps,0.9944915674237438,0.9944915674237438,True,True,eicosanoid biosynthesis,1.0000000721685292,1.0000000721685292,True,True,Eicosanoid synthesis,1.0000000721685292,1.0000000721685292,True,True,Eicosanoid synthesis,0.00550850474478537,0.0,0.00550850474478537
compound_only_enrich_mammalian_lm_pathway_WP167_seed6,Eicosanoid synthesis,lipidmaps,0.4193832374871163,0.4608412950962475,False,False,acid metabolism,1.0000000721685292,1.0000000721685292,True,True,Eicosanoid synthesis,1.0000000721685292,1.0000000721685292,True,True,Eicosanoid synthesis,0.5806168346814129,0.0,0.5806168346814129
compound_only_enrich_mammalian_lm_pathway_WP167_seed7,Eicosanoid synthesis,lipidmaps,0.4193832374871163,0.4608412950962475,False,False,acid metabolism,1.0000000721685292,1.0000000721685292,True,True,Eicosanoid synthesis,0.4125689066089075,0.5904310906561268,False,False,Rofecoxib Action Pathway,0.5806168346814129,-0.5874311655596216,-0.0068143308782088186
compound_only_enrich_mammalian_lm_pathway_WP167_seed8,Eicosanoid synthesis,lipidmaps,0.8466710513954654,0.8466710513954654,True,True,Eicosanoid pathway,0.4992293639305454,0.5852438592972969,False,False,SMPDB Arachidonic Acid Metabolism pathway,1.0000000721685292,1.0000000721685292,True,True,Eicosanoid synthesis,-0.34744168746492,0.5007707082379838,0.15332902077306376
compound_only_enrich_mammalian_lm_pathway_WP167_seed9,Eicosanoid synthesis,lipidmaps,0.4193832374871163,0.4608412950962475,False,False,acid metabolism,0.3761134497150023,0.4540313420727081,False,False,Top pathway,0.330041811533162,0.3628043904462075,False,False,SMP00075 pathway,-0.04326978777211399,-0.046071638181840346,-0.08934142595395433
