task_id,gt_pathway_name,gt_pathway_source,llm_score,metagent_score,delta,predicted_top_pathway_llm,predicted_top_pathway_metagent
compound_only_enrich_mammalian_RAMP_P_000000141_seed5,Tryptophan metabolism,kegg,0.9999999269447843,0.2927745287030747,-0.7072253982417096,tryptophan metabolism,enriched pathway
compound_only_enrich_mammalian_RAMP_P_000000398_seed0,Galactose Metabolism,kegg,0.9999999832245212,0.5274823902606672,-0.472517592963854,galactose metabolism,Galactosemia
compound_only_enrich_mammalian_RAMP_P_000000398_seed8,Galactose Metabolism,kegg,0.9999999675920972,0.5274823902606672,-0.47251757733142996,Galactose metabolism,Galactosemia
compound_only_enrich_mammalian_RAMP_P_000000398_seed7,Galactose Metabolism,kegg,0.9999999675920972,0.5274823902606672,-0.47251757733142996,Galactose metabolism,Galactosemia
compound_only_enrich_mammalian_lm_pathway_WP167_seed3,Eicosanoid synthesis,lipidmaps,0.7676579564493683,0.3802351271659784,-0.3874228292833899,eicosanoid metabolism,inflammatory signaling
compound_only_enrich_mammalian_RAMP_P_000050096_seed6,Metabolism of amino acids and derivatives,reactome,0.5699837143622734,0.278850322279449,-0.29113339208282435,tyrosine metabolism,Alkaptonuria
compound_only_enrich_mammalian_RAMP_P_000000106_seed8,Tyrosine metabolism,kegg,0.5174951223925626,0.3016706244841284,-0.21582449790843417,glycerolipid metabolism,enriched pathway
compound_only_enrich_mammalian_RAMP_P_000050021_seed4,Biological oxidations,reactome,0.5229735964197266,0.3349223002459232,-0.18805129617380345,xenobiotic metabolism,The top pathway
compound_only_enrich_mammalian_RAMP_P_000000398_seed9,Galactose Metabolism,kegg,0.7131519530487261,0.5274823902606672,-0.1856695627880589,carbohydrate metabolism,Galactosemia
compound_only_enrich_mammalian_RAMP_P_000000421_seed5,Androgen and Estrogen Metabolism,kegg,0.5587973975371037,0.4216159542824285,-0.13718144325467518,Steroid hormone biosynthesis,actual pathway
compound_only_enrich_mammalian_RAMP_P_000050021_seed8,Biological oxidations,reactome,0.5229736939802337,0.3878009215057565,-0.13517277247447723,Xenobiotic metabolism,Reactome pathway
compound_only_enrich_mammalian_lm_pathway_WP167_seed9,Eicosanoid synthesis,lipidmaps,0.4193832345233349,0.330041811533162,-0.08934142299017295,acid metabolism,SMP00075 pathway
compound_only_enrich_mammalian_lm_pathway_WP167_seed0,Eicosanoid synthesis,lipidmaps,0.4193832345233349,0.3309564376392276,-0.08842679688410732,acid metabolism,KEGG pathway
compound_only_enrich_mammalian_RAMP_P_000050099_seed6,Pyrimidine catabolism,reactome,0.7071102520815812,0.6281458892129,-0.07896436286868114,pyrimidine metabolism,thymine catabolism
compound_only_enrich_mammalian_RAMP_P_000053042_seed9,Steroid biosynthesis,wikipathways,0.2606753906961708,0.1987401855590641,-0.06193520513710671,The clearest pathway,Androgen receptor network in prostate cancer
compound_only_enrich_mammalian_lm_pathway_WP167_seed7,Eicosanoid synthesis,lipidmaps,0.4193832345233349,0.4125689066089075,-0.006814327914427432,acid metabolism,Rofecoxib Action Pathway
compound_only_enrich_mammalian_RAMP_P_000053306_seed7,Pyrimidine metabolism,wikipathways,1.0000000144762426,1.0000000144762426,0.0,pyrimidine metabolism,Pyrimidine metabolism
compound_only_enrich_mammalian_RAMP_P_000050021_seed9,Biological oxidations,reactome,0.5229735964197266,0.5229735964197266,0.0,xenobiotic metabolism,xenobiotic metabolism
compound_only_enrich_mammalian_RAMP_P_000000141_seed0,Tryptophan metabolism,kegg,0.9999999508860622,0.9999999508860622,0.0,Tryptophan metabolism,Tryptophan metabolism
compound_only_enrich_mammalian_RAMP_P_000000141_seed3,Tryptophan metabolism,kegg,0.9999999508860622,0.9999999508860622,0.0,Tryptophan metabolism,Tryptophan metabolism
compound_only_enrich_mammalian_RAMP_P_000000141_seed2,Tryptophan metabolism,kegg,0.9999999269447843,0.9999999508860622,2.394127784910438e-08,tryptophan metabolism,Tryptophan metabolism
compound_only_enrich_mammalian_lm_pathway_WP167_seed1,Eicosanoid synthesis,lipidmaps,0.9944915674237438,1.0000000721685292,0.00550850474478537,eicosanoid biosynthesis,Eicosanoid synthesis
compound_only_enrich_mammalian_lm_pathway_WP167_seed5,Eicosanoid synthesis,lipidmaps,0.9944915674237438,1.0000000721685292,0.00550850474478537,eicosanoid biosynthesis,Eicosanoid synthesis
compound_only_enrich_mammalian_RAMP_P_000050021_seed6,Biological oxidations,reactome,0.4175923827183762,0.5229735964197266,0.10538121370135045,II metabolism,xenobiotic metabolism
compound_only_enrich_mammalian_RAMP_P_000000398_seed3,Galactose Metabolism,kegg,0.4013742157718575,0.5274823902606672,0.12610817448880973,sucrose catabolism,Galactosemia
compound_only_enrich_mammalian_lm_pathway_WP167_seed8,Eicosanoid synthesis,lipidmaps,0.8466710513954654,1.0000000721685292,0.15332902077306376,Eicosanoid pathway,Eicosanoid synthesis
compound_only_enrich_mammalian_RAMP_P_000000398_seed6,Galactose Metabolism,kegg,0.3472541872036763,0.5274823902606672,0.18022820305699094,phosphate signaling,Galactosemia
compound_only_enrich_mammalian_RAMP_P_000050021_seed1,Biological oxidations,reactome,0.3358711307646387,0.5229735964197266,0.18710246565508792,Phase I metabolism,xenobiotic metabolism
compound_only_enrich_mammalian_RAMP_P_000000016_seed7,"Glycine, serine and threonine metabolism",kegg,0.7531751889438585,1.000000153176198,0.24682496423233946,homocysteine metabolism,"Glycine, serine and threonine metabolism"
compound_only_enrich_mammalian_RAMP_P_000052855_seed0,Sulfatase and aromatase pathway,wikipathways,0.3262248129436452,0.5926592730922369,0.2664344601485917,hormone biosynthesis,Androgen and Estrogen Metabolism
compound_only_enrich_mammalian_RAMP_P_000000398_seed4,Galactose Metabolism,kegg,0.2518544381132927,0.5274823902606672,0.2756279521473745,indicated pathway,Galactosemia
compound_only_enrich_mammalian_RAMP_P_000053306_seed1,Pyrimidine metabolism,wikipathways,0.7071102520815812,1.0000000144762426,0.29288976239466147,pyrimidine catabolism,Pyrimidine metabolism
compound_only_enrich_mammalian_RAMP_P_000000141_seed1,Tryptophan metabolism,kegg,0.6931636221899238,0.9999999269447843,0.30683630475486057,tryptophan catabolism,tryptophan metabolism
compound_only_enrich_mammalian_RAMP_P_000000141_seed7,Tryptophan metabolism,kegg,0.6931636221899238,0.9999999508860622,0.3068363286961384,tryptophan catabolism,Tryptophan metabolism
compound_only_enrich_mammalian_RAMP_P_000000106_seed3,Tyrosine metabolism,kegg,0.6916378181102337,0.999999948995534,0.3083621308853003,tyrosine catabolism,tyrosine metabolism
compound_only_enrich_mammalian_RAMP_P_000000016_seed4,"Glycine, serine and threonine metabolism",kegg,0.6071297286440354,1.000000153176198,0.3928704245321626,acid metabolism,"Glycine, serine and threonine metabolism"
compound_only_enrich_mammalian_RAMP_P_000000106_seed0,Tyrosine metabolism,kegg,0.604032978401626,0.999999918821174,0.39596694041954805,Amino acid metabolism,Tyrosine metabolism
compound_only_enrich_mammalian_RAMP_P_000000141_seed6,Tryptophan metabolism,kegg,0.5640485698851229,0.9999999269447843,0.4359513570596615,melatonin biosynthesis,tryptophan metabolism
compound_only_enrich_mammalian_RAMP_P_000000141_seed4,Tryptophan metabolism,kegg,0.5640485698851229,0.9999999508860622,0.43595138100093933,melatonin biosynthesis,Tryptophan metabolism
compound_only_enrich_mammalian_RAMP_P_000000421_seed4,Androgen and Estrogen Metabolism,kegg,0.5587973975371037,0.999999899513863,0.44120250197675936,Steroid hormone biosynthesis,Androgen and Estrogen Metabolism
compound_only_enrich_mammalian_RAMP_P_000000398_seed2,Galactose Metabolism,kegg,0.547304555084189,0.9999999832245212,0.45269542814033226,Phospholipid metabolism,galactose metabolism
compound_only_enrich_mammalian_RAMP_P_000000016_seed6,"Glycine, serine and threonine metabolism",kegg,0.5465804302386328,1.000000153176198,0.45341972293756516,one-carbon metabolism,"Glycine, serine and threonine metabolism"
compound_only_enrich_mammalian_RAMP_P_000000016_seed2,"Glycine, serine and threonine metabolism",kegg,0.5465803958444065,1.000000153176198,0.4534197573317914,One-carbon metabolism,"Glycine, serine and threonine metabolism"
compound_only_enrich_mammalian_RAMP_P_000050021_seed5,Biological oxidations,reactome,0.5229736939802337,0.9999998845904756,0.4770261906102419,Xenobiotic metabolism,Biological oxidations
compound_only_enrich_mammalian_RAMP_P_000050021_seed0,Biological oxidations,reactome,0.5229735964197266,0.9999998845904756,0.477026288170749,xenobiotic metabolism,Biological oxidations
compound_only_enrich_mammalian_RAMP_P_000050021_seed2,Biological oxidations,reactome,0.5229735964197266,0.9999998845904756,0.477026288170749,xenobiotic metabolism,Biological oxidations
compound_only_enrich_mammalian_RAMP_P_000050021_seed3,Biological oxidations,reactome,0.5229735964197266,0.9999998845904756,0.477026288170749,xenobiotic metabolism,Biological oxidations
compound_only_enrich_mammalian_RAMP_P_000000398_seed5,Galactose Metabolism,kegg,0.5000395398268946,0.9999999832245212,0.4999604433976266,energy metabolism,galactose metabolism
compound_only_enrich_mammalian_RAMP_P_000025682_seed2,Celecoxib Action Pathway,smpdb,0.4949842324387699,1.0000001189568997,0.5050158865181298,Arachidonic acid metabolism,Celecoxib Action Pathway
compound_only_enrich_mammalian_RAMP_P_000000016_seed1,"Glycine, serine and threonine metabolism",kegg,0.4778973760811801,1.000000153176198,0.5221027770950178,cysteine biosynthesis,"Glycine, serine and threonine metabolism"
compound_only_enrich_mammalian_RAMP_P_000000016_seed9,"Glycine, serine and threonine metabolism",kegg,0.4509984335815923,1.000000153176198,0.5490017195946056,TCA cycle,"Glycine, serine and threonine metabolism"
compound_only_enrich_mammalian_lm_pathway_WP167_seed6,Eicosanoid synthesis,lipidmaps,0.4193832345233349,1.0000000721685292,0.5806168376451942,acid metabolism,Eicosanoid synthesis
compound_only_enrich_mammalian_lm_pathway_WP167_seed4,Eicosanoid synthesis,lipidmaps,0.4193832345233349,1.0000000721685292,0.5806168376451942,acid metabolism,Eicosanoid synthesis
compound_only_enrich_mammalian_RAMP_P_000000421_seed3,Androgen and Estrogen Metabolism,kegg,0.4084007475140673,0.999999899513863,0.5915991519997957,hormone biosynthesis,Androgen and Estrogen Metabolism
compound_only_enrich_mammalian_RAMP_P_000000421_seed1,Androgen and Estrogen Metabolism,kegg,0.4084007475140673,0.999999899513863,0.5915991519997957,hormone biosynthesis,Androgen and Estrogen Metabolism
compound_only_enrich_mammalian_RAMP_P_000000421_seed8,Androgen and Estrogen Metabolism,kegg,0.4084007475140673,0.999999899513863,0.5915991519997957,hormone biosynthesis,Androgen and Estrogen Metabolism
compound_only_enrich_mammalian_RAMP_P_000000421_seed6,Androgen and Estrogen Metabolism,kegg,0.4084007475140673,0.999999899513863,0.5915991519997957,hormone biosynthesis,Androgen and Estrogen Metabolism
compound_only_enrich_mammalian_RAMP_P_000000141_seed8,Tryptophan metabolism,kegg,0.3351293602766578,0.9353904456284886,0.6002610853518309,Likely pathway,Tryptophan metabolism pathway
compound_only_enrich_mammalian_RAMP_P_000000398_seed1,Galactose Metabolism,kegg,0.3966293751246893,0.9999999832245212,0.6033706080998319,represented pathway,galactose metabolism
compound_only_enrich_mammalian_lm_pathway_WP167_seed2,Eicosanoid synthesis,lipidmaps,0.3296688963735054,1.0000000721685292,0.6703311757950238,The predominant pathway,Eicosanoid synthesis
compound_only_enrich_mammalian_RAMP_P_000000106_seed2,Tyrosine metabolism,kegg,0.3122607759710761,0.999999918821174,0.6877391428500979,interconnected pathway,Tyrosine metabolism
compound_only_enrich_mammalian_RAMP_P_000050021_seed7,Biological oxidations,reactome,0.251471110632556,0.9999998845904756,0.7485287739579196,leukotriene biosynthesis,Biological oxidations
compound_only_enrich_mammalian_RAMP_P_000000421_seed2,Androgen and Estrogen Metabolism,kegg,0.23417861049704,0.999999899513863,0.765821289016823,tryptophan degradation,Androgen and Estrogen Metabolism
