task_id,strict_top1_hit_llm,predicted_top_pathway_llm,ground_truth_pathway_llm,strict_top1_hit_metagent,predicted_top_pathway_metagent,ground_truth_pathway_metagent,transition
compound_only_enrich_mammalian_RAMP_P_000000016_seed1,False,cysteine biosynthesis,"Glycine, serine and threonine metabolism",True,"Glycine, serine and threonine metabolism","Glycine, serine and threonine metabolism",Corrected by MetAgent
compound_only_enrich_mammalian_RAMP_P_000000016_seed2,False,One-carbon metabolism,"Glycine, serine and threonine metabolism",True,"Glycine, serine and threonine metabolism","Glycine, serine and threonine metabolism",Corrected by MetAgent
compound_only_enrich_mammalian_RAMP_P_000000016_seed4,False,acid metabolism,"Glycine, serine and threonine metabolism",True,"Glycine, serine and threonine metabolism","Glycine, serine and threonine metabolism",Corrected by MetAgent
compound_only_enrich_mammalian_RAMP_P_000000016_seed6,False,one-carbon metabolism,"Glycine, serine and threonine metabolism",True,"Glycine, serine and threonine metabolism","Glycine, serine and threonine metabolism",Corrected by MetAgent
compound_only_enrich_mammalian_RAMP_P_000000016_seed7,False,homocysteine metabolism,"Glycine, serine and threonine metabolism",True,"Glycine, serine and threonine metabolism","Glycine, serine and threonine metabolism",Corrected by MetAgent
compound_only_enrich_mammalian_RAMP_P_000000016_seed9,False,TCA cycle,"Glycine, serine and threonine metabolism",True,"Glycine, serine and threonine metabolism","Glycine, serine and threonine metabolism",Corrected by MetAgent
compound_only_enrich_mammalian_RAMP_P_000000106_seed0,False,Amino acid metabolism,Tyrosine metabolism,True,Tyrosine metabolism,Tyrosine metabolism,Corrected by MetAgent
compound_only_enrich_mammalian_RAMP_P_000000106_seed2,False,interconnected pathway,Tyrosine metabolism,True,Tyrosine metabolism,Tyrosine metabolism,Corrected by MetAgent
compound_only_enrich_mammalian_RAMP_P_000000106_seed3,True,tyrosine catabolism,Tyrosine metabolism,True,tyrosine metabolism,Tyrosine metabolism,Both correct
compound_only_enrich_mammalian_RAMP_P_000000106_seed8,False,glycerolipid metabolism,Tyrosine metabolism,False,enriched pathway,Tyrosine metabolism,Both incorrect
compound_only_enrich_mammalian_RAMP_P_000000141_seed0,True,Tryptophan metabolism,Tryptophan metabolism,True,Tryptophan metabolism,Tryptophan metabolism,Both correct
compound_only_enrich_mammalian_RAMP_P_000000141_seed1,True,tryptophan catabolism,Tryptophan metabolism,True,tryptophan metabolism,Tryptophan metabolism,Both correct
compound_only_enrich_mammalian_RAMP_P_000000141_seed2,True,tryptophan metabolism,Tryptophan metabolism,True,Tryptophan metabolism,Tryptophan metabolism,Both correct
compound_only_enrich_mammalian_RAMP_P_000000141_seed3,True,Tryptophan metabolism,Tryptophan metabolism,True,Tryptophan metabolism,Tryptophan metabolism,Both correct
compound_only_enrich_mammalian_RAMP_P_000000141_seed4,False,melatonin biosynthesis,Tryptophan metabolism,True,Tryptophan metabolism,Tryptophan metabolism,Corrected by MetAgent
compound_only_enrich_mammalian_RAMP_P_000000141_seed5,True,tryptophan metabolism,Tryptophan metabolism,False,enriched pathway,Tryptophan metabolism,Lost by MetAgent
compound_only_enrich_mammalian_RAMP_P_000000141_seed6,False,melatonin biosynthesis,Tryptophan metabolism,True,tryptophan metabolism,Tryptophan metabolism,Corrected by MetAgent
compound_only_enrich_mammalian_RAMP_P_000000141_seed7,True,tryptophan catabolism,Tryptophan metabolism,True,Tryptophan metabolism,Tryptophan metabolism,Both correct
compound_only_enrich_mammalian_RAMP_P_000000141_seed8,False,Likely pathway,Tryptophan metabolism,True,Tryptophan metabolism pathway,Tryptophan metabolism,Corrected by MetAgent
compound_only_enrich_mammalian_RAMP_P_000000398_seed0,True,galactose metabolism,Galactose Metabolism,False,Galactosemia,Galactose Metabolism,Lost by MetAgent
compound_only_enrich_mammalian_RAMP_P_000000398_seed1,False,represented pathway,Galactose Metabolism,True,galactose metabolism,Galactose Metabolism,Corrected by MetAgent
compound_only_enrich_mammalian_RAMP_P_000000398_seed2,False,Phospholipid metabolism,Galactose Metabolism,True,galactose metabolism,Galactose Metabolism,Corrected by MetAgent
compound_only_enrich_mammalian_RAMP_P_000000398_seed3,False,sucrose catabolism,Galactose Metabolism,False,Galactosemia,Galactose Metabolism,Both incorrect
compound_only_enrich_mammalian_RAMP_P_000000398_seed4,False,indicated pathway,Galactose Metabolism,False,Galactosemia,Galactose Metabolism,Both incorrect
compound_only_enrich_mammalian_RAMP_P_000000398_seed5,False,energy metabolism,Galactose Metabolism,True,galactose metabolism,Galactose Metabolism,Corrected by MetAgent
compound_only_enrich_mammalian_RAMP_P_000000398_seed6,False,phosphate signaling,Galactose Metabolism,False,Galactosemia,Galactose Metabolism,Both incorrect
compound_only_enrich_mammalian_RAMP_P_000000398_seed7,True,Galactose metabolism,Galactose Metabolism,False,Galactosemia,Galactose Metabolism,Lost by MetAgent
compound_only_enrich_mammalian_RAMP_P_000000398_seed8,True,Galactose metabolism,Galactose Metabolism,False,Galactosemia,Galactose Metabolism,Lost by MetAgent
compound_only_enrich_mammalian_RAMP_P_000000398_seed9,False,carbohydrate metabolism,Galactose Metabolism,False,Galactosemia,Galactose Metabolism,Both incorrect
compound_only_enrich_mammalian_RAMP_P_000000421_seed1,False,hormone biosynthesis,Androgen and Estrogen Metabolism,True,Androgen and Estrogen Metabolism,Androgen and Estrogen Metabolism,Corrected by MetAgent
compound_only_enrich_mammalian_RAMP_P_000000421_seed2,False,tryptophan degradation,Androgen and Estrogen Metabolism,True,Androgen and Estrogen Metabolism,Androgen and Estrogen Metabolism,Corrected by MetAgent
compound_only_enrich_mammalian_RAMP_P_000000421_seed3,False,hormone biosynthesis,Androgen and Estrogen Metabolism,True,Androgen and Estrogen Metabolism,Androgen and Estrogen Metabolism,Corrected by MetAgent
compound_only_enrich_mammalian_RAMP_P_000000421_seed4,False,Steroid hormone biosynthesis,Androgen and Estrogen Metabolism,True,Androgen and Estrogen Metabolism,Androgen and Estrogen Metabolism,Corrected by MetAgent
compound_only_enrich_mammalian_RAMP_P_000000421_seed5,False,Steroid hormone biosynthesis,Androgen and Estrogen Metabolism,False,actual pathway,Androgen and Estrogen Metabolism,Both incorrect
compound_only_enrich_mammalian_RAMP_P_000000421_seed6,False,hormone biosynthesis,Androgen and Estrogen Metabolism,True,Androgen and Estrogen Metabolism,Androgen and Estrogen Metabolism,Corrected by MetAgent
compound_only_enrich_mammalian_RAMP_P_000000421_seed8,False,hormone biosynthesis,Androgen and Estrogen Metabolism,True,Androgen and Estrogen Metabolism,Androgen and Estrogen Metabolism,Corrected by MetAgent
compound_only_enrich_mammalian_RAMP_P_000025682_seed2,False,Arachidonic acid metabolism,Celecoxib Action Pathway,True,Celecoxib Action Pathway,Celecoxib Action Pathway,Corrected by MetAgent
compound_only_enrich_mammalian_RAMP_P_000050021_seed0,False,xenobiotic metabolism,Biological oxidations,True,Biological oxidations,Biological oxidations,Corrected by MetAgent
compound_only_enrich_mammalian_RAMP_P_000050021_seed1,False,Phase I metabolism,Biological oxidations,False,xenobiotic metabolism,Biological oxidations,Both incorrect
compound_only_enrich_mammalian_RAMP_P_000050021_seed2,False,xenobiotic metabolism,Biological oxidations,True,Biological oxidations,Biological oxidations,Corrected by MetAgent
compound_only_enrich_mammalian_RAMP_P_000050021_seed3,False,xenobiotic metabolism,Biological oxidations,True,Biological oxidations,Biological oxidations,Corrected by MetAgent
compound_only_enrich_mammalian_RAMP_P_000050021_seed4,False,xenobiotic metabolism,Biological oxidations,False,The top pathway,Biological oxidations,Both incorrect
compound_only_enrich_mammalian_RAMP_P_000050021_seed5,False,Xenobiotic metabolism,Biological oxidations,True,Biological oxidations,Biological oxidations,Corrected by MetAgent
compound_only_enrich_mammalian_RAMP_P_000050021_seed6,False,II metabolism,Biological oxidations,False,xenobiotic metabolism,Biological oxidations,Both incorrect
compound_only_enrich_mammalian_RAMP_P_000050021_seed7,False,leukotriene biosynthesis,Biological oxidations,True,Biological oxidations,Biological oxidations,Corrected by MetAgent
compound_only_enrich_mammalian_RAMP_P_000050021_seed8,False,Xenobiotic metabolism,Biological oxidations,False,Reactome pathway,Biological oxidations,Both incorrect
compound_only_enrich_mammalian_RAMP_P_000050021_seed9,False,xenobiotic metabolism,Biological oxidations,False,xenobiotic metabolism,Biological oxidations,Both incorrect
compound_only_enrich_mammalian_RAMP_P_000050096_seed6,False,tyrosine metabolism,Metabolism of amino acids and derivatives,False,Alkaptonuria,Metabolism of amino acids and derivatives,Both incorrect
compound_only_enrich_mammalian_RAMP_P_000050099_seed6,True,pyrimidine metabolism,Pyrimidine catabolism,False,thymine catabolism,Pyrimidine catabolism,Lost by MetAgent
compound_only_enrich_mammalian_RAMP_P_000052855_seed0,False,hormone biosynthesis,Sulfatase and aromatase pathway,False,Androgen and Estrogen Metabolism,Sulfatase and aromatase pathway,Both incorrect
compound_only_enrich_mammalian_RAMP_P_000053042_seed9,False,The clearest pathway,Steroid biosynthesis,False,Androgen receptor network in prostate cancer,Steroid biosynthesis,Both incorrect
compound_only_enrich_mammalian_RAMP_P_000053306_seed1,True,pyrimidine catabolism,Pyrimidine metabolism,True,Pyrimidine metabolism,Pyrimidine metabolism,Both correct
compound_only_enrich_mammalian_RAMP_P_000053306_seed7,True,pyrimidine metabolism,Pyrimidine metabolism,True,Pyrimidine metabolism,Pyrimidine metabolism,Both correct
compound_only_enrich_mammalian_lm_pathway_WP167_seed0,False,acid metabolism,Eicosanoid synthesis,False,KEGG pathway,Eicosanoid synthesis,Both incorrect
compound_only_enrich_mammalian_lm_pathway_WP167_seed1,True,eicosanoid biosynthesis,Eicosanoid synthesis,True,Eicosanoid synthesis,Eicosanoid synthesis,Both correct
compound_only_enrich_mammalian_lm_pathway_WP167_seed2,False,The predominant pathway,Eicosanoid synthesis,True,Eicosanoid synthesis,Eicosanoid synthesis,Corrected by MetAgent
compound_only_enrich_mammalian_lm_pathway_WP167_seed3,True,eicosanoid metabolism,Eicosanoid synthesis,False,inflammatory signaling,Eicosanoid synthesis,Lost by MetAgent
compound_only_enrich_mammalian_lm_pathway_WP167_seed4,False,acid metabolism,Eicosanoid synthesis,True,Eicosanoid synthesis,Eicosanoid synthesis,Corrected by MetAgent
compound_only_enrich_mammalian_lm_pathway_WP167_seed5,True,eicosanoid biosynthesis,Eicosanoid synthesis,True,Eicosanoid synthesis,Eicosanoid synthesis,Both correct
compound_only_enrich_mammalian_lm_pathway_WP167_seed6,False,acid metabolism,Eicosanoid synthesis,True,Eicosanoid synthesis,Eicosanoid synthesis,Corrected by MetAgent
compound_only_enrich_mammalian_lm_pathway_WP167_seed7,False,acid metabolism,Eicosanoid synthesis,False,Rofecoxib Action Pathway,Eicosanoid synthesis,Both incorrect
compound_only_enrich_mammalian_lm_pathway_WP167_seed8,True,Eicosanoid pathway,Eicosanoid synthesis,True,Eicosanoid synthesis,Eicosanoid synthesis,Both correct
compound_only_enrich_mammalian_lm_pathway_WP167_seed9,False,acid metabolism,Eicosanoid synthesis,False,SMP00075 pathway,Eicosanoid synthesis,Both incorrect
