task_id,gt_pathway_name,gt_pathway_source,gt_rank,pathway_family,llm_score,metagent_score,delta,predicted_top_pathway_llm,predicted_top_pathway_metagent
compound_only_enrich_mammalian_RAMP_P_000000421_seed2,Androgen and Estrogen Metabolism,kegg,3,RAMP_P_000000421,0.23417861049704,0.999999899513863,0.765821289016823,tryptophan degradation,Androgen and Estrogen Metabolism
compound_only_enrich_mammalian_RAMP_P_000050021_seed7,Biological oxidations,reactome,2,RAMP_P_000050021,0.251471110632556,0.9999998845904756,0.7485287739579196,leukotriene biosynthesis,Biological oxidations
compound_only_enrich_mammalian_RAMP_P_000000106_seed2,Tyrosine metabolism,kegg,1,RAMP_P_000000106,0.3122607759710761,0.999999918821174,0.6877391428500979,interconnected pathway,Tyrosine metabolism
compound_only_enrich_mammalian_lm_pathway_WP167_seed2,Eicosanoid synthesis,lipidmaps,1,lm_pathway_WP167,0.3296688963735054,1.0000000721685292,0.6703311757950238,The predominant pathway,Eicosanoid synthesis
compound_only_enrich_mammalian_RAMP_P_000000398_seed1,Galactose Metabolism,kegg,3,RAMP_P_000000398,0.3966293751246893,0.9999999832245212,0.6033706080998319,represented pathway,galactose metabolism
compound_only_enrich_mammalian_RAMP_P_000000141_seed8,Tryptophan metabolism,kegg,1,RAMP_P_000000141,0.3351293602766578,0.9353904456284886,0.6002610853518309,Likely pathway,Tryptophan metabolism pathway
compound_only_enrich_mammalian_RAMP_P_000000421_seed1,Androgen and Estrogen Metabolism,kegg,3,RAMP_P_000000421,0.4084007475140673,0.999999899513863,0.5915991519997957,hormone biosynthesis,Androgen and Estrogen Metabolism
compound_only_enrich_mammalian_RAMP_P_000000421_seed3,Androgen and Estrogen Metabolism,kegg,3,RAMP_P_000000421,0.4084007475140673,0.999999899513863,0.5915991519997957,hormone biosynthesis,Androgen and Estrogen Metabolism
compound_only_enrich_mammalian_RAMP_P_000000421_seed8,Androgen and Estrogen Metabolism,kegg,3,RAMP_P_000000421,0.4084007475140673,0.999999899513863,0.5915991519997957,hormone biosynthesis,Androgen and Estrogen Metabolism
compound_only_enrich_mammalian_RAMP_P_000000421_seed6,Androgen and Estrogen Metabolism,kegg,3,RAMP_P_000000421,0.4084007475140673,0.999999899513863,0.5915991519997957,hormone biosynthesis,Androgen and Estrogen Metabolism
compound_only_enrich_mammalian_lm_pathway_WP167_seed4,Eicosanoid synthesis,lipidmaps,1,lm_pathway_WP167,0.4193832345233349,1.0000000721685292,0.5806168376451942,acid metabolism,Eicosanoid synthesis
compound_only_enrich_mammalian_lm_pathway_WP167_seed6,Eicosanoid synthesis,lipidmaps,1,lm_pathway_WP167,0.4193832345233349,1.0000000721685292,0.5806168376451942,acid metabolism,Eicosanoid synthesis
compound_only_enrich_mammalian_RAMP_P_000000016_seed9,"Glycine, serine and threonine metabolism",kegg,1,RAMP_P_000000016,0.4509984335815923,1.000000153176198,0.5490017195946056,TCA cycle,"Glycine, serine and threonine metabolism"
compound_only_enrich_mammalian_RAMP_P_000000016_seed1,"Glycine, serine and threonine metabolism",kegg,1,RAMP_P_000000016,0.4778973760811801,1.000000153176198,0.5221027770950178,cysteine biosynthesis,"Glycine, serine and threonine metabolism"
compound_only_enrich_mammalian_RAMP_P_000025682_seed2,Celecoxib Action Pathway,smpdb,1,RAMP_P_000025682,0.4949842324387699,1.0000001189568997,0.5050158865181298,Arachidonic acid metabolism,Celecoxib Action Pathway
