task_id,id_strategy,ground_truth_pathway,predicted_top_pathway,top1_pathway_strict,top3_pathway_acceptance,driver_precision,driver_recall,false_noise_rate,off_pathway_count,n_spectra,n_identified,identification_accuracy,narrative_chars,elapsed_seconds,elapsed_id_seconds,elapsed_llm_seconds,signal_count,noise_count,error
e2e_enrich_mammalian_RAMP_P_000000106_seed2068278441,library_search,Tyrosine metabolism,homocysteine metabolism,False,False,0.5,0.2,0.5,12,9,8,0.7777777777777778,3702,251.24287229776382,81.60391942411661,169.63892318680882,5,2,
e2e_enrich_mammalian_RAMP_P_000052705_seed2572336121,library_search,Statin inhibition of cholesterol production,cGMP signaling,False,False,0.0,0.0,0.0,11,7,7,1.0,3989,118.67927263490856,1.974709801375866,116.70451771654189,8,5,
e2e_enrich_mammalian_RAMP_P_000053157_seed2543740977,library_search,Selenium micronutrient network,drug metabolism,False,False,0.0,0.0,0.0,7,5,5,0.6,3315,142.35069186799228,1.2182711195200682,141.1323934365064,6,5,
e2e_enrich_mammalian_RAMP_P_000053306_seed269957960,library_search,Pyrimidine metabolism,The clearest pathway,False,False,0.0,0.0,0.0,9,9,7,0.5555555555555556,2036,50.12518981099129,2.166962230578065,47.95819552242756,5,2,
e2e_enrich_mammalian_RAMP_P_000053306_seed2915906702,library_search,Pyrimidine metabolism,novo biosynthesis,False,False,0.0,0.0,0.0,4,8,6,0.5,1909,25.032579014077783,1.9041886702179909,23.128355911001563,5,3,
e2e_enrich_mammalian_RAMP_P_000053306_seed4051904823,library_search,Pyrimidine metabolism,pyrimidine metabolism,True,True,0.0,0.0,0.0,4,11,9,0.6363636363636364,1994,40.24873401597142,2.60581748560071,37.64288209564984,6,5,
e2e_enrich_mammalian_RAMP_P_000053306_seed1809628705,library_search,Pyrimidine metabolism,pyrimidine metabolism,True,True,1.0,0.16666666666666666,0.0,4,12,10,0.6666666666666666,2262,53.81487602740526,2.9057661779224873,50.90907304175198,6,4,
e2e_enrich_mammalian_RAMP_P_000053306_seed3100819975,library_search,Pyrimidine metabolism,pyrimidine metabolism,True,True,0.0,0.0,0.0,5,7,6,0.8571428571428571,2145,23.555958200246096,1.6691880207508802,21.886740496382117,6,2,
e2e_enrich_mammalian_RAMP_P_000025712_seed4052145624,library_search,Sulindac Action Pathway,C21-steroid metabolism,False,False,0.0,0.0,0.0,4,12,12,0.3333333333333333,1901,40.1871289703995,3.060626747086644,37.126463044434786,6,4,
e2e_enrich_mammalian_RAMP_P_000000026_seed1549320213,library_search,Methionine Metabolism,energy metabolism,False,False,1.0,0.125,0.0,6,8,6,0.75,2081,58.343764917925,1.9755566287785769,56.36817860789597,8,2,
e2e_enrich_mammalian_RAMP_P_000000026_seed2917579066,library_search,Methionine Metabolism,Transsulfuration pathway,False,False,0.5,0.125,0.5,9,7,6,0.8571428571428571,1919,24.588899083435535,1.7131714913994074,22.875697907060385,8,2,
e2e_enrich_mammalian_RAMP_P_000000026_seed3265338497,library_search,Methionine Metabolism,polyamine metabolism,False,False,0.0,0.0,0.0,5,9,9,0.8888888888888888,2404,22.5263351239264,2.2828560303896666,20.24344466254115,7,3,
e2e_enrich_mammalian_RAMP_P_000000026_seed1221928389,library_search,Methionine Metabolism,methionine cycle,True,True,0.0,0.0,1.0,7,12,11,0.9166666666666666,2160,38.170596739277244,3.04521694034338,35.125340620055795,8,4,
e2e_enrich_mammalian_RAMP_P_000000026_seed2332602456,library_search,Methionine Metabolism,Probable pathway,False,False,1.0,0.125,0.0,12,12,11,0.75,2879,98.66321399994195,3.0227203350514174,95.64045686088502,8,4,
