claim_subtype,verdict,n,pct_within_group,pct_all_claims
biological_context,contradicted,1,0.12195121951219512,0.03557452863749555
biological_context,supported,81,9.878048780487806,2.88153681963714
biological_context,unsupported,55,6.707317073170732,1.9565990750622555
biological_context,unverifiable_v0,683,83.29268292682926,24.297403059409465
chemical_taxonomy,unverifiable_v0,3,100.0,0.10672358591248667
database_id,supported,17,3.549060542797495,0.6047669868374245
database_id,unsupported,8,1.6701461377870561,0.2845962290999644
database_id,unverifiable_v0,454,94.78079331941545,16.15083600142298
driver_list,contradicted,2,13.333333333333334,0.0711490572749911
driver_list,supported,13,86.66666666666667,0.46246887228744216
enrichment_pathway,contradicted,4,3.361344537815126,0.1422981145499822
enrichment_pathway,supported,108,90.75630252100841,3.84204909284952
enrichment_pathway,unsupported,7,5.88235294117647,0.24902170046246885
formula,unverifiable_v0,6,100.0,0.21344717182497333
literature_free_text,unverifiable_v0,12,100.0,0.42689434364994666
literature_pmid,unverifiable_v0,17,100.0,0.6047669868374245
pathway_cross_talk,supported,1,100.0,0.03557452863749555
pathway_membership,contradicted,11,1.4267185473411155,0.39131981501245106
pathway_membership,supported,610,79.11802853437095,21.700462468872285
pathway_membership,unsupported,76,9.857328145265889,2.703664176449662
pathway_membership,unverifiable_v0,74,9.59792477302205,2.632515119174671
pathway_shared_intermediates,supported,4,100.0,0.1422981145499822
ranking,contradicted,1,10.0,0.03557452863749555
ranking,supported,8,80.0,0.2845962290999644
ranking,unsupported,1,10.0,0.03557452863749555
unknown,contradicted,30,5.415162454873646,1.0672358591248665
unknown,supported,8,1.444043321299639,0.2845962290999644
unknown,unverifiable_v0,516,93.14079422382672,18.356456776947706
