claim_type,verdict,n,pct_within_group,pct_all_claims
biological_claim,contradicted,4,0.24937655860349126,0.1422981145499822
biological_claim,supported,712,44.38902743142145,25.329064389896832
biological_claim,unsupported,140,8.728179551122196,4.980434009249377
biological_claim,unverifiable_v0,748,46.633416458852864,26.609747420846674
consistency_claim,contradicted,30,28.30188679245283,1.0672358591248665
consistency_claim,unverifiable_v0,76,71.69811320754717,2.703664176449662
driver_metabolite,contradicted,2,5.128205128205128,0.0711490572749911
driver_metabolite,supported,13,33.33333333333333,0.46246887228744216
driver_metabolite,unverifiable_v0,24,61.53846153846154,0.8537886872998933
factual_roundtrip_claim,unverifiable_v0,502,100.0,17.858413376022767
grounded_claim,unverifiable_v0,263,100.0,9.35610103166133
literature_claim,unverifiable_v0,31,100.0,1.1028103877623623
pathway_relationship,supported,17,26.5625,0.6047669868374245
pathway_relationship,unverifiable_v0,47,73.4375,1.672002845962291
set_enrichment,contradicted,13,6.435643564356436,0.46246887228744216
set_enrichment,supported,108,53.46534653465347,3.84204909284952
set_enrichment,unsupported,7,3.4653465346534658,0.24902170046246885
set_enrichment,unverifiable_v0,74,36.633663366336634,2.632515119174671
