task_id,track,n_claims,supported,unsupported,contradicted,unverifiable_v0,set_enrichment_supported_any,driver_metabolite_contradicted_any,elapsed_seconds,verifier_llm_calls,warnings,error
e2e_enrich_mammalian_RAMP_P_000000106_seed2068278441,sub6a_perfect_id,40,0,21,0,19,0,0,150.6834494229406,,,
e2e_enrich_mammalian_RAMP_P_000052705_seed2572336121,sub6a_perfect_id,35,0,13,0,22,0,0,89.69382687844336,,,
e2e_enrich_mammalian_RAMP_P_000053157_seed2543740977,sub6a_perfect_id,61,0,8,4,49,0,1,264.1353820823133,,,
e2e_enrich_mammalian_RAMP_P_000053306_seed269957960,sub6a_perfect_id,45,4,12,0,29,0,0,283.32425122335553,,,
e2e_enrich_mammalian_RAMP_P_000053306_seed2915906702,sub6a_perfect_id,40,4,12,1,23,0,0,264.80144178681076,,,
e2e_enrich_mammalian_RAMP_P_000053306_seed4051904823,sub6a_perfect_id,69,1,15,5,48,0,0,396.42822072841227,,,
e2e_enrich_mammalian_RAMP_P_000053306_seed1809628705,sub6a_perfect_id,36,9,8,2,17,0,0,168.45959035679698,,,
e2e_enrich_mammalian_RAMP_P_000053306_seed3100819975,sub6a_perfect_id,17,4,5,1,7,0,0,111.91059285216033,,,
e2e_enrich_mammalian_RAMP_P_000025712_seed4052145624,sub6a_perfect_id,60,0,17,0,43,0,0,177.8015431240201,,,
e2e_enrich_mammalian_RAMP_P_000000026_seed1549320213,sub6a_perfect_id,63,0,21,0,42,0,0,222.70565694384277,,,
e2e_enrich_mammalian_RAMP_P_000000026_seed2917579066,sub6a_perfect_id,67,0,15,0,52,0,0,211.3697648178786,,,
e2e_enrich_mammalian_RAMP_P_000000026_seed3265338497,sub6a_perfect_id,19,5,9,0,5,0,0,101.82306123524904,,,
e2e_enrich_mammalian_RAMP_P_000000026_seed2332602456,sub6a_perfect_id,36,0,18,0,18,0,0,119.07805977575481,,,
e2e_enrich_mammalian_RAMP_P_000000026_seed1221928389,sub6a_perfect_id,46,0,14,0,32,0,0,360.2394196819514,,,
