feature,mean_correct,mean_incorrect,median_correct,median_incorrect,delta_mean_correct_minus_incorrect,point_biserial_r,point_biserial_p,spearman_r,spearman_p,mann_whitney_u,mann_whitney_p
supported,13.975,12.652173913043478,13.0,12.0,1.3228260869565212,0.1002675291023062,0.43428195221354615,0.09917634448970696,0.43932484524423787,514.5,0.43907807982716485
unsupported,2.2,2.5652173913043477,2.0,2.0,-0.3652173913043475,-0.07682775080534143,0.5495225476187217,-0.010143807123279353,0.9371092341928657,454.5,0.9421154436476992
contradicted,0.775,0.782608695652174,0.5,1.0,-0.007608695652173925,-0.003924565952991545,0.9756470810881024,-0.05797298183443075,0.6517648648294463,430.5,0.6536172266435554
unverifiable_v0,26.75,30.217391304347824,27.0,28.0,-3.4673913043478244,-0.15307317431418663,0.23102425997467002,-0.09708467491369337,0.4490825327803438,406.5,0.44886946550770856
total_claims,43.7,46.21739130434783,41.5,42.0,-2.517391304347825,-0.08697109043705802,0.4979149044184428,-0.033560444324319164,0.7940022038023269,441.5,0.7970914107709549
actionable_claims,2.975,3.347826086956522,2.5,3.0,-0.37282608695652186,-0.07193890676258118,0.5752816944620893,-0.028417850517832105,0.8250243148912907,444.5,0.8285635465072316
supported_fraction,0.32595858537625116,0.28214996520269237,0.3048780487804878,0.30952380952380953,0.0438086201735588,0.17095687527197173,0.1803618756475743,0.11332679167452661,0.37651018964972494,522.5,0.37605019510253757
actionable_fraction,0.067990280925025,0.07504049940247749,0.07142857142857142,0.06818181818181818,-0.007050218477452491,-0.06658017061682166,0.6041393569129544,-0.05626887913540452,0.6613687745949155,429.0,0.662898080476602
unverifiable_fraction,0.6060511336987238,0.6428095353948301,0.6236111111111111,0.6206896551724138,-0.036758401696106335,-0.14326783366113596,0.26264044255144553,-0.10788322095363029,0.4000066087884908,400.5,0.39960052122162304
pathway_supported,1.475,2.130434782608696,1.0,2.0,-0.6554347826086957,-0.2820542219520619,0.02511758681923359,-0.30177145274869394,0.016234583612716354,301.5,0.017852895506888934
pathway_unsupported,0.15,0.043478260869565216,0.0,0.0,0.10652173913043478,0.11643587184783057,0.3634712027405294,0.06864752339628281,0.5929312630849972,476.0,0.6005292735886041
pathway_contradicted,0.225,0.17391304347826086,0.0,0.0,0.05108695652173914,0.051594175367402545,0.6879908098820853,0.01237259310193672,0.9233287550645264,464.5,0.9309916594633242
pathway_unverifiable_v0,1.1,1.3043478260869565,0.0,1.0,-0.20434782608695645,-0.0643899054917856,0.6161139178865876,-0.09928143749498423,0.43883773735831855,408.5,0.43884026850931435
pathway_total_claims,2.95,3.652173913043478,3.0,3.0,-0.7021739130434779,-0.19349019931836878,0.12865536714217662,-0.2088426896172288,0.10046331129539605,347.0,0.10159855735026976
pathway_actionable_claims,0.375,0.21739130434782608,0.0,0.0,0.15760869565217392,0.12384570631581286,0.3335240975892331,0.06702572023216233,0.6017159895245441,487.5,0.6043428778071602
pathway_supported_fraction,0.5506944444444445,0.6126293995859213,0.5,0.6666666666666666,-0.061934955141476844,-0.0850609459298803,0.5074372992538377,-0.1054006448213532,0.4110014682693377,403.0,0.41070963952718464
has_supported_pathway_claim,0.85,0.9130434782608695,1.0,1.0,-0.06304347826086953,-0.09116071895198002,0.4773582032871811,-0.09116071895198008,0.47735820328718104,431.0,0.4805461931123216
