benchmark,benchmark_label,spectrum_id,rank_before_msclip,rank_after_weighted,rank_after_llm_metagent,reachable_before,reachable_after_llm,delta_rank_llm_minus_msclip
casmi_2016_cat2,CASMI 2016,Challenge-001,,,,False,False,
casmi_2016_cat2,CASMI 2016,Challenge-002,7.0,7.0,7.0,True,True,0.0
casmi_2016_cat2,CASMI 2016,Challenge-003,1.0,2.0,1.0,True,True,0.0
casmi_2016_cat2,CASMI 2016,Challenge-004,8.0,8.0,8.0,True,True,0.0
casmi_2016_cat2,CASMI 2016,Challenge-005,4.0,1.0,1.0,True,True,-3.0
casmi_2016_cat2,CASMI 2016,Challenge-006,,,,False,False,
casmi_2016_cat2,CASMI 2016,Challenge-007,1.0,1.0,1.0,True,True,0.0
casmi_2016_cat2,CASMI 2016,Challenge-008,6.0,6.0,6.0,True,True,0.0
casmi_2016_cat2,CASMI 2016,Challenge-009,1.0,1.0,1.0,True,True,0.0
casmi_2016_cat2,CASMI 2016,Challenge-010,1.0,1.0,1.0,True,True,0.0
casmi_2016_cat2,CASMI 2016,Challenge-011,3.0,1.0,1.0,True,True,-2.0
casmi_2016_cat2,CASMI 2016,Challenge-012,,,,False,False,
casmi_2016_cat2,CASMI 2016,Challenge-013,,,,False,False,
casmi_2016_cat2,CASMI 2016,Challenge-014,4.0,3.0,3.0,True,True,-1.0
casmi_2016_cat2,CASMI 2016,Challenge-015,,,,False,False,
casmi_2016_cat2,CASMI 2016,Challenge-016,,,,False,False,
casmi_2016_cat2,CASMI 2016,Challenge-017,,,,False,False,
casmi_2016_cat2,CASMI 2016,Challenge-018,1.0,1.0,1.0,True,True,0.0
casmi_2016_cat2,CASMI 2016,Challenge-019,,,,False,False,
casmi_2016_cat2,CASMI 2016,Challenge-020,1.0,4.0,1.0,True,True,0.0
casmi_2016_cat2,CASMI 2016,Challenge-021,1.0,1.0,1.0,True,True,0.0
casmi_2016_cat2,CASMI 2016,Challenge-022,1.0,1.0,1.0,True,True,0.0
casmi_2016_cat2,CASMI 2016,Challenge-023,1.0,1.0,1.0,True,True,0.0
casmi_2016_cat2,CASMI 2016,Challenge-024,,,,False,False,
casmi_2016_cat2,CASMI 2016,Challenge-025,,,,False,False,
casmi_2016_cat2,CASMI 2016,Challenge-026,3.0,2.0,2.0,True,True,-1.0
casmi_2016_cat2,CASMI 2016,Challenge-027,17.0,17.0,17.0,True,True,0.0
casmi_2016_cat2,CASMI 2016,Challenge-028,6.0,6.0,6.0,True,True,0.0
casmi_2016_cat2,CASMI 2016,Challenge-029,1.0,1.0,1.0,True,True,0.0
casmi_2016_cat2,CASMI 2016,Challenge-030,1.0,1.0,1.0,True,True,0.0
casmi_2016_cat2,CASMI 2016,Challenge-031,2.0,4.0,4.0,True,True,2.0
casmi_2016_cat2,CASMI 2016,Challenge-032,11.0,11.0,11.0,True,True,0.0
casmi_2016_cat2,CASMI 2016,Challenge-033,4.0,4.0,1.0,True,True,-3.0
casmi_2016_cat2,CASMI 2016,Challenge-034,1.0,1.0,1.0,True,True,0.0
casmi_2016_cat2,CASMI 2016,Challenge-035,16.0,16.0,16.0,True,True,0.0
casmi_2016_cat2,CASMI 2016,Challenge-036,1.0,1.0,1.0,True,True,0.0
casmi_2016_cat2,CASMI 2016,Challenge-037,19.0,19.0,19.0,True,True,0.0
casmi_2016_cat2,CASMI 2016,Challenge-038,3.0,1.0,2.0,True,True,-1.0
casmi_2016_cat2,CASMI 2016,Challenge-039,4.0,1.0,1.0,True,True,-3.0
casmi_2016_cat2,CASMI 2016,Challenge-040,,,,False,False,
casmi_2016_cat2,CASMI 2016,Challenge-041,14.0,14.0,14.0,True,True,0.0
casmi_2016_cat2,CASMI 2016,Challenge-042,4.0,4.0,4.0,True,True,0.0
casmi_2016_cat2,CASMI 2016,Challenge-043,2.0,2.0,2.0,True,True,0.0
casmi_2016_cat2,CASMI 2016,Challenge-044,2.0,2.0,2.0,True,True,0.0
casmi_2016_cat2,CASMI 2016,Challenge-045,7.0,7.0,7.0,True,True,0.0
casmi_2016_cat2,CASMI 2016,Challenge-046,1.0,3.0,1.0,True,True,0.0
casmi_2016_cat2,CASMI 2016,Challenge-047,1.0,2.0,1.0,True,True,0.0
casmi_2016_cat2,CASMI 2016,Challenge-048,3.0,2.0,1.0,True,True,-2.0
casmi_2016_cat2,CASMI 2016,Challenge-049,6.0,6.0,6.0,True,True,0.0
casmi_2016_cat2,CASMI 2016,Challenge-050,9.0,9.0,9.0,True,True,0.0
casmi_2016_cat2,CASMI 2016,Challenge-051,20.0,20.0,20.0,True,True,0.0
casmi_2016_cat2,CASMI 2016,Challenge-052,,,,False,False,
casmi_2016_cat2,CASMI 2016,Challenge-053,15.0,15.0,15.0,True,True,0.0
casmi_2016_cat2,CASMI 2016,Challenge-054,17.0,17.0,17.0,True,True,0.0
casmi_2016_cat2,CASMI 2016,Challenge-055,,,,False,False,
casmi_2016_cat2,CASMI 2016,Challenge-056,15.0,15.0,15.0,True,True,0.0
casmi_2016_cat2,CASMI 2016,Challenge-057,4.0,2.0,2.0,True,True,-2.0
casmi_2016_cat2,CASMI 2016,Challenge-058,4.0,4.0,2.0,True,True,-2.0
casmi_2016_cat2,CASMI 2016,Challenge-059,1.0,1.0,1.0,True,True,0.0
casmi_2016_cat2,CASMI 2016,Challenge-060,,,,False,False,
casmi_2016_cat2,CASMI 2016,Challenge-061,,,,False,False,
casmi_2016_cat2,CASMI 2016,Challenge-062,,,,False,False,
casmi_2016_cat2,CASMI 2016,Challenge-063,7.0,7.0,7.0,True,True,0.0
casmi_2016_cat2,CASMI 2016,Challenge-064,3.0,3.0,2.0,True,True,-1.0
casmi_2016_cat2,CASMI 2016,Challenge-065,14.0,14.0,14.0,True,True,0.0
casmi_2016_cat2,CASMI 2016,Challenge-066,,,,False,False,
casmi_2016_cat2,CASMI 2016,Challenge-067,10.0,10.0,10.0,True,True,0.0
casmi_2016_cat2,CASMI 2016,Challenge-068,3.0,3.0,2.0,True,True,-1.0
casmi_2016_cat2,CASMI 2016,Challenge-069,,,,False,False,
casmi_2016_cat2,CASMI 2016,Challenge-070,3.0,3.0,3.0,True,True,0.0
casmi_2016_cat2,CASMI 2016,Challenge-071,9.0,9.0,9.0,True,True,0.0
casmi_2016_cat2,CASMI 2016,Challenge-072,1.0,1.0,1.0,True,True,0.0
casmi_2016_cat2,CASMI 2016,Challenge-073,1.0,1.0,1.0,True,True,0.0
casmi_2016_cat2,CASMI 2016,Challenge-074,,,,False,False,
casmi_2016_cat2,CASMI 2016,Challenge-075,8.0,8.0,8.0,True,True,0.0
casmi_2016_cat2,CASMI 2016,Challenge-076,,,,False,False,
casmi_2016_cat2,CASMI 2016,Challenge-077,,,,False,False,
casmi_2016_cat2,CASMI 2016,Challenge-078,1.0,1.0,1.0,True,True,0.0
casmi_2016_cat2,CASMI 2016,Challenge-079,3.0,3.0,3.0,True,True,0.0
casmi_2016_cat2,CASMI 2016,Challenge-080,2.0,2.0,2.0,True,True,0.0
casmi_2016_cat2,CASMI 2016,Challenge-081,3.0,4.0,4.0,True,True,1.0
casmi_2016_cat2,CASMI 2016,Challenge-082,3.0,2.0,2.0,True,True,-1.0
casmi_2016_cat2,CASMI 2016,Challenge-083,2.0,2.0,2.0,True,True,0.0
casmi_2016_cat2,CASMI 2016,Challenge-084,,,,False,False,
casmi_2016_cat2,CASMI 2016,Challenge-085,1.0,1.0,1.0,True,True,0.0
casmi_2016_cat2,CASMI 2016,Challenge-086,10.0,10.0,10.0,True,True,0.0
casmi_2016_cat2,CASMI 2016,Challenge-087,14.0,14.0,14.0,True,True,0.0
casmi_2016_cat2,CASMI 2016,Challenge-088,,,,False,False,
casmi_2016_cat2,CASMI 2016,Challenge-089,1.0,2.0,1.0,True,True,0.0
casmi_2016_cat2,CASMI 2016,Challenge-090,2.0,2.0,1.0,True,True,-1.0
casmi_2016_cat2,CASMI 2016,Challenge-091,,,,False,False,
casmi_2016_cat2,CASMI 2016,Challenge-092,1.0,1.0,1.0,True,True,0.0
casmi_2016_cat2,CASMI 2016,Challenge-093,,,,False,False,
casmi_2016_cat2,CASMI 2016,Challenge-094,1.0,1.0,1.0,True,True,0.0
casmi_2016_cat2,CASMI 2016,Challenge-095,4.0,3.0,1.0,True,True,-3.0
casmi_2016_cat2,CASMI 2016,Challenge-096,1.0,1.0,1.0,True,True,0.0
casmi_2016_cat2,CASMI 2016,Challenge-097,,,,False,False,
casmi_2016_cat2,CASMI 2016,Challenge-098,3.0,1.0,1.0,True,True,-2.0
casmi_2016_cat2,CASMI 2016,Challenge-099,1.0,2.0,1.0,True,True,0.0
casmi_2016_cat2,CASMI 2016,Challenge-100,,,,False,False,
casmi_2016_cat2,CASMI 2016,Challenge-101,10.0,10.0,10.0,True,True,0.0
casmi_2016_cat2,CASMI 2016,Challenge-102,4.0,3.0,3.0,True,True,-1.0
casmi_2016_cat2,CASMI 2016,Challenge-103,,,,False,False,
casmi_2016_cat2,CASMI 2016,Challenge-104,1.0,2.0,1.0,True,True,0.0
casmi_2016_cat2,CASMI 2016,Challenge-105,,,,False,False,
casmi_2016_cat2,CASMI 2016,Challenge-106,,,,False,False,
casmi_2016_cat2,CASMI 2016,Challenge-107,16.0,16.0,16.0,True,True,0.0
casmi_2016_cat2,CASMI 2016,Challenge-108,,,,False,False,
casmi_2016_cat2,CASMI 2016,Challenge-109,2.0,1.0,1.0,True,True,-1.0
casmi_2016_cat2,CASMI 2016,Challenge-110,1.0,1.0,1.0,True,True,0.0
casmi_2016_cat2,CASMI 2016,Challenge-111,,,,False,False,
casmi_2016_cat2,CASMI 2016,Challenge-112,1.0,1.0,1.0,True,True,0.0
casmi_2016_cat2,CASMI 2016,Challenge-113,20.0,20.0,20.0,True,True,0.0
casmi_2016_cat2,CASMI 2016,Challenge-114,3.0,1.0,1.0,True,True,-2.0
casmi_2016_cat2,CASMI 2016,Challenge-115,,,,False,False,
casmi_2016_cat2,CASMI 2016,Challenge-116,2.0,3.0,3.0,True,True,1.0
casmi_2016_cat2,CASMI 2016,Challenge-117,1.0,2.0,1.0,True,True,0.0
casmi_2016_cat2,CASMI 2016,Challenge-118,,,,False,False,
casmi_2016_cat2,CASMI 2016,Challenge-119,,,,False,False,
casmi_2016_cat2,CASMI 2016,Challenge-120,15.0,15.0,15.0,True,True,0.0
casmi_2016_cat2,CASMI 2016,Challenge-121,10.0,10.0,10.0,True,True,0.0
casmi_2016_cat2,CASMI 2016,Challenge-122,,,,False,False,
casmi_2016_cat2,CASMI 2016,Challenge-123,1.0,1.0,1.0,True,True,0.0
casmi_2016_cat2,CASMI 2016,Challenge-124,2.0,3.0,2.0,True,True,0.0
casmi_2016_cat2,CASMI 2016,Challenge-125,1.0,1.0,1.0,True,True,0.0
casmi_2016_cat2,CASMI 2016,Challenge-126,12.0,12.0,12.0,True,True,0.0
casmi_2016_cat2,CASMI 2016,Challenge-127,1.0,1.0,1.0,True,True,0.0
casmi_2016_cat2,CASMI 2016,Challenge-128,2.0,2.0,2.0,True,True,0.0
casmi_2016_cat2,CASMI 2016,Challenge-129,5.0,2.0,2.0,True,True,-3.0
casmi_2016_cat2,CASMI 2016,Challenge-130,3.0,1.0,2.0,True,True,-1.0
casmi_2016_cat2,CASMI 2016,Challenge-131,1.0,1.0,1.0,True,True,0.0
casmi_2016_cat2,CASMI 2016,Challenge-132,4.0,2.0,2.0,True,True,-2.0
casmi_2016_cat2,CASMI 2016,Challenge-133,1.0,1.0,1.0,True,True,0.0
casmi_2016_cat2,CASMI 2016,Challenge-134,1.0,4.0,1.0,True,True,0.0
casmi_2016_cat2,CASMI 2016,Challenge-135,1.0,1.0,1.0,True,True,0.0
casmi_2016_cat2,CASMI 2016,Challenge-136,,,,False,False,
casmi_2016_cat2,CASMI 2016,Challenge-137,,,,False,False,
casmi_2016_cat2,CASMI 2016,Challenge-138,1.0,1.0,1.0,True,True,0.0
casmi_2016_cat2,CASMI 2016,Challenge-139,1.0,1.0,1.0,True,True,0.0
casmi_2016_cat2,CASMI 2016,Challenge-140,2.0,2.0,3.0,True,True,1.0
casmi_2016_cat2,CASMI 2016,Challenge-141,1.0,1.0,1.0,True,True,0.0
casmi_2016_cat2,CASMI 2016,Challenge-142,16.0,16.0,16.0,True,True,0.0
casmi_2016_cat2,CASMI 2016,Challenge-143,3.0,1.0,1.0,True,True,-2.0
casmi_2016_cat2,CASMI 2016,Challenge-144,1.0,3.0,1.0,True,True,0.0
casmi_2016_cat2,CASMI 2016,Challenge-145,9.0,9.0,9.0,True,True,0.0
casmi_2016_cat2,CASMI 2016,Challenge-146,1.0,1.0,1.0,True,True,0.0
casmi_2016_cat2,CASMI 2016,Challenge-147,4.0,2.0,2.0,True,True,-2.0
casmi_2016_cat2,CASMI 2016,Challenge-148,2.0,1.0,1.0,True,True,-1.0
casmi_2016_cat2,CASMI 2016,Challenge-149,3.0,1.0,1.0,True,True,-2.0
casmi_2016_cat2,CASMI 2016,Challenge-150,14.0,14.0,14.0,True,True,0.0
casmi_2016_cat2,CASMI 2016,Challenge-151,1.0,1.0,1.0,True,True,0.0
casmi_2016_cat2,CASMI 2016,Challenge-152,1.0,2.0,1.0,True,True,0.0
casmi_2016_cat2,CASMI 2016,Challenge-153,1.0,3.0,2.0,True,True,1.0
casmi_2016_cat2,CASMI 2016,Challenge-154,6.0,6.0,6.0,True,True,0.0
casmi_2016_cat2,CASMI 2016,Challenge-155,2.0,4.0,4.0,True,True,2.0
casmi_2016_cat2,CASMI 2016,Challenge-156,18.0,18.0,18.0,True,True,0.0
casmi_2016_cat2,CASMI 2016,Challenge-157,,,,False,False,
casmi_2016_cat2,CASMI 2016,Challenge-158,3.0,4.0,4.0,True,True,1.0
casmi_2016_cat2,CASMI 2016,Challenge-159,1.0,1.0,1.0,True,True,0.0
casmi_2016_cat2,CASMI 2016,Challenge-160,1.0,2.0,1.0,True,True,0.0
casmi_2016_cat2,CASMI 2016,Challenge-161,,,,False,False,
casmi_2016_cat2,CASMI 2016,Challenge-162,1.0,3.0,1.0,True,True,0.0
casmi_2016_cat2,CASMI 2016,Challenge-163,1.0,3.0,1.0,True,True,0.0
casmi_2016_cat2,CASMI 2016,Challenge-164,2.0,1.0,1.0,True,True,-1.0
casmi_2016_cat2,CASMI 2016,Challenge-165,1.0,2.0,2.0,True,True,1.0
casmi_2016_cat2,CASMI 2016,Challenge-166,,,,False,False,
casmi_2016_cat2,CASMI 2016,Challenge-167,2.0,3.0,3.0,True,True,1.0
casmi_2016_cat2,CASMI 2016,Challenge-168,18.0,18.0,18.0,True,True,0.0
casmi_2016_cat2,CASMI 2016,Challenge-169,1.0,1.0,1.0,True,True,0.0
casmi_2016_cat2,CASMI 2016,Challenge-170,16.0,16.0,16.0,True,True,0.0
casmi_2016_cat2,CASMI 2016,Challenge-171,2.0,4.0,4.0,True,True,2.0
casmi_2016_cat2,CASMI 2016,Challenge-172,1.0,2.0,1.0,True,True,0.0
casmi_2016_cat2,CASMI 2016,Challenge-173,,,,False,False,
casmi_2016_cat2,CASMI 2016,Challenge-174,1.0,1.0,1.0,True,True,0.0
casmi_2016_cat2,CASMI 2016,Challenge-175,1.0,1.0,1.0,True,True,0.0
casmi_2016_cat2,CASMI 2016,Challenge-176,2.0,1.0,1.0,True,True,-1.0
casmi_2016_cat2,CASMI 2016,Challenge-177,1.0,1.0,1.0,True,True,0.0
casmi_2016_cat2,CASMI 2016,Challenge-178,7.0,7.0,7.0,True,True,0.0
casmi_2016_cat2,CASMI 2016,Challenge-179,,,,False,False,
casmi_2016_cat2,CASMI 2016,Challenge-180,3.0,4.0,2.0,True,True,-1.0
casmi_2016_cat2,CASMI 2016,Challenge-181,4.0,3.0,1.0,True,True,-3.0
casmi_2016_cat2,CASMI 2016,Challenge-182,15.0,15.0,15.0,True,True,0.0
casmi_2016_cat2,CASMI 2016,Challenge-183,5.0,3.0,3.0,True,True,-2.0
casmi_2016_cat2,CASMI 2016,Challenge-184,,,,False,False,
casmi_2016_cat2,CASMI 2016,Challenge-185,,,,False,False,
casmi_2016_cat2,CASMI 2016,Challenge-186,2.0,1.0,1.0,True,True,-1.0
casmi_2016_cat2,CASMI 2016,Challenge-187,,,,False,False,
casmi_2016_cat2,CASMI 2016,Challenge-188,,,,False,False,
casmi_2016_cat2,CASMI 2016,Challenge-189,4.0,2.0,1.0,True,True,-3.0
casmi_2016_cat2,CASMI 2016,Challenge-190,7.0,7.0,7.0,True,True,0.0
casmi_2016_cat2,CASMI 2016,Challenge-191,15.0,15.0,15.0,True,True,0.0
casmi_2016_cat2,CASMI 2016,Challenge-192,12.0,12.0,12.0,True,True,0.0
casmi_2016_cat2,CASMI 2016,Challenge-193,1.0,1.0,1.0,True,True,0.0
casmi_2016_cat2,CASMI 2016,Challenge-194,2.0,1.0,1.0,True,True,-1.0
casmi_2016_cat2,CASMI 2016,Challenge-195,1.0,1.0,1.0,True,True,0.0
casmi_2016_cat2,CASMI 2016,Challenge-196,1.0,1.0,1.0,True,True,0.0
casmi_2016_cat2,CASMI 2016,Challenge-197,7.0,7.0,7.0,True,True,0.0
casmi_2016_cat2,CASMI 2016,Challenge-198,2.0,2.0,2.0,True,True,0.0
casmi_2016_cat2,CASMI 2016,Challenge-199,2.0,1.0,1.0,True,True,-1.0
casmi_2016_cat2,CASMI 2016,Challenge-200,5.0,5.0,5.0,True,True,0.0
casmi_2016_cat2,CASMI 2016,Challenge-201,,,,False,False,
casmi_2016_cat2,CASMI 2016,Challenge-202,,,,False,False,
casmi_2016_cat2,CASMI 2016,Challenge-203,1.0,1.0,1.0,True,True,0.0
casmi_2016_cat2,CASMI 2016,Challenge-204,1.0,1.0,1.0,True,True,0.0
casmi_2016_cat2,CASMI 2016,Challenge-205,15.0,15.0,15.0,True,True,0.0
casmi_2016_cat2,CASMI 2016,Challenge-206,,,,False,False,
casmi_2016_cat2,CASMI 2016,Challenge-207,3.0,3.0,3.0,True,True,0.0
casmi_2016_cat2,CASMI 2016,Challenge-208,1.0,2.0,1.0,True,True,0.0
casmi_2022,CASMI 2022,casmi2022_10,5.0,3.0,1.0,True,True,-4.0
casmi_2022,CASMI 2022,casmi2022_491,,,,False,False,
casmi_2022,CASMI 2022,casmi2022_41,,,,False,False,
casmi_2022,CASMI 2022,casmi2022_456,,,,False,False,
casmi_2022,CASMI 2022,casmi2022_407,,,,False,False,
casmi_2022,CASMI 2022,casmi2022_209,,,,False,False,
casmi_2022,CASMI 2022,casmi2022_318,4.0,1.0,1.0,True,True,-3.0
casmi_2022,CASMI 2022,casmi2022_248,,,,False,False,
casmi_2022,CASMI 2022,casmi2022_308,16.0,16.0,16.0,True,True,0.0
casmi_2022,CASMI 2022,casmi2022_219,,,,False,False,
casmi_2022,CASMI 2022,casmi2022_359,,,,False,False,
casmi_2022,CASMI 2022,casmi2022_34,1.0,1.0,2.0,True,True,1.0
casmi_2022,CASMI 2022,casmi2022_417,1.0,1.0,1.0,True,True,0.0
casmi_2022,CASMI 2022,casmi2022_423,1.0,1.0,1.0,True,True,0.0
casmi_2022,CASMI 2022,casmi2022_466,3.0,3.0,3.0,True,True,0.0
casmi_2022,CASMI 2022,casmi2022_268,,,,False,False,
casmi_2022,CASMI 2022,casmi2022_278,2.0,2.0,2.0,True,True,0.0
casmi_2022,CASMI 2022,casmi2022_369,17.0,17.0,17.0,True,True,0.0
casmi_2022,CASMI 2022,casmi2022_229,,,,False,False,
casmi_2022,CASMI 2022,casmi2022_55,,,,False,False,
casmi_2022,CASMI 2022,casmi2022_476,6.0,6.0,6.0,True,True,0.0
casmi_2022,CASMI 2022,casmi2022_442,2.0,2.0,2.0,True,True,0.0
casmi_2022,CASMI 2022,casmi2022_92,11.0,11.0,11.0,True,True,0.0
casmi_2022,CASMI 2022,casmi2022_453,,,,False,False,
casmi_2022,CASMI 2022,casmi2022_21,,,,False,False,
casmi_2022,CASMI 2022,casmi2022_467,,,,False,False,
casmi_2022,CASMI 2022,casmi2022_15,16.0,16.0,16.0,True,True,0.0
casmi_2022,CASMI 2022,casmi2022_238,,,,False,False,
casmi_2022,CASMI 2022,casmi2022_269,,,,False,False,
casmi_2022,CASMI 2022,casmi2022_329,9.0,9.0,9.0,True,True,0.0
casmi_2022,CASMI 2022,casmi2022_339,3.0,1.0,2.0,True,True,-1.0
casmi_2022,CASMI 2022,casmi2022_368,1.0,1.0,1.0,True,True,0.0
casmi_2022,CASMI 2022,casmi2022_228,,,,False,False,
casmi_2022,CASMI 2022,casmi2022_54,,,,False,False,
casmi_2022,CASMI 2022,casmi2022_477,,,,False,False,
casmi_2022,CASMI 2022,casmi2022_443,,,,False,False,
casmi_2022,CASMI 2022,casmi2022_463,9.0,9.0,9.0,True,True,0.0
casmi_2022,CASMI 2022,casmi2022_490,,,,False,False,
casmi_2022,CASMI 2022,casmi2022_11,1.0,1.0,1.0,True,True,0.0
casmi_2022,CASMI 2022,casmi2022_457,1.0,1.0,1.0,True,True,0.0
casmi_2022,CASMI 2022,casmi2022_208,,,,False,False,
casmi_2022,CASMI 2022,casmi2022_319,1.0,1.0,1.0,True,True,0.0
casmi_2022,CASMI 2022,casmi2022_309,,,,False,False,
casmi_2022,CASMI 2022,casmi2022_189,,,,False,False,
casmi_2022,CASMI 2022,casmi2022_358,,,,False,False,
casmi_2022,CASMI 2022,casmi2022_35,2.0,3.0,3.0,True,True,1.0
casmi_2022,CASMI 2022,casmi2022_64,3.0,4.0,4.0,True,True,1.0
casmi_2022,CASMI 2022,casmi2022_480,,,,False,False,
casmi_2022,CASMI 2022,casmi2022_422,3.0,1.0,2.0,True,True,-1.0
casmi_2022,CASMI 2022,casmi2022_130,17.0,17.0,17.0,True,True,0.0
casmi_2022,CASMI 2022,casmi2022_237,10.0,10.0,10.0,True,True,0.0
casmi_2022,CASMI 2022,casmi2022_377,4.0,1.0,1.0,True,True,-3.0
casmi_2022,CASMI 2022,casmi2022_384,1.0,4.0,4.0,True,True,3.0
casmi_2022,CASMI 2022,casmi2022_295,,,,False,False,
casmi_2022,CASMI 2022,casmi2022_104,,,,False,False,
casmi_2022,CASMI 2022,casmi2022_439,16.0,16.0,16.0,True,True,0.0
casmi_2022,CASMI 2022,casmi2022_468,,,,False,False,
casmi_2022,CASMI 2022,casmi2022_478,7.0,7.0,7.0,True,True,0.0
casmi_2022,CASMI 2022,casmi2022_285,,,,False,False,
casmi_2022,CASMI 2022,casmi2022_367,,,,False,False,
casmi_2022,CASMI 2022,casmi2022_227,13.0,13.0,13.0,True,True,0.0
casmi_2022,CASMI 2022,casmi2022_213,,,,False,False,
casmi_2022,CASMI 2022,casmi2022_291,,,,False,False,
casmi_2022,CASMI 2022,casmi2022_316,,,,False,False,
casmi_2022,CASMI 2022,casmi2022_256,1.0,2.0,1.0,True,True,0.0
casmi_2022,CASMI 2022,casmi2022_134,,,,False,False,
casmi_2022,CASMI 2022,casmi2022_409,11.0,11.0,11.0,True,True,0.0
casmi_2022,CASMI 2022,casmi2022_98,,,,False,False,
casmi_2022,CASMI 2022,casmi2022_357,,,,False,False,
casmi_2022,CASMI 2022,casmi2022_306,,,,False,False,
casmi_2022,CASMI 2022,casmi2022_390,2.0,2.0,1.0,True,True,-1.0
casmi_2022,CASMI 2022,casmi2022_141,,,,False,False,
casmi_2022,CASMI 2022,casmi2022_281,,,,False,False,
casmi_2022,CASMI 2022,casmi2022_332,6.0,6.0,6.0,True,True,0.0
casmi_2022,CASMI 2022,casmi2022_272,,,,False,False,
casmi_2022,CASMI 2022,casmi2022_381,,,,False,False,
casmi_2022,CASMI 2022,casmi2022_317,,,,False,False,
casmi_2022,CASMI 2022,casmi2022_408,,,,False,False,
casmi_2022,CASMI 2022,casmi2022_99,,,,False,False,
casmi_2022,CASMI 2022,casmi2022_356,,,,False,False,
casmi_2022,CASMI 2022,casmi2022_307,,,,False,False,
casmi_2022,CASMI 2022,casmi2022_391,5.0,5.0,5.0,True,True,0.0
casmi_2022,CASMI 2022,casmi2022_333,,,,False,False,
casmi_2022,CASMI 2022,casmi2022_342,,,,False,False,
casmi_2022,CASMI 2022,casmi2022_193,,,,False,False,
casmi_2022,CASMI 2022,casmi2022_253,6.0,6.0,6.0,True,True,0.0
casmi_2022,CASMI 2022,casmi2022_105,3.0,4.0,4.0,True,True,1.0
casmi_2022,CASMI 2022,casmi2022_294,7.0,7.0,7.0,True,True,0.0
casmi_2022,CASMI 2022,casmi2022_469,,,,False,False,
casmi_2022,CASMI 2022,casmi2022_479,,,,False,False,
casmi_2022,CASMI 2022,casmi2022_428,5.0,2.0,2.0,True,True,-3.0
casmi_2022,CASMI 2022,casmi2022_284,,,,False,False,
casmi_2022,CASMI 2022,casmi2022_395,,,,False,False,
casmi_2022,CASMI 2022,casmi2022_366,1.0,2.0,2.0,True,True,1.0
casmi_2022,CASMI 2022,casmi2022_226,1.0,2.0,1.0,True,True,0.0
casmi_2022,CASMI 2022,casmi2022_170,,,,False,False,
casmi_2022,CASMI 2022,casmi2022_243,4.0,2.0,1.0,True,True,-3.0
casmi_2022,CASMI 2022,casmi2022_303,13.0,13.0,13.0,True,True,0.0
casmi_2022,CASMI 2022,casmi2022_183,2.0,3.0,3.0,True,True,1.0
casmi_2022,CASMI 2022,casmi2022_352,1.0,2.0,2.0,True,True,1.0
casmi_2022,CASMI 2022,casmi2022_153,8.0,8.0,8.0,True,True,0.0
casmi_2022,CASMI 2022,casmi2022_382,3.0,3.0,3.0,True,True,0.0
casmi_2022,CASMI 2022,casmi2022_293,,,,False,False,
casmi_2022,CASMI 2022,casmi2022_320,,,,False,False,
casmi_2022,CASMI 2022,casmi2022_194,6.0,6.0,6.0,True,True,0.0
casmi_2022,CASMI 2022,casmi2022_254,4.0,1.0,1.0,True,True,-3.0
casmi_2022,CASMI 2022,casmi2022_69,,,,False,False,
casmi_2022,CASMI 2022,casmi2022_244,,,,False,False,
casmi_2022,CASMI 2022,casmi2022_184,,,,False,False,
casmi_2022,CASMI 2022,casmi2022_177,12.0,12.0,12.0,True,True,0.0
casmi_2022,CASMI 2022,casmi2022_330,1.0,5.0,1.0,True,True,0.0
casmi_2022,CASMI 2022,casmi2022_270,,,,False,False,
casmi_2022,CASMI 2022,casmi2022_283,6.0,6.0,6.0,True,True,0.0
casmi_2022,CASMI 2022,casmi2022_112,11.0,11.0,11.0,True,True,0.0
casmi_2022,CASMI 2022,casmi2022_310,,,,False,False,
casmi_2022,CASMI 2022,casmi2022_341,,,,False,False,
casmi_2022,CASMI 2022,casmi2022_201,4.0,2.0,2.0,True,True,-2.0
casmi_2022,CASMI 2022,casmi2022_190,1.0,1.0,1.0,True,True,0.0
casmi_2022,CASMI 2022,casmi2022_106,1.0,1.0,1.0,True,True,0.0
casmi_2022,CASMI 2022,casmi2022_264,2.0,2.0,2.0,True,True,0.0
casmi_2022,CASMI 2022,casmi2022_489,,,,False,False,
casmi_2022,CASMI 2022,casmi2022_334,,,,False,False,
casmi_2022,CASMI 2022,casmi2022_396,2.0,1.0,1.0,True,True,-1.0
casmi_2022,CASMI 2022,casmi2022_147,,,,False,False,
casmi_2022,CASMI 2022,casmi2022_122,,,,False,False,
casmi_2022,CASMI 2022,casmi2022_311,,,,False,False,
casmi_2022,CASMI 2022,casmi2022_296,,,,False,False,
casmi_2022,CASMI 2022,casmi2022_48,20.0,20.0,20.0,True,True,0.0
casmi_2022,CASMI 2022,casmi2022_397,1.0,2.0,1.0,True,True,0.0
casmi_2022,CASMI 2022,casmi2022_117,,,,False,False,
casmi_2022,CASMI 2022,casmi2022_152,,,,False,False,
casmi_2022,CASMI 2022,casmi2022_383,,,,False,False,
casmi_2022,CASMI 2022,casmi2022_315,,,,False,False,
casmi_2022,CASMI 2022,casmi2022_255,,,,False,False,
casmi_2022,CASMI 2022,casmi2022_3,2.0,2.0,2.0,True,True,0.0
casmi_2022,CASMI 2022,casmi2022_220,,,,False,False,
casmi_2022,CASMI 2022,casmi2022_331,,,,False,False,
casmi_2022,CASMI 2022,casmi2022_271,1.0,1.0,1.0,True,True,0.0
casmi_2022,CASMI 2022,casmi2022_113,,,,False,False,
casmi_2022,CASMI 2022,casmi2022_282,1.0,1.0,1.0,True,True,0.0
casmi_2022,CASMI 2022,casmi2022_142,,,,False,False,
casmi_2022,CASMI 2022,casmi2022_22,3.0,2.0,2.0,True,True,-1.0
casmi_2022,CASMI 2022,casmi2022_16,,,,False,False,
casmi_2022,CASMI 2022,casmi2022_159,,,,False,False,
casmi_2022,CASMI 2022,casmi2022_398,,,,False,False,
casmi_2022,CASMI 2022,casmi2022_57,,,,False,False,
casmi_2022,CASMI 2022,casmi2022_487,1.0,1.0,1.0,True,True,0.0
casmi_2022,CASMI 2022,casmi2022_500,1.0,1.0,1.0,True,True,0.0
casmi_2022,CASMI 2022,casmi2022_63,,,,False,False,
casmi_2022,CASMI 2022,casmi2022_431,,,,False,False,
casmi_2022,CASMI 2022,casmi2022_26,11.0,11.0,11.0,True,True,0.0
casmi_2022,CASMI 2022,casmi2022_77,,,,False,False,
casmi_2022,CASMI 2022,casmi2022_454,,,,False,False,
casmi_2022,CASMI 2022,casmi2022_169,1.0,2.0,1.0,True,True,0.0
casmi_2022,CASMI 2022,casmi2022_421,,,,False,False,
casmi_2022,CASMI 2022,casmi2022_42,,,,False,False,
casmi_2022,CASMI 2022,casmi2022_430,7.0,7.0,7.0,True,True,0.0
casmi_2022,CASMI 2022,casmi2022_455,,,,False,False,
casmi_2022,CASMI 2022,casmi2022_178,,,,False,False,
casmi_2022,CASMI 2022,casmi2022_420,,,,False,False,
casmi_2022,CASMI 2022,casmi2022_23,1.0,1.0,1.0,True,True,0.0
casmi_2022,CASMI 2022,casmi2022_451,4.0,1.0,1.0,True,True,-3.0
casmi_2022,CASMI 2022,casmi2022_465,,,,False,False,
casmi_2022,CASMI 2022,casmi2022_158,,,,False,False,
casmi_2022,CASMI 2022,casmi2022_9,1.0,1.0,1.0,True,True,0.0
casmi_2022,CASMI 2022,casmi2022_148,,,,False,False,
casmi_2022,CASMI 2022,casmi2022_475,2.0,1.0,2.0,True,True,0.0
casmi_2022,CASMI 2022,casmi2022_56,6.0,6.0,6.0,True,True,0.0
casmi_2022,CASMI 2022,casmi2022_410,,,,False,False,
casmi_2022,CASMI 2022,casmi2022_91,,,,False,False,
