task_id,method_a,method_b,compound_jaccard,n_a,n_b,n_intersect
compound_only_enrich_mammalian_RAMP_P_000000421_seed1,sspa_ora,ramp,1.0,6,6,6
compound_only_enrich_mammalian_RAMP_P_000000421_seed1,sspa_ora,PSEA,0.8571428571428571,6,7,6
compound_only_enrich_mammalian_RAMP_P_000000421_seed1,sspa_ora,FELLA,0.0,6,1,0
compound_only_enrich_mammalian_RAMP_P_000000421_seed1,ramp,PSEA,0.8571428571428571,6,7,6
compound_only_enrich_mammalian_RAMP_P_000000421_seed1,ramp,FELLA,0.0,6,1,0
compound_only_enrich_mammalian_RAMP_P_000000421_seed1,PSEA,FELLA,0.14285714285714285,7,1,1
compound_only_enrich_mammalian_RAMP_P_000000421_seed2,sspa_ora,ramp,1.0,5,5,5
compound_only_enrich_mammalian_RAMP_P_000000421_seed2,sspa_ora,PSEA,0.8333333333333334,5,6,5
compound_only_enrich_mammalian_RAMP_P_000000421_seed2,sspa_ora,FELLA,0.0,5,0,0
compound_only_enrich_mammalian_RAMP_P_000000421_seed2,ramp,PSEA,0.8333333333333334,5,6,5
compound_only_enrich_mammalian_RAMP_P_000000421_seed2,ramp,FELLA,0.0,5,0,0
compound_only_enrich_mammalian_RAMP_P_000000421_seed2,PSEA,FELLA,0.0,6,0,0
compound_only_enrich_mammalian_RAMP_P_000000421_seed3,sspa_ora,ramp,1.0,5,5,5
compound_only_enrich_mammalian_RAMP_P_000000421_seed3,sspa_ora,PSEA,0.8333333333333334,5,6,5
compound_only_enrich_mammalian_RAMP_P_000000421_seed3,sspa_ora,FELLA,0.0,5,0,0
compound_only_enrich_mammalian_RAMP_P_000000421_seed3,ramp,PSEA,0.8333333333333334,5,6,5
compound_only_enrich_mammalian_RAMP_P_000000421_seed3,ramp,FELLA,0.0,5,0,0
compound_only_enrich_mammalian_RAMP_P_000000421_seed3,PSEA,FELLA,0.0,6,0,0
compound_only_enrich_mammalian_RAMP_P_000000421_seed4,sspa_ora,ramp,0.8571428571428571,7,6,6
compound_only_enrich_mammalian_RAMP_P_000000421_seed4,sspa_ora,PSEA,0.75,7,7,6
compound_only_enrich_mammalian_RAMP_P_000000421_seed4,sspa_ora,FELLA,0.0,7,0,0
compound_only_enrich_mammalian_RAMP_P_000000421_seed4,ramp,PSEA,0.8571428571428571,6,7,6
compound_only_enrich_mammalian_RAMP_P_000000421_seed4,ramp,FELLA,0.0,6,0,0
compound_only_enrich_mammalian_RAMP_P_000000421_seed4,PSEA,FELLA,0.0,7,0,0
compound_only_enrich_mammalian_RAMP_P_000000421_seed5,sspa_ora,ramp,1.0,7,7,7
compound_only_enrich_mammalian_RAMP_P_000000421_seed5,sspa_ora,PSEA,1.0,7,7,7
compound_only_enrich_mammalian_RAMP_P_000000421_seed5,sspa_ora,FELLA,0.0,7,0,0
compound_only_enrich_mammalian_RAMP_P_000000421_seed5,ramp,PSEA,1.0,7,7,7
compound_only_enrich_mammalian_RAMP_P_000000421_seed5,ramp,FELLA,0.0,7,0,0
compound_only_enrich_mammalian_RAMP_P_000000421_seed5,PSEA,FELLA,0.0,7,0,0
compound_only_enrich_mammalian_RAMP_P_000000421_seed6,sspa_ora,ramp,1.0,5,5,5
compound_only_enrich_mammalian_RAMP_P_000000421_seed6,sspa_ora,PSEA,1.0,5,5,5
compound_only_enrich_mammalian_RAMP_P_000000421_seed6,sspa_ora,FELLA,0.0,5,0,0
compound_only_enrich_mammalian_RAMP_P_000000421_seed6,ramp,PSEA,1.0,5,5,5
compound_only_enrich_mammalian_RAMP_P_000000421_seed6,ramp,FELLA,0.0,5,0,0
compound_only_enrich_mammalian_RAMP_P_000000421_seed6,PSEA,FELLA,0.0,5,0,0
compound_only_enrich_mammalian_RAMP_P_000000421_seed8,sspa_ora,ramp,0.75,8,6,6
compound_only_enrich_mammalian_RAMP_P_000000421_seed8,sspa_ora,PSEA,0.8888888888888888,8,9,8
compound_only_enrich_mammalian_RAMP_P_000000421_seed8,sspa_ora,FELLA,0.0,8,0,0
compound_only_enrich_mammalian_RAMP_P_000000421_seed8,ramp,PSEA,0.6666666666666666,6,9,6
compound_only_enrich_mammalian_RAMP_P_000000421_seed8,ramp,FELLA,0.0,6,0,0
compound_only_enrich_mammalian_RAMP_P_000000421_seed8,PSEA,FELLA,0.0,9,0,0
compound_only_enrich_mammalian_RAMP_P_000053042_seed9,sspa_ora,ramp,1.0,5,5,5
compound_only_enrich_mammalian_RAMP_P_000053042_seed9,sspa_ora,PSEA,1.0,5,5,5
compound_only_enrich_mammalian_RAMP_P_000053042_seed9,sspa_ora,FELLA,0.0,5,0,0
compound_only_enrich_mammalian_RAMP_P_000053042_seed9,ramp,PSEA,1.0,5,5,5
compound_only_enrich_mammalian_RAMP_P_000053042_seed9,ramp,FELLA,0.0,5,0,0
compound_only_enrich_mammalian_RAMP_P_000053042_seed9,PSEA,FELLA,0.0,5,0,0
compound_only_enrich_mammalian_RAMP_P_000000016_seed1,sspa_ora,ramp,0.25,3,7,2
compound_only_enrich_mammalian_RAMP_P_000000016_seed1,sspa_ora,PSEA,0.2857142857142857,3,6,2
compound_only_enrich_mammalian_RAMP_P_000000016_seed1,sspa_ora,FELLA,0.0,3,2,0
compound_only_enrich_mammalian_RAMP_P_000000016_seed1,ramp,PSEA,0.8571428571428571,7,6,6
compound_only_enrich_mammalian_RAMP_P_000000016_seed1,ramp,FELLA,0.2857142857142857,7,2,2
compound_only_enrich_mammalian_RAMP_P_000000016_seed1,PSEA,FELLA,0.3333333333333333,6,2,2
compound_only_enrich_mammalian_RAMP_P_000000016_seed2,sspa_ora,ramp,0.5454545454545454,7,10,6
compound_only_enrich_mammalian_RAMP_P_000000016_seed2,sspa_ora,PSEA,0.5454545454545454,7,10,6
compound_only_enrich_mammalian_RAMP_P_000000016_seed2,sspa_ora,FELLA,0.0,7,0,0
compound_only_enrich_mammalian_RAMP_P_000000016_seed2,ramp,PSEA,1.0,10,10,10
compound_only_enrich_mammalian_RAMP_P_000000016_seed2,ramp,FELLA,0.0,10,0,0
compound_only_enrich_mammalian_RAMP_P_000000016_seed2,PSEA,FELLA,0.0,10,0,0
compound_only_enrich_mammalian_RAMP_P_000000016_seed4,sspa_ora,ramp,0.5833333333333334,8,11,7
compound_only_enrich_mammalian_RAMP_P_000000016_seed4,sspa_ora,PSEA,0.5,8,10,6
compound_only_enrich_mammalian_RAMP_P_000000016_seed4,sspa_ora,FELLA,0.125,8,1,1
compound_only_enrich_mammalian_RAMP_P_000000016_seed4,ramp,PSEA,0.9090909090909091,11,10,10
compound_only_enrich_mammalian_RAMP_P_000000016_seed4,ramp,FELLA,0.09090909090909091,11,1,1
compound_only_enrich_mammalian_RAMP_P_000000016_seed4,PSEA,FELLA,0.1,10,1,1
compound_only_enrich_mammalian_RAMP_P_000000016_seed6,sspa_ora,ramp,0.375,4,7,3
compound_only_enrich_mammalian_RAMP_P_000000016_seed6,sspa_ora,PSEA,0.3333333333333333,4,8,3
compound_only_enrich_mammalian_RAMP_P_000000016_seed6,sspa_ora,FELLA,0.0,4,1,0
compound_only_enrich_mammalian_RAMP_P_000000016_seed6,ramp,PSEA,0.875,7,8,7
compound_only_enrich_mammalian_RAMP_P_000000016_seed6,ramp,FELLA,0.0,7,1,0
compound_only_enrich_mammalian_RAMP_P_000000016_seed6,PSEA,FELLA,0.0,8,1,0
compound_only_enrich_mammalian_RAMP_P_000000016_seed7,sspa_ora,ramp,0.5,7,11,6
compound_only_enrich_mammalian_RAMP_P_000000016_seed7,sspa_ora,PSEA,0.36363636363636365,7,8,4
compound_only_enrich_mammalian_RAMP_P_000000016_seed7,sspa_ora,FELLA,0.2857142857142857,7,2,2
compound_only_enrich_mammalian_RAMP_P_000000016_seed7,ramp,PSEA,0.5833333333333334,11,8,7
compound_only_enrich_mammalian_RAMP_P_000000016_seed7,ramp,FELLA,0.18181818181818182,11,2,2
compound_only_enrich_mammalian_RAMP_P_000000016_seed7,PSEA,FELLA,0.1111111111111111,8,2,1
compound_only_enrich_mammalian_RAMP_P_000000016_seed9,sspa_ora,ramp,0.25,3,7,2
compound_only_enrich_mammalian_RAMP_P_000000016_seed9,sspa_ora,PSEA,0.14285714285714285,3,5,1
compound_only_enrich_mammalian_RAMP_P_000000016_seed9,sspa_ora,FELLA,0.0,3,1,0
compound_only_enrich_mammalian_RAMP_P_000000016_seed9,ramp,PSEA,0.3333333333333333,7,5,3
compound_only_enrich_mammalian_RAMP_P_000000016_seed9,ramp,FELLA,0.0,7,1,0
compound_only_enrich_mammalian_RAMP_P_000000016_seed9,PSEA,FELLA,0.2,5,1,1
compound_only_enrich_mammalian_RAMP_P_000025682_seed2,sspa_ora,ramp,0.6666666666666666,3,2,2
compound_only_enrich_mammalian_RAMP_P_000025682_seed2,sspa_ora,PSEA,0.5,3,3,2
compound_only_enrich_mammalian_RAMP_P_000025682_seed2,sspa_ora,FELLA,0.25,3,2,1
compound_only_enrich_mammalian_RAMP_P_000025682_seed2,ramp,PSEA,0.6666666666666666,2,3,2
compound_only_enrich_mammalian_RAMP_P_000025682_seed2,ramp,FELLA,0.3333333333333333,2,2,1
compound_only_enrich_mammalian_RAMP_P_000025682_seed2,PSEA,FELLA,0.6666666666666666,3,2,2
compound_only_enrich_mammalian_RAMP_P_000000398_seed0,sspa_ora,ramp,0.5555555555555556,5,9,5
compound_only_enrich_mammalian_RAMP_P_000000398_seed0,sspa_ora,PSEA,0.5,5,10,5
compound_only_enrich_mammalian_RAMP_P_000000398_seed0,sspa_ora,FELLA,0.14285714285714285,5,3,1
compound_only_enrich_mammalian_RAMP_P_000000398_seed0,ramp,PSEA,0.9,9,10,9
compound_only_enrich_mammalian_RAMP_P_000000398_seed0,ramp,FELLA,0.3333333333333333,9,3,3
compound_only_enrich_mammalian_RAMP_P_000000398_seed0,PSEA,FELLA,0.3,10,3,3
compound_only_enrich_mammalian_RAMP_P_000000398_seed1,sspa_ora,ramp,0.6,3,5,3
compound_only_enrich_mammalian_RAMP_P_000000398_seed1,sspa_ora,PSEA,0.6,3,5,3
compound_only_enrich_mammalian_RAMP_P_000000398_seed1,sspa_ora,FELLA,0.0,3,1,0
compound_only_enrich_mammalian_RAMP_P_000000398_seed1,ramp,PSEA,1.0,5,5,5
compound_only_enrich_mammalian_RAMP_P_000000398_seed1,ramp,FELLA,0.2,5,1,1
compound_only_enrich_mammalian_RAMP_P_000000398_seed1,PSEA,FELLA,0.2,5,1,1
compound_only_enrich_mammalian_RAMP_P_000000398_seed2,sspa_ora,ramp,0.5,4,8,4
compound_only_enrich_mammalian_RAMP_P_000000398_seed2,sspa_ora,PSEA,0.5714285714285714,4,7,4
compound_only_enrich_mammalian_RAMP_P_000000398_seed2,sspa_ora,FELLA,0.0,4,2,0
compound_only_enrich_mammalian_RAMP_P_000000398_seed2,ramp,PSEA,0.875,8,7,7
compound_only_enrich_mammalian_RAMP_P_000000398_seed2,ramp,FELLA,0.25,8,2,2
compound_only_enrich_mammalian_RAMP_P_000000398_seed2,PSEA,FELLA,0.2857142857142857,7,2,2
compound_only_enrich_mammalian_RAMP_P_000000398_seed3,sspa_ora,ramp,0.4444444444444444,4,9,4
compound_only_enrich_mammalian_RAMP_P_000000398_seed3,sspa_ora,PSEA,0.375,4,7,3
compound_only_enrich_mammalian_RAMP_P_000000398_seed3,sspa_ora,FELLA,0.0,4,3,0
compound_only_enrich_mammalian_RAMP_P_000000398_seed3,ramp,PSEA,0.7777777777777778,9,7,7
compound_only_enrich_mammalian_RAMP_P_000000398_seed3,ramp,FELLA,0.3333333333333333,9,3,3
compound_only_enrich_mammalian_RAMP_P_000000398_seed3,PSEA,FELLA,0.42857142857142855,7,3,3
compound_only_enrich_mammalian_RAMP_P_000000398_seed4,sspa_ora,ramp,0.42857142857142855,3,7,3
compound_only_enrich_mammalian_RAMP_P_000000398_seed4,sspa_ora,PSEA,0.42857142857142855,3,7,3
compound_only_enrich_mammalian_RAMP_P_000000398_seed4,sspa_ora,FELLA,0.0,3,3,0
compound_only_enrich_mammalian_RAMP_P_000000398_seed4,ramp,PSEA,0.75,7,7,6
compound_only_enrich_mammalian_RAMP_P_000000398_seed4,ramp,FELLA,0.25,7,3,2
compound_only_enrich_mammalian_RAMP_P_000000398_seed4,PSEA,FELLA,0.42857142857142855,7,3,3
compound_only_enrich_mammalian_RAMP_P_000000398_seed5,sspa_ora,ramp,0.6666666666666666,4,6,4
compound_only_enrich_mammalian_RAMP_P_000000398_seed5,sspa_ora,PSEA,0.6666666666666666,4,6,4
compound_only_enrich_mammalian_RAMP_P_000000398_seed5,sspa_ora,FELLA,0.16666666666666666,4,3,1
compound_only_enrich_mammalian_RAMP_P_000000398_seed5,ramp,PSEA,1.0,6,6,6
compound_only_enrich_mammalian_RAMP_P_000000398_seed5,ramp,FELLA,0.5,6,3,3
compound_only_enrich_mammalian_RAMP_P_000000398_seed5,PSEA,FELLA,0.5,6,3,3
compound_only_enrich_mammalian_RAMP_P_000000398_seed6,sspa_ora,ramp,0.36363636363636365,5,10,4
compound_only_enrich_mammalian_RAMP_P_000000398_seed6,sspa_ora,PSEA,0.4,5,9,4
compound_only_enrich_mammalian_RAMP_P_000000398_seed6,sspa_ora,FELLA,0.0,5,3,0
compound_only_enrich_mammalian_RAMP_P_000000398_seed6,ramp,PSEA,0.9,10,9,9
compound_only_enrich_mammalian_RAMP_P_000000398_seed6,ramp,FELLA,0.3,10,3,3
compound_only_enrich_mammalian_RAMP_P_000000398_seed6,PSEA,FELLA,0.2,9,3,2
compound_only_enrich_mammalian_RAMP_P_000000398_seed7,sspa_ora,ramp,0.375,3,8,3
compound_only_enrich_mammalian_RAMP_P_000000398_seed7,sspa_ora,PSEA,0.5,3,6,3
compound_only_enrich_mammalian_RAMP_P_000000398_seed7,sspa_ora,FELLA,0.0,3,2,0
compound_only_enrich_mammalian_RAMP_P_000000398_seed7,ramp,PSEA,0.75,8,6,6
compound_only_enrich_mammalian_RAMP_P_000000398_seed7,ramp,FELLA,0.25,8,2,2
compound_only_enrich_mammalian_RAMP_P_000000398_seed7,PSEA,FELLA,0.3333333333333333,6,2,2
compound_only_enrich_mammalian_RAMP_P_000000398_seed8,sspa_ora,ramp,0.42857142857142855,4,6,3
compound_only_enrich_mammalian_RAMP_P_000000398_seed8,sspa_ora,PSEA,0.375,4,7,3
compound_only_enrich_mammalian_RAMP_P_000000398_seed8,sspa_ora,FELLA,0.0,4,2,0
compound_only_enrich_mammalian_RAMP_P_000000398_seed8,ramp,PSEA,0.8571428571428571,6,7,6
compound_only_enrich_mammalian_RAMP_P_000000398_seed8,ramp,FELLA,0.3333333333333333,6,2,2
compound_only_enrich_mammalian_RAMP_P_000000398_seed8,PSEA,FELLA,0.2857142857142857,7,2,2
compound_only_enrich_mammalian_RAMP_P_000000398_seed9,sspa_ora,ramp,0.42857142857142855,3,7,3
compound_only_enrich_mammalian_RAMP_P_000000398_seed9,sspa_ora,PSEA,0.42857142857142855,3,7,3
compound_only_enrich_mammalian_RAMP_P_000000398_seed9,sspa_ora,FELLA,0.0,3,2,0
compound_only_enrich_mammalian_RAMP_P_000000398_seed9,ramp,PSEA,0.75,7,7,6
compound_only_enrich_mammalian_RAMP_P_000000398_seed9,ramp,FELLA,0.2857142857142857,7,2,2
compound_only_enrich_mammalian_RAMP_P_000000398_seed9,PSEA,FELLA,0.2857142857142857,7,2,2
compound_only_enrich_mammalian_RAMP_P_000053306_seed1,sspa_ora,ramp,0.3333333333333333,3,5,2
compound_only_enrich_mammalian_RAMP_P_000053306_seed1,sspa_ora,PSEA,0.2857142857142857,3,6,2
compound_only_enrich_mammalian_RAMP_P_000053306_seed1,sspa_ora,FELLA,0.0,3,2,0
compound_only_enrich_mammalian_RAMP_P_000053306_seed1,ramp,PSEA,0.5714285714285714,5,6,4
compound_only_enrich_mammalian_RAMP_P_000053306_seed1,ramp,FELLA,0.0,5,2,0
compound_only_enrich_mammalian_RAMP_P_000053306_seed1,PSEA,FELLA,0.3333333333333333,6,2,2
compound_only_enrich_mammalian_RAMP_P_000050099_seed6,sspa_ora,ramp,0.7142857142857143,6,6,5
compound_only_enrich_mammalian_RAMP_P_000050099_seed6,sspa_ora,PSEA,0.6666666666666666,6,4,4
compound_only_enrich_mammalian_RAMP_P_000050099_seed6,sspa_ora,FELLA,0.0,6,0,0
compound_only_enrich_mammalian_RAMP_P_000050099_seed6,ramp,PSEA,0.6666666666666666,6,4,4
compound_only_enrich_mammalian_RAMP_P_000050099_seed6,ramp,FELLA,0.0,6,0,0
compound_only_enrich_mammalian_RAMP_P_000050099_seed6,PSEA,FELLA,0.0,4,0,0
compound_only_enrich_mammalian_RAMP_P_000053306_seed7,sspa_ora,ramp,0.7142857142857143,5,7,5
compound_only_enrich_mammalian_RAMP_P_000053306_seed7,sspa_ora,PSEA,0.375,5,6,3
compound_only_enrich_mammalian_RAMP_P_000053306_seed7,sspa_ora,FELLA,0.0,5,2,0
compound_only_enrich_mammalian_RAMP_P_000053306_seed7,ramp,PSEA,0.4444444444444444,7,6,4
compound_only_enrich_mammalian_RAMP_P_000053306_seed7,ramp,FELLA,0.0,7,2,0
compound_only_enrich_mammalian_RAMP_P_000053306_seed7,PSEA,FELLA,0.3333333333333333,6,2,2
compound_only_enrich_mammalian_RAMP_P_000050021_seed0,sspa_ora,ramp,0.6,4,4,3
compound_only_enrich_mammalian_RAMP_P_000050021_seed0,sspa_ora,PSEA,0.2,4,2,1
compound_only_enrich_mammalian_RAMP_P_000050021_seed0,sspa_ora,FELLA,0.0,4,0,0
compound_only_enrich_mammalian_RAMP_P_000050021_seed0,ramp,PSEA,0.5,4,2,2
compound_only_enrich_mammalian_RAMP_P_000050021_seed0,ramp,FELLA,0.0,4,0,0
compound_only_enrich_mammalian_RAMP_P_000050021_seed0,PSEA,FELLA,0.0,2,0,0
compound_only_enrich_mammalian_RAMP_P_000050021_seed1,sspa_ora,ramp,0.8,4,5,4
compound_only_enrich_mammalian_RAMP_P_000050021_seed1,sspa_ora,PSEA,0.4,4,3,2
compound_only_enrich_mammalian_RAMP_P_000050021_seed1,sspa_ora,FELLA,0.0,4,0,0
compound_only_enrich_mammalian_RAMP_P_000050021_seed1,ramp,PSEA,0.6,5,3,3
compound_only_enrich_mammalian_RAMP_P_000050021_seed1,ramp,FELLA,0.0,5,0,0
compound_only_enrich_mammalian_RAMP_P_000050021_seed1,PSEA,FELLA,0.0,3,0,0
