sample_idx,claim_id,task_tail,human_label,llm_label,match
1,v1:c010,an_RAMP_P_000000141_seed1,verifier_gap,verifier_gap,True
2,v1:c033,an_RAMP_P_000000398_seed5,verifier_gap,verifier_gap,True
3,v1:c016,an_RAMP_P_000000421_seed8,verifier_gap,both,False
4,v1:c026,an_RAMP_P_000000421_seed8,producer_fault,producer_fault,True
5,v1:c030,an_RAMP_P_000050096_seed6,verifier_gap,verifier_gap,True
6,v1:c005,an_lm_pathway_WP167_seed8,both,verifier_gap,False
7,v1:c021,an_RAMP_P_000000106_seed8,verifier_gap,verifier_gap,True
8,v1:c019,an_RAMP_P_000000398_seed0,verifier_gap,verifier_gap,True
9,v1:c021,an_RAMP_P_000050021_seed8,verifier_gap,both,False
10,v1:c010,an_RAMP_P_000050021_seed9,verifier_gap,both,False
11,v1:c014,an_RAMP_P_000050021_seed2,verifier_gap,both,False
12,v1:c005,an_RAMP_P_000000421_seed3,verifier_gap,verifier_gap,True
13,v1:c024,an_lm_pathway_WP167_seed3,verifier_gap,verifier_gap,True
14,v1:c033,an_RAMP_P_000050021_seed4,both,verifier_gap,False
15,v1:c030,an_RAMP_P_000050021_seed1,verifier_gap,verifier_gap,True
16,v1:c018,an_lm_pathway_WP167_seed7,verifier_gap,verifier_gap,True
17,v1:c026,an_RAMP_P_000053306_seed7,producer_fault,producer_fault,True
18,v1:c007,an_lm_pathway_WP167_seed3,both,both,True
19,v1:c019,an_lm_pathway_WP167_seed2,producer_fault,both,False
20,v1:c009,an_RAMP_P_000000421_seed6,verifier_gap,both,False
