A,B,n_paired,A_correct,B_correct,delta_spec,delta_pp,ci95_lo_pp,ci95_hi_pp,mcnemar_b,mcnemar_c,p_value,sig_p_lt_0.05,sig_after_bonf
gnps_only,cfmid_only,358,267,258,-9,-2.51,-6.15,1.12,25,16,0.211,no,no
gnps_only,sirius_only,358,267,263,-4,-1.12,-3.35,1.12,10,6,0.4545,no,no
gnps_only,full_6.2,358,267,263,-4,-1.12,-4.47,2.23,20,16,0.6177,no,no
gnps_only,msclip_weighted_6.3,354,264,244,-20,-5.65,-9.89,-1.41,39,19,0.0119,yes,no
gnps_only,msclip_llm_6.3,358,267,252,-15,-4.19,-8.1,-0.28,34,19,0.0534,no,no
gnps_only,pre_rerank_modcos,358,267,267,0,0.0,0.0,0.0,0,0,1.0,no,no
cfmid_only,sirius_only,358,258,263,5,1.4,-1.68,4.47,12,17,0.4583,no,no
cfmid_only,full_6.2,358,258,263,5,1.4,0.28,2.79,0,5,0.0625,no,no
cfmid_only,msclip_weighted_6.3,354,255,244,-11,-3.11,-6.21,0.0,21,10,0.0708,no,no
cfmid_only,msclip_llm_6.3,358,258,252,-6,-1.68,-5.03,1.4,20,14,0.3915,no,no
cfmid_only,pre_rerank_modcos,358,258,267,9,2.51,-1.12,6.15,16,25,0.211,no,no
sirius_only,full_6.2,358,263,263,0,0.0,-2.79,2.79,13,13,1.0,no,no
sirius_only,msclip_weighted_6.3,354,260,244,-16,-4.52,-8.47,-0.56,33,17,0.0328,yes,no
sirius_only,msclip_llm_6.3,358,263,252,-11,-3.07,-6.7,0.56,28,17,0.1352,no,no
sirius_only,pre_rerank_modcos,358,263,267,4,1.12,-1.12,3.35,6,10,0.4545,no,no
full_6.2,msclip_weighted_6.3,354,260,244,-16,-4.52,-7.34,-1.69,21,5,0.0025,yes,no
full_6.2,msclip_llm_6.3,358,263,252,-11,-3.07,-6.15,-0.28,20,9,0.0614,no,no
full_6.2,pre_rerank_modcos,358,263,267,4,1.12,-2.23,4.47,16,20,0.6177,no,no
msclip_weighted_6.3,msclip_llm_6.3,354,244,249,5,1.41,-0.56,3.39,4,9,0.2668,no,no
msclip_weighted_6.3,pre_rerank_modcos,354,244,264,20,5.65,1.41,9.89,19,39,0.0119,yes,no
msclip_llm_6.3,pre_rerank_modcos,358,252,267,15,4.19,0.28,8.1,19,34,0.0534,no,no
