spectrum_id,formula,gt_ik14,msclip_rank,weighted_rank,llm_rank,msclip_rr,weighted_rr,llm_rr
casmi2022_10,C25H25N7O3,YBSJFWOBGCMAKL,5,3,1,0.2,0.3333333333333333,1.0
casmi2022_491,C28H42O2,BMTBSXZNMLHERI,,,,0.0,0.0,0.0
casmi2022_41,C15H22O3,ODEUPBSFCFNAST,,,,0.0,0.0,0.0
casmi2022_456,C16H18O4,SXTIQENJRJOCLX,,,,0.0,0.0,0.0
casmi2022_407,C11H12O3,AFWKBSMFXWNGRE,,,,0.0,0.0,0.0
casmi2022_209,C17H18O5,VHPWJMNWWUOFEQ,,,,0.0,0.0,0.0
casmi2022_318,C22H26O6,PDDXWOMYBJCSQB,4,1,1,0.25,1.0,1.0
casmi2022_248,C27H28N6O,PRDFBSVERLRRMY,,,,0.0,0.0,0.0
casmi2022_308,C20H28O3,GPFVBJYXFRIOFB,16,16,16,0.0625,0.0625,0.0625
casmi2022_219,C12H20O4,FXMSOVULZIWFAB,,,,0.0,0.0,0.0
casmi2022_359,C15H22O2,OUZVRQWJHQUOFN,,,,0.0,0.0,0.0
casmi2022_34,C23H32N6O5S,NEYKRKVLEWKOBI,1,1,2,1.0,1.0,0.5
casmi2022_417,C18H29N3O5,ANZXOIAKUNOVQU,1,1,1,1.0,1.0,1.0
casmi2022_423,C26H32O6,PONBYQAAIAEAEY,1,1,1,1.0,1.0,1.0
casmi2022_466,C23H30O6,FYSHYFPJBONYCQ,3,3,3,0.3333333333333333,0.3333333333333333,0.3333333333333333
casmi2022_268,C21H28O5,RJRUYIYDJSRJJH,,,,0.0,0.0,0.0
casmi2022_278,C7H12N2O3,RNKSNIBMTUYWSH,2,2,2,0.5,0.5,0.5
casmi2022_369,C11H16O3,XEVQXKKKAVVSMW,17,17,17,0.058823529411764705,0.058823529411764705,0.058823529411764705
casmi2022_229,C21H36O3,VOCMJEUNEDTYIN,,,,0.0,0.0,0.0
casmi2022_55,C20H32O2,NLVMTSRTOGOFQD,,,,0.0,0.0,0.0
casmi2022_476,C16H30N2O4,IQHOCCKALNDTHC,6,6,6,0.16666666666666666,0.16666666666666666,0.16666666666666666
casmi2022_442,C48H78O19,CPKUECAWPOGBJH,2,2,2,0.5,0.5,0.5
casmi2022_92,C43H65N5O10,LJVAJPDWBABPEJ,11,11,11,0.09090909090909091,0.09090909090909091,0.09090909090909091
casmi2022_453,C16H16O4,BHEGXSNCDUBUFA,,,,0.0,0.0,0.0
casmi2022_21,C22H18O4,VCSUYXUJFRFUEL,,,,0.0,0.0,0.0
casmi2022_467,C15H10O5,HXAFEJLAMMEJCI,,,,0.0,0.0,0.0
casmi2022_15,C30H46O7,FYGSMJAMPMZYFS,16,16,16,0.0625,0.0625,0.0625
casmi2022_238,C34H58O4,YCZJVRCZIPDYHH,,,,0.0,0.0,0.0
casmi2022_269,C13H16N2O6,FKDSAXOHMLWBNA,,,,0.0,0.0,0.0
casmi2022_329,C21H22O6,AWOGQCSIVCQXBT,9,9,9,0.1111111111111111,0.1111111111111111,0.1111111111111111
casmi2022_339,C21H20O6,TUUXBSASAQJECY,3,1,2,0.3333333333333333,1.0,0.5
casmi2022_368,C42H46O22,UDSPVVBVMAWQTL,1,1,1,1.0,1.0,1.0
casmi2022_228,C15H22O3,VSIZQKJECMEPPV,,,,0.0,0.0,0.0
casmi2022_54,C13H14O4,DNNCDAUXXXSIRG,,,,0.0,0.0,0.0
casmi2022_477,C15H22O2,VCQYNPQDHCQYIE,,,,0.0,0.0,0.0
casmi2022_443,C15H14O4,HIRVWHDXLBBQTE,,,,0.0,0.0,0.0
casmi2022_463,C15H24N2O2,XVPBINOPNYFXID,9,9,9,0.1111111111111111,0.1111111111111111,0.1111111111111111
casmi2022_490,C14H21NO4,RYZXGYYJJBGYNG,,,,0.0,0.0,0.0
casmi2022_11,C33H44N4O10,MJNIWUJSIGSWKK,1,1,1,1.0,1.0,1.0
casmi2022_457,C10H11NO3,YYAJJKZSQWOLIP,1,1,1,1.0,1.0,1.0
casmi2022_208,C20H27NO3,NLFZMHZNKIRQSK,,,,0.0,0.0,0.0
casmi2022_319,C42H46O22,UDSPVVBVMAWQTL,1,1,1,1.0,1.0,1.0
casmi2022_309,C16H16O4,QGNDNBAMIOFKBQ,,,,0.0,0.0,0.0
casmi2022_189,C8H17NO,QRCJOCOSPZMDJY,,,,0.0,0.0,0.0
casmi2022_358,C28H37NO7,REIKGNZFNCYMMZ,,,,0.0,0.0,0.0
casmi2022_35,C36H75N,SWZDQOUHBYYPJD,2,3,3,0.5,0.3333333333333333,0.3333333333333333
casmi2022_64,C34H33N3O5,OSFCMRGOZNQUSW,3,4,4,0.3333333333333333,0.25,0.25
casmi2022_480,C22H28O4,XWNAROAQHRZRFP,,,,0.0,0.0,0.0
casmi2022_422,C37H56O10,OZEXWSOYHYUSFA,3,1,2,0.3333333333333333,1.0,0.5
casmi2022_130,C6H9N2O2P,AYRRNFHDJUXLEQ,17,17,17,0.058823529411764705,0.058823529411764705,0.058823529411764705
casmi2022_237,C18H15NO2,FBLAHUMENIHUGG,10,10,10,0.1,0.1,0.1
casmi2022_377,C35H36ClNO3S,UCHDWCPVSPXUMX,4,1,1,0.25,1.0,1.0
casmi2022_384,C18H24O11,IQWFMLIFUZTUPY,1,4,4,1.0,0.25,0.25
casmi2022_295,C28H37NO8,GTRVCRMLFFBAHP,,,,0.0,0.0,0.0
casmi2022_104,C6H7NO,DVVGIUUJYPYENY,,,,0.0,0.0,0.0
casmi2022_439,C14H13N3O5S,SPTMROWPYQRZSX,16,16,16,0.0625,0.0625,0.0625
casmi2022_468,C17H24O5,PAABWEDUEFJRSL,,,,0.0,0.0,0.0
casmi2022_478,C24H30O6,UAMUYXWJNMHHRV,7,7,7,0.14285714285714285,0.14285714285714285,0.14285714285714285
casmi2022_285,C14H14N2O,QQQXZACTFUGYLB,,,,0.0,0.0,0.0
casmi2022_367,C15H26O7,OCABQLKOTCWQEU,,,,0.0,0.0,0.0
casmi2022_227,C27H22Cl2N4O,PLHJCIYEEKOWNM,13,13,13,0.07692307692307693,0.07692307692307693,0.07692307692307693
casmi2022_213,C8H13NO,DTUJRJIWGWTNFQ,,,,0.0,0.0,0.0
casmi2022_291,C18H16N2O,JBTHDAVBDKKSRW,,,,0.0,0.0,0.0
casmi2022_316,C15H28O4,BYJHCUIKVIAEAC,,,,0.0,0.0,0.0
casmi2022_256,C20H34O8,QZCLKYGREBVARF,1,2,1,1.0,0.5,1.0
casmi2022_134,C34H42O18,JDYWLRRIZNBKMP,,,,0.0,0.0,0.0
casmi2022_409,C21H22O8,XBZIUXVIWRAJKB,11,11,11,0.09090909090909091,0.09090909090909091,0.09090909090909091
casmi2022_98,C20H30O4,KKUZEALMRZIWAJ,,,,0.0,0.0,0.0
casmi2022_357,C15H14O3,HIFMHFYYAXWFIN,,,,0.0,0.0,0.0
casmi2022_306,C30H44O5,BYCBJBLIOKGBPB,,,,0.0,0.0,0.0
casmi2022_390,C28H34O15,QUQPHWDTPGMPEX,2,2,1,0.5,0.5,1.0
casmi2022_141,C6H11N,DYUWTXWIYMHBQS,,,,0.0,0.0,0.0
casmi2022_281,C16H18O4,AXCJOIQUPCZRLS,,,,0.0,0.0,0.0
casmi2022_332,C42H46O22,NYZUREUOQAHPFZ,6,6,6,0.16666666666666666,0.16666666666666666,0.16666666666666666
casmi2022_272,C21H20O12,WLCYEFFWFTVKQR,,,,0.0,0.0,0.0
casmi2022_381,C20H28O3,AHKUFTRUMQKIPH,,,,0.0,0.0,0.0
casmi2022_317,C23H24O7,GHBZHAWROFXWAR,,,,0.0,0.0,0.0
casmi2022_408,C14H18O5,SMOXLKTYOHPSFE,,,,0.0,0.0,0.0
casmi2022_99,C15H22O4,YWHHSBHOSZSUBM,,,,0.0,0.0,0.0
casmi2022_356,C16H26O7,GJOYPICCRRYJFZ,,,,0.0,0.0,0.0
casmi2022_307,C13H15NO5,GNZBDHIIHNEXIT,,,,0.0,0.0,0.0
casmi2022_391,C42H45ClN6O5S2,HPLNQCPCUACXLM,5,5,5,0.2,0.2,0.2
casmi2022_333,C35H46O12,WRDRGEUZCODXHY,,,,0.0,0.0,0.0
casmi2022_342,C11H10O5,SWBWWNMIUNNZJC,,,,0.0,0.0,0.0
casmi2022_193,C20H32O2,SAYWUPNITYCHPG,,,,0.0,0.0,0.0
casmi2022_253,C28H22O6,BIQMSWPBPAKGSE,6,6,6,0.16666666666666666,0.16666666666666666,0.16666666666666666
casmi2022_105,C22H28N6O3S,WHBIGIKBNXZKFE,3,4,4,0.3333333333333333,0.25,0.25
casmi2022_294,C16H22O6,NKZPOJBFXMXUED,7,7,7,0.14285714285714285,0.14285714285714285,0.14285714285714285
casmi2022_469,C15H14O5,RFRQCFZIUNGRQV,,,,0.0,0.0,0.0
casmi2022_479,C21H28O6,IOZFHCVNMMAYLY,,,,0.0,0.0,0.0
casmi2022_428,C15H14N4O2S,QWCJHSGMANYXCW,5,2,2,0.2,0.5,0.5
casmi2022_284,C30H46O5,IQAAHGZZGBMTBN,,,,0.0,0.0,0.0
casmi2022_395,C26H28N2,FNELRTTWUIVSEN,,,,0.0,0.0,0.0
casmi2022_366,C40H55N7O9,BSMORZQXPRJUEU,1,2,2,1.0,0.5,0.5
casmi2022_226,C9H9NO,DWAQDRSOVMLGRQ,1,2,1,1.0,0.5,1.0
casmi2022_170,C15H20O3,AQMFTOQZGLRMGU,,,,0.0,0.0,0.0
casmi2022_243,C32H44O10,XBOVCSNIOQPGAW,4,2,1,0.25,0.5,1.0
casmi2022_303,C19H20N2O,WVVXBPKOIZGVNS,13,13,13,0.07692307692307693,0.07692307692307693,0.07692307692307693
casmi2022_183,C20H26O4,XYZWRQXZTNPKPD,2,3,3,0.5,0.3333333333333333,0.3333333333333333
casmi2022_352,C22H26N2O2S,PWVXXGRKLHYWKM,1,2,2,1.0,0.5,0.5
casmi2022_153,C14H29NO,QEALYLRSRQDCRA,8,8,8,0.125,0.125,0.125
casmi2022_382,C32H38O14,BVDGQVAUJNUPGW,3,3,3,0.3333333333333333,0.3333333333333333,0.3333333333333333
casmi2022_293,C15H22O2,QRUFQTMPUYCZQA,,,,0.0,0.0,0.0
casmi2022_320,C17H22O3,ODINUXHYIQSKKH,,,,0.0,0.0,0.0
casmi2022_194,C21H34O7,XHAUOHBDNZKIEL,6,6,6,0.16666666666666666,0.16666666666666666,0.16666666666666666
casmi2022_254,C18H32O5,CAIKQNWPWSTGHN,4,1,1,0.25,1.0,1.0
casmi2022_69,C20H27NO8S,QWKLUCAUEPHQSM,,,,0.0,0.0,0.0
casmi2022_244,C24H36O6,YXNJBOPJNBXMGA,,,,0.0,0.0,0.0
casmi2022_184,C10H16O2,VYOBOCQMKRSKAN,,,,0.0,0.0,0.0
casmi2022_177,C7H15N,AVKNGPAMCBSNSO,12,12,12,0.08333333333333333,0.08333333333333333,0.08333333333333333
casmi2022_330,C20H24O7,GFMYIOGFYYHKLA,1,5,1,1.0,0.2,1.0
casmi2022_270,C20H28O3,CXHRNGHPJPVGKD,,,,0.0,0.0,0.0
casmi2022_283,C33H40O21,CGTJNKQXMHSGFN,6,6,6,0.16666666666666666,0.16666666666666666,0.16666666666666666
casmi2022_112,C24H30N2O3,UMPABASQXRRHQB,11,11,11,0.09090909090909091,0.09090909090909091,0.09090909090909091
casmi2022_310,C12H19NO3,WWRKWRLCWQCCHU,,,,0.0,0.0,0.0
casmi2022_341,C22H34O5,LUNSNRWUCHZPDQ,,,,0.0,0.0,0.0
casmi2022_201,C4H10N2O,ZQZJKHIIQFPZCS,4,2,2,0.25,0.5,0.5
casmi2022_190,C14H10N2O3S,KDDXOGDIPZSCTM,1,1,1,1.0,1.0,1.0
casmi2022_106,C28H29N5OS,BWZJBXAPRCVCKQ,1,1,1,1.0,1.0,1.0
casmi2022_264,C13H13ClN2O,FUZYTVDVLBBXDL,2,2,2,0.5,0.5,0.5
casmi2022_489,C17H14O7,JWOKGWICZPPYPX,,,,0.0,0.0,0.0
casmi2022_334,C21H36O8,ZADCROHMCBYQOL,,,,0.0,0.0,0.0
casmi2022_396,C22H28N2O6,IIIQNYBMLKYCLT,2,1,1,0.5,1.0,1.0
casmi2022_147,C20H28O5,NAQVTSORDXBGOI,,,,0.0,0.0,0.0
casmi2022_122,C25H32O6,OFDBBWUQAHAKDG,,,,0.0,0.0,0.0
casmi2022_311,C21H26O4,DOEKDVOTZGJRPX,,,,0.0,0.0,0.0
casmi2022_296,C15H10O6,YBQTVIMCHXORHO,,,,0.0,0.0,0.0
casmi2022_48,C20H18O10,JMZOMFYRADAWOG,20,20,20,0.05,0.05,0.05
casmi2022_397,C26H34O9,LCDHGZGHZZLGHK,1,2,1,1.0,0.5,1.0
casmi2022_117,C9H8N2,DTVYNUOOZIKEEX,,,,0.0,0.0,0.0
casmi2022_152,C7H10O2,MIDXCONKKJTLDX,,,,0.0,0.0,0.0
casmi2022_383,C21H36O3,INRRKSNDPRKXCH,,,,0.0,0.0,0.0
casmi2022_315,C22H29N3O,ZMWRRFHBXARRRT,,,,0.0,0.0,0.0
casmi2022_255,C14H16O5,CNXACDYPVKUDEK,,,,0.0,0.0,0.0
casmi2022_3,C35H42O16,UYALDZZEAZIEME,2,2,2,0.5,0.5,0.5
casmi2022_220,C20H30O3,JZXWITIZXDCGSC,,,,0.0,0.0,0.0
casmi2022_331,C15H20O5,LNJLUBJNNAKSLY,,,,0.0,0.0,0.0
casmi2022_271,C11H18N2O2,SZJNCZMRZAUNQT,1,1,1,1.0,1.0,1.0
casmi2022_113,C20H28O4,FYXHEYXWOZYYEW,,,,0.0,0.0,0.0
casmi2022_282,C20H33NO6,CCUGMZLHJFWECW,1,1,1,1.0,1.0,1.0
casmi2022_142,C12H9N3O,VEEGZPWAAPPXRB,,,,0.0,0.0,0.0
casmi2022_22,C21H18F3NO3S2,YDBLKRPLXZNVNB,3,2,2,0.3333333333333333,0.5,0.5
casmi2022_16,C14H16O3,QMMMQWRPZIJGPT,,,,0.0,0.0,0.0
casmi2022_159,C27H32O8,WAVKNSMRCWYDDL,,,,0.0,0.0,0.0
casmi2022_398,C15H22O2,SUFSOKMJLLAQQX,,,,0.0,0.0,0.0
casmi2022_57,C14H25NO3,ZRAPVLSWOKTYNU,,,,0.0,0.0,0.0
casmi2022_487,C9H10ClN5O2,YWTYJOPNNQFBPC,1,1,1,1.0,1.0,1.0
casmi2022_500,C15H14O3,ADFCQWZHKCXPAJ,1,1,1,1.0,1.0,1.0
casmi2022_63,C14H14N4O3,AHLAVTICAUSHAX,,,,0.0,0.0,0.0
casmi2022_431,C26H35N3O6,PJORSFDPCGOEBJ,,,,0.0,0.0,0.0
casmi2022_26,C12H17NO,ZYRLCOGVOHEKBK,11,11,11,0.09090909090909091,0.09090909090909091,0.09090909090909091
casmi2022_77,C18H21NO,HIYAQBUTHPUUSV,,,,0.0,0.0,0.0
casmi2022_454,C11H14O5,CSWASXRPJVEWTP,,,,0.0,0.0,0.0
casmi2022_169,C34H40O16,ABAIOHPURNHXKB,1,2,1,1.0,0.5,1.0
casmi2022_421,C30H46O5,OQQCBMOTOPRDSL,,,,0.0,0.0,0.0
casmi2022_42,C10H14O4,WYOIVALENVXRJQ,,,,0.0,0.0,0.0
casmi2022_430,C32H38O15,FWINXQRXURMYOG,7,7,7,0.14285714285714285,0.14285714285714285,0.14285714285714285
casmi2022_455,C15H22O2,IOMCDXUKBXLPRW,,,,0.0,0.0,0.0
casmi2022_178,C15H23NO4,UVZTZBRGZXIBLZ,,,,0.0,0.0,0.0
casmi2022_420,C17H22O3,BNZVTXLUECVXIJ,,,,0.0,0.0,0.0
casmi2022_23,C23H32N6O4S,MJEXYQIZUOHDGY,1,1,1,1.0,1.0,1.0
casmi2022_451,C17H16N2O3,QIALRBLEEWJACW,4,1,1,0.25,1.0,1.0
casmi2022_465,C13H19NO2,CAMHORNWWUQADP,,,,0.0,0.0,0.0
casmi2022_158,C20H30O3,JIKPDGHCTOSDJA,,,,0.0,0.0,0.0
casmi2022_9,C17H25N3O2S,WKEMJKQOLOHJLZ,1,1,1,1.0,1.0,1.0
casmi2022_148,C15H22O4,QEXBXSJDNHRVSH,,,,0.0,0.0,0.0
casmi2022_475,C13H12N4O3,CLKZWXHKFXZIMA,2,1,2,0.5,1.0,0.5
casmi2022_56,C15H10N2O2,TXEFUSAHPIYZHD,6,6,6,0.16666666666666666,0.16666666666666666,0.16666666666666666
casmi2022_410,C27H32O7,ZRJPWPHGPZYNIS,,,,0.0,0.0,0.0
casmi2022_91,C4H9NO,WHIVNJATOVLWBW,,,,0.0,0.0,0.0
