spectrum_id,msclip_top1_score,msclip_gap,decision,msclip_top1_correct,modcos_top1_correct,phase63b_correct,config_e_correct
sub6a-gnps-CCMSLIB00006403004,0.799,0.018000000000000016,TRIGGER_weighted,1,1,1,1
sub6a-gnps-CCMSLIB00000078355,0.849,0.17699999999999994,TRIGGER_weighted,1,0,1,1
sub6a-gnps-CCMSLIB00017429312,0.81,0.03600000000000003,TRIGGER_weighted,1,1,1,1
sub6a-massbank-MSBNK-Athens_Univ-AU280303,0.805,0.015000000000000013,TRIGGER_weighted,0,0,0,0
sub6a-gnps-CCMSLIB00017430144,,,TRIGGER_weighted,0,1,1,1
sub6a-gnps-CCMSLIB00005436221,0.659,0.659,TRIGGER_weighted,0,0,0,0
sub6a-gnps-MSBNK-BAFG-CSL23111011780,0.808,0.07900000000000007,TRIGGER_weighted,1,1,1,1
sub6a-gnps-MSBNK-PFOS_research_group-FFF00234,0.651,0.016000000000000014,TRIGGER_weighted,0,1,0,0
sub6a-gnps-CCMSLIB00017430524,0.787,0.02400000000000002,TRIGGER_weighted,0,0,0,0
sub6a-gnps-CCMSLIB00006570216,0.704,0.17799999999999994,TRIGGER_weighted,1,1,0,0
sub6a-gnps-MSBNK-LCSB-LU037755,0.624,0.0010000000000000009,TRIGGER_weighted,0,0,0,0
sub6a-gnps-CCMSLIB00013935050,0.793,0.0030000000000000027,TRIGGER_weighted,0,0,1,1
sub6a-gnps-MSBNK-BGC_Munich-RP030301,0.809,0.07300000000000006,TRIGGER_weighted,1,0,1,1
sub6a-gnps-MSBNK-BAFG-CSL23111011771,0.809,0.07800000000000007,TRIGGER_weighted,1,1,1,1
sub6a-gnps-CCMSLIB00017432620,,,TRIGGER_weighted,0,1,1,1
sub6a-massbank-MSBNK-Athens_Univ-AU280306,0.805,0.017000000000000015,TRIGGER_weighted,0,0,0,0
sub6a-gnps-CCMSLIB00006572537,0.802,0.01100000000000001,TRIGGER_weighted,1,1,0,0
sub6a-massbank-MSBNK-Athens_Univ-AU280304,0.805,0.015000000000000013,TRIGGER_weighted,0,0,0,0
sub6a-gnps-CCMSLIB00017429222,0.81,0.020000000000000018,TRIGGER_weighted,0,1,1,1
sub6a-gnps-CCMSLIB00006126554,0.73,0.02100000000000002,TRIGGER_weighted,0,0,0,0
sub6a-gnps-CCMSLIB00005884012,0.755,0.0010000000000000009,TRIGGER_weighted,0,1,1,1
sub6a-gnps-CCMSLIB00013934793,0.73,0.03500000000000003,TRIGGER_weighted,0,1,0,0
sub6a-gnps-CCMSLIB00012466859,0.616,0.007000000000000006,TRIGGER_weighted,0,0,0,0
sub6a-gnps-CCMSLIB00013934887,0.806,0.0020000000000000018,TRIGGER_weighted,0,1,0,0
sub6a-gnps-CCMSLIB00006570437,0.703,0.18399999999999994,TRIGGER_weighted,1,1,0,0
sub6a-gnps-CCMSLIB00006119573,0.837,0.03499999999999992,TRIGGER_weighted,1,1,1,1
sub6a-gnps-CCMSLIB00013935043,0.801,0.0030000000000000027,TRIGGER_weighted,0,0,1,1
sub6a-massbank-MSBNK-Athens_Univ-AU280302,0.804,0.014000000000000012,TRIGGER_weighted,0,0,0,0
sub6a-massbank-MSBNK-Athens_Univ-AU280305,0.803,0.017000000000000015,TRIGGER_weighted,0,0,0,0
sub6a-gnps-VF-NPL-QTOF007617,0.802,0.01100000000000001,TRIGGER_weighted,1,1,1,1
sub6a-gnps-CCMSLIB00013935041,0.804,0.0030000000000000027,TRIGGER_weighted,0,1,0,0
sub6a-gnps-CCMSLIB00017433198,,,TRIGGER_weighted,0,1,1,1
sub6a-gnps-CCMSLIB00005723934,0.774,0.0020000000000000018,TRIGGER_weighted,1,0,0,0
sub6a-gnps-MSBNK-mFam-MC22_000030,0.668,0.029000000000000026,TRIGGER_weighted,0,0,0,0
sub6a-gnps-MSBNK-Athens_Univ-AU280204,0.802,0.0030000000000000027,TRIGGER_weighted,1,1,1,1
sub6a-gnps-MSBNK-Athens_Univ-AU280502,0.804,0.0030000000000000027,TRIGGER_weighted,0,0,0,0
sub6a-gnps-CCMSLIB00000577918,0.86,0.86,SKIP_msclip_high_conf,1,1,1,1
sub6a-gnps-CCMSLIB00013935049,0.801,0.0030000000000000027,TRIGGER_weighted,0,1,1,1
sub6a-gnps-CCMSLIB00017431707,0.789,0.01100000000000001,TRIGGER_weighted,0,0,0,0
sub6a-gnps-CCMSLIB00017430883,0.814,0.04899999999999993,TRIGGER_weighted,1,1,1,1
sub6a-gnps-CCMSLIB00017429716,,,TRIGGER_weighted,0,1,1,1
sub6a-gnps-MoNA032975,0.808,0.03700000000000003,TRIGGER_weighted,1,1,1,1
sub6a-gnps-CCMSLIB00010103117,0.811,0.07200000000000006,TRIGGER_weighted,1,1,1,1
sub6a-gnps-CCMSLIB00017430897,,,TRIGGER_weighted,0,1,1,1
sub6a-gnps-CCMSLIB00006570998,0.635,0.05400000000000005,TRIGGER_weighted,1,1,0,0
sub6a-gnps-CCMSLIB00006572459,0.792,0.019000000000000017,TRIGGER_weighted,1,1,1,1
sub6a-gnps-CCMSLIB00017430525,,,TRIGGER_weighted,0,1,1,1
sub6a-gnps-CCMSLIB00012280259,0.813,0.061999999999999944,TRIGGER_weighted,1,1,1,1
sub6a-gnps-CCMSLIB00012471421,0.638,0.0040000000000000036,TRIGGER_weighted,0,0,0,0
sub6a-gnps-MSBNK-Athens_Univ-AU280502,0.804,0.0030000000000000027,TRIGGER_weighted,0,0,0,0
sub6a-gnps-MSBNK-Metabolon-MT000100,0.737,0.008000000000000007,TRIGGER_weighted,0,0,0,0
sub6a-gnps-CCMSLIB00010125466,0.81,0.041000000000000036,TRIGGER_weighted,1,1,1,1
sub6a-gnps-CCMSLIB00006570420,0.705,0.18199999999999994,TRIGGER_weighted,1,1,0,0
sub6a-massbank-MSBNK-Athens_Univ-AU280303,0.805,0.015000000000000013,TRIGGER_weighted,0,0,0,0
sub6a-gnps-CCMSLIB00006570250,0.704,0.18099999999999994,TRIGGER_weighted,1,1,0,0
sub6a-gnps-CCMSLIB00016212455,0.625,0.02300000000000002,TRIGGER_weighted,0,0,0,0
sub6a-gnps-MoNA019355,0.813,0.05899999999999994,TRIGGER_weighted,1,1,1,1
sub6a-gnps-CCMSLIB00006572615,0.781,0.01100000000000001,TRIGGER_weighted,1,1,1,1
sub6a-gnps-CCMSLIB00017430688,,,TRIGGER_weighted,0,1,1,1
sub6a-gnps-CCMSLIB00013935050,0.793,0.0030000000000000027,TRIGGER_weighted,0,0,1,1
sub6a-gnps-CCMSLIB00013576504,0.821,0.03199999999999992,TRIGGER_weighted,0,1,1,1
sub6a-gnps-MSBNK-BAFG-CSL23111011613,0.813,0.04599999999999993,TRIGGER_weighted,1,1,1,1
sub6a-gnps-CCMSLIB00017431552,0.811,0.039000000000000035,TRIGGER_weighted,1,1,1,1
sub6a-gnps-CCMSLIB00012465116,0.79,0.02100000000000002,TRIGGER_weighted,0,1,1,1
sub6a-gnps-MSBNK-mFam-MC22_000005,0.812,0.03400000000000003,TRIGGER_weighted,1,0,1,1
sub6a-gnps-MSBNK-PFOS_research_group-FFF00238,0.557,0.557,TRIGGER_weighted,1,1,1,1
sub6a-gnps-CCMSLIB00006570624,0.68,0.06500000000000006,TRIGGER_weighted,1,0,0,0
sub6a-gnps-CCMSLIB00013934818,0.811,0.02300000000000002,TRIGGER_weighted,0,1,1,1
sub6a-gnps-MSBNK-BAFG-CSL23111011772,0.809,0.07900000000000007,TRIGGER_weighted,1,1,1,1
sub6a-gnps-CCMSLIB00006572647,0.781,0.01200000000000001,TRIGGER_weighted,1,1,1,1
sub6a-gnps-CCMSLIB00013935050,0.793,0.0030000000000000027,TRIGGER_weighted,0,0,1,1
sub6a-gnps-CCMSLIB00010137493,0.642,0.0010000000000000009,TRIGGER_weighted,0,1,1,1
sub6a-gnps-CCMSLIB00005464567,0.683,0.016000000000000014,TRIGGER_weighted,0,0,0,0
sub6a-gnps-CCMSLIB00013935048,0.803,0.0030000000000000027,TRIGGER_weighted,0,1,0,0
sub6a-gnps-CCMSLIB00012361980,0.891,0.891,SKIP_msclip_high_conf,1,1,1,1
sub6a-gnps-CCMSLIB00006570182,0.646,0.039000000000000035,TRIGGER_weighted,1,0,0,0
sub6a-gnps-MSBNK-Antwerp_Univ-METOX_N109506_F638,0.801,0.006000000000000005,TRIGGER_weighted,1,1,1,1
sub6a-gnps-CCMSLIB00006116161,0.806,0.07500000000000007,TRIGGER_weighted,1,1,1,1
sub6a-gnps-CCMSLIB00013934892,0.7,0.0,TRIGGER_weighted,1,1,0,0
sub6a-gnps-CCMSLIB00013934889,0.803,0.0030000000000000027,TRIGGER_weighted,0,1,0,0
sub6a-massbank-MSBNK-Athens_Univ-AU280303,0.805,0.015000000000000013,TRIGGER_weighted,0,0,0,0
sub6a-gnps-CCMSLIB00005463875,0.753,0.02100000000000002,TRIGGER_weighted,0,1,1,1
sub6a-gnps-CCMSLIB00012465118,0.797,0.02100000000000002,TRIGGER_weighted,0,1,1,1
sub6a-massbank-MSBNK-Athens_Univ-AU280306,0.805,0.017000000000000015,TRIGGER_weighted,0,0,0,0
sub6a-gnps-CCMSLIB00017429716,,,TRIGGER_weighted,0,1,1,1
sub6a-gnps-CCMSLIB00017431834,,,TRIGGER_weighted,0,1,1,1
sub6a-gnps-CCMSLIB00006116160,0.806,0.07100000000000006,TRIGGER_weighted,1,1,1,1
sub6a-gnps-CCMSLIB00013935045,0.804,0.0030000000000000027,TRIGGER_weighted,0,0,0,0
sub6a-gnps-CCMSLIB00006572513,0.778,0.014000000000000012,TRIGGER_weighted,1,1,1,1
sub6a-massbank-MSBNK-Athens_Univ-AU280305,0.803,0.017000000000000015,TRIGGER_weighted,0,0,0,0
sub6a-gnps-MSBNK-CASMI_2016-SM873001,0.8,0.0050000000000000044,TRIGGER_weighted,1,1,1,1
sub6a-gnps-CCMSLIB00006572733,0.777,0.0030000000000000027,TRIGGER_weighted,1,1,1,1
sub6a-gnps-CCMSLIB00017430814,0.811,0.038000000000000034,TRIGGER_weighted,1,1,1,1
sub6a-gnps-MSBNK-BAFG-CSL23111011613,0.813,0.04599999999999993,TRIGGER_weighted,1,1,1,1
sub6a-massbank-MSBNK-Athens_Univ-AU280302,0.804,0.014000000000000012,TRIGGER_weighted,0,0,0,0
sub6a-gnps-CCMSLIB00006572483,0.801,0.007000000000000006,TRIGGER_weighted,1,1,1,1
sub6a-gnps-CCMSLIB00005463549,0.804,0.0020000000000000018,TRIGGER_weighted,0,1,1,1
sub6a-gnps-MoNA034804,0.805,0.0030000000000000027,TRIGGER_weighted,0,1,0,0
sub6a-gnps-MSBNK-BAFG-CSL2311107409,0.809,0.018000000000000016,TRIGGER_weighted,0,1,1,1
sub6a-gnps-VF-NPL-QEHF000454,0.801,0.017000000000000015,TRIGGER_weighted,0,1,1,1
sub6a-gnps-CCMSLIB00017430885,0.577,0.577,TRIGGER_weighted,0,0,0,0
sub6a-gnps-CCMSLIB00012465763,0.58,0.04899999999999993,TRIGGER_weighted,0,0,0,0
sub6a-gnps-CCMSLIB00000005503,0.775,0.062000000000000055,TRIGGER_weighted,1,1,0,0
sub6a-gnps-CCMSLIB00012867708,,,TRIGGER_weighted,0,0,0,0
sub6a-gnps-CCMSLIB00005884025,0.875,0.007000000000000006,TRIGGER_weighted,1,1,1,1
sub6a-gnps-CCMSLIB00013935046,0.804,0.0040000000000000036,TRIGGER_weighted,0,1,0,0
sub6a-gnps-CCMSLIB00013935043,0.801,0.0030000000000000027,TRIGGER_weighted,0,0,1,1
sub6a-gnps-CCMSLIB00013934892,0.7,0.0,TRIGGER_weighted,1,1,0,0
sub6a-gnps-CCMSLIB00012471528,0.807,0.020000000000000018,TRIGGER_weighted,0,0,0,0
sub6a-gnps-CCMSLIB00017429939,0.811,0.020000000000000018,TRIGGER_weighted,0,1,1,1
sub6a-gnps-CCMSLIB00017431436,0.81,0.051000000000000045,TRIGGER_weighted,0,1,0,0
sub6a-massbank-MSBNK-Athens_Univ-AU280304,0.805,0.015000000000000013,TRIGGER_weighted,0,0,0,0
sub6a-gnps-VF-NPL-QTOF007616,0.801,0.0040000000000000036,TRIGGER_weighted,1,0,1,1
sub6a-gnps-CCMSLIB00010012785,0.855,0.02300000000000002,TRIGGER_weighted,1,1,1,1
sub6a-gnps-MSBNK-mFam-MC21_000780,0.837,0.23099999999999998,TRIGGER_weighted,1,0,1,1
sub6a-gnps-CCMSLIB00017429037,0.531,0.015000000000000013,TRIGGER_weighted,1,1,1,1
sub6a-massbank-MSBNK-Athens_Univ-AU280302,0.804,0.014000000000000012,TRIGGER_weighted,0,0,0,0
sub6a-gnps-MSBNK-Athens_Univ-AU280502,0.804,0.0030000000000000027,TRIGGER_weighted,0,0,0,0
sub6a-gnps-CCMSLIB00005464609,0.639,0.02200000000000002,TRIGGER_weighted,0,1,1,1
sub6a-gnps-CCMSLIB00006387108,0.845,0.845,TRIGGER_weighted,1,1,1,1
sub6a-gnps-CCMSLIB00005884446,0.836,0.08899999999999997,TRIGGER_weighted,1,1,1,1
sub6a-gnps-CCMSLIB00005884998,0.838,0.05399999999999994,TRIGGER_weighted,1,1,1,1
sub6a-gnps-CCMSLIB00013050610,0.82,0.007999999999999896,TRIGGER_weighted,0,1,0,0
sub6a-gnps-CCMSLIB00005883642,0.845,0.845,TRIGGER_weighted,1,1,1,1
sub6a-gnps-CCMSLIB00013050602,0.801,0.0020000000000000018,TRIGGER_weighted,0,1,1,1
sub6a-gnps-CCMSLIB00006387284,0.845,0.845,TRIGGER_weighted,1,1,1,1
sub6a-gnps-MSBNK-mFam-MC01_000062,0.764,0.01100000000000001,TRIGGER_weighted,1,1,1,1
sub6a-gnps-CCMSLIB00013021654,0.798,0.0030000000000000027,TRIGGER_weighted,1,1,1,1
sub6a-gnps-CCMSLIB00012288023,0.798,0.0030000000000000027,TRIGGER_weighted,1,1,1,1
sub6a-gnps-CCMSLIB00005883758,0.807,0.2340000000000001,TRIGGER_weighted,1,1,1,1
sub6a-gnps-MoNA032015,0.833,0.133,TRIGGER_weighted,1,1,1,1
sub6a-gnps-MSBNK-Keio_Univ-KO003826,0.814,0.2919999999999999,TRIGGER_weighted,1,1,1,1
sub6a-gnps-CCMSLIB00012352234,0.585,0.013000000000000012,TRIGGER_weighted,0,0,0,0
sub6a-gnps-CCMSLIB00006386794,0.846,0.846,TRIGGER_weighted,1,1,1,1
sub6a-gnps-CCMSLIB00008851520,0.854,0.026000000000000023,TRIGGER_weighted,1,1,1,1
sub6a-gnps-CCMSLIB00016212785,0.582,0.006000000000000005,TRIGGER_weighted,0,0,0,0
sub6a-gnps-MSBNK-mFam-MC22_000050,0.81,0.2420000000000001,TRIGGER_weighted,1,1,1,1
sub6a-gnps-MSBNK-mFam-MC02_000885,0.83,0.20099999999999996,TRIGGER_weighted,1,1,1,1
sub6a-gnps-MoNA032012,0.832,0.124,TRIGGER_weighted,1,1,1,1
sub6a-gnps-CCMSLIB00005464583,0.709,0.08499999999999996,TRIGGER_weighted,1,1,1,1
sub6a-gnps-MSBNK-Keio_Univ-KO003824,0.805,0.252,TRIGGER_weighted,1,1,1,1
sub6a-gnps-CCMSLIB00012360475,0.806,0.16500000000000004,TRIGGER_weighted,1,1,1,1
sub6a-gnps-CCMSLIB00012352242,0.573,0.0020000000000000018,TRIGGER_weighted,0,0,0,0
sub6a-gnps-CCMSLIB00016212727,0.797,0.0040000000000000036,TRIGGER_weighted,1,1,1,1
sub6a-gnps-CCMSLIB00005883715,0.866,0.866,SKIP_msclip_high_conf,1,1,1,1
sub6a-gnps-MSBNK-mFam-MC22_000203,0.784,0.09600000000000009,TRIGGER_weighted,1,1,1,1
sub6a-gnps-CCMSLIB00000578187,0.831,0.07299999999999995,TRIGGER_weighted,1,1,1,1
sub6a-gnps-MoNA024319,0.832,0.038999999999999924,TRIGGER_weighted,1,1,1,1
sub6a-gnps-CCMSLIB00005883714,0.868,0.868,SKIP_msclip_high_conf,1,1,1,1
sub6a-gnps-CCMSLIB00005883643,0.845,0.845,TRIGGER_weighted,1,1,1,1
sub6a-gnps-CCMSLIB00005884432,0.829,0.127,TRIGGER_weighted,1,1,1,1
sub6a-gnps-CCMSLIB00005883598,0.835,0.03499999999999992,TRIGGER_weighted,1,1,1,1
sub6a-gnps-CCMSLIB00003138484,0.794,0.0040000000000000036,TRIGGER_weighted,1,1,1,1
sub6a-gnps-CCMSLIB00016339056,0.737,0.052999999999999936,TRIGGER_weighted,0,1,1,1
sub6a-gnps-CCMSLIB00006113551,0.86,0.86,SKIP_msclip_high_conf,1,1,1,1
sub6a-gnps-MSBNK-mFam-MC22_000012,0.834,0.03499999999999992,TRIGGER_weighted,1,1,1,1
sub6a-gnps-CCMSLIB00013031139,0.84,0.84,TRIGGER_weighted,1,1,1,1
sub6a-gnps-MoNA034935,0.834,0.39299999999999996,TRIGGER_weighted,1,0,1,1
sub6a-gnps-CCMSLIB00010133371,0.785,0.10399999999999998,TRIGGER_weighted,1,1,1,1
sub6a-gnps-CCMSLIB00005884438,0.711,0.010000000000000009,TRIGGER_weighted,0,1,1,1
sub6a-gnps-CCMSLIB00016212845,0.798,0.0040000000000000036,TRIGGER_weighted,1,1,1,1
sub6a-gnps-VF-NPL-QEHF027669,0.666,0.666,TRIGGER_weighted,0,0,0,0
sub6a-gnps-MSBNK-mFam-MC22_000132,0.836,0.19999999999999996,TRIGGER_weighted,1,1,1,1
sub6a-gnps-MoNA032785,0.833,0.11499999999999999,TRIGGER_weighted,1,1,1,1
sub6a-gnps-CCMSLIB00000578190,0.832,0.38699999999999996,TRIGGER_weighted,1,1,1,1
sub6a-gnps-CCMSLIB00016338979,0.794,0.0020000000000000018,TRIGGER_weighted,1,1,1,1
sub6a-gnps-CCMSLIB00012340446,,,TRIGGER_weighted,0,0,0,0
sub6a-gnps-CCMSLIB00010132500,0.829,0.04799999999999993,TRIGGER_weighted,1,1,1,1
sub6a-gnps-CCMSLIB00005885030,0.865,0.865,SKIP_msclip_high_conf,1,1,1,1
sub6a-gnps-MoNA034803,0.805,0.0030000000000000027,TRIGGER_weighted,0,0,0,0
sub6a-gnps-CCMSLIB00005883716,0.868,0.868,SKIP_msclip_high_conf,1,1,1,1
sub6a-gnps-CCMSLIB00013031149,0.842,0.842,TRIGGER_weighted,1,1,1,1
sub6a-gnps-CCMSLIB00005883644,0.846,0.846,TRIGGER_weighted,1,1,1,1
sub6a-gnps-CCMSLIB00006579327,0.641,0.06000000000000005,TRIGGER_weighted,1,1,0,0
sub6a-gnps-MSBNK-mFam-MC02_001090,0.803,0.0010000000000000009,TRIGGER_weighted,0,0,0,0
sub6a-gnps-CCMSLIB00013576901,0.837,0.837,TRIGGER_weighted,1,1,1,1
sub6a-gnps-CCMSLIB00005883643,0.845,0.845,TRIGGER_weighted,1,1,1,1
sub6a-gnps-MSBNK-mFam-MC21_000778,0.816,0.07599999999999996,TRIGGER_weighted,1,1,1,1
sub6a-gnps-CCMSLIB00012360360,0.835,0.03199999999999992,TRIGGER_weighted,1,1,1,1
sub6a-gnps-CCMSLIB00005720762,0.811,0.1050000000000001,TRIGGER_weighted,1,0,1,1
sub6a-gnps-CCMSLIB00005885075,0.824,0.016999999999999904,TRIGGER_weighted,1,1,1,1
sub6a-gnps-CCMSLIB00012361994,0.837,0.05799999999999994,TRIGGER_weighted,1,1,1,1
sub6a-gnps-CCMSLIB00006387284,0.845,0.845,TRIGGER_weighted,1,1,1,1
sub6a-gnps-CCMSLIB00005883931,0.827,0.013000000000000012,TRIGGER_weighted,1,1,1,1
sub6a-gnps-CCMSLIB00000577907,0.86,0.018000000000000016,TRIGGER_weighted,1,1,1,1
sub6a-gnps-CCMSLIB00012060235,0.726,0.007000000000000006,TRIGGER_weighted,0,0,0,0
sub6a-gnps-CCMSLIB00005884731,0.836,0.03699999999999992,TRIGGER_weighted,1,1,1,1
sub6a-gnps-CCMSLIB00006387019,0.845,0.845,TRIGGER_weighted,1,1,1,1
sub6a-gnps-CCMSLIB00012360705,0.836,0.030999999999999917,TRIGGER_weighted,1,1,1,1
sub6a-gnps-CCMSLIB00005884998,0.838,0.05399999999999994,TRIGGER_weighted,1,1,1,1
sub6a-gnps-CCMSLIB00003136577,0.72,0.013000000000000012,TRIGGER_weighted,0,0,0,0
sub6a-gnps-CCMSLIB00003139279,0.813,0.007999999999999896,TRIGGER_weighted,0,0,0,0
sub6a-gnps-CCMSLIB00000085412,0.826,0.039999999999999925,TRIGGER_weighted,1,1,1,1
sub6a-gnps-CCMSLIB00005883786,0.772,0.014000000000000012,TRIGGER_weighted,0,1,1,1
sub6a-gnps-CCMSLIB00005885076,0.823,0.018999999999999906,TRIGGER_weighted,1,1,1,1
sub6a-gnps-CCMSLIB00012360345,0.832,0.04299999999999993,TRIGGER_weighted,1,1,1,1
sub6a-gnps-VF-NPL-QEHF027676,,,TRIGGER_weighted,0,1,1,1
sub6a-gnps-CCMSLIB00005464095,0.805,0.03600000000000003,TRIGGER_weighted,1,1,1,1
sub6a-gnps-CCMSLIB00013010897,0.847,0.0040000000000000036,TRIGGER_weighted,1,1,1,1
sub6a-gnps-MoNA024235,0.509,0.509,TRIGGER_weighted,0,0,0,0
sub6a-gnps-CCMSLIB00013576132,,,TRIGGER_weighted,0,0,0,0
sub6a-gnps-CCMSLIB00000078060,0.771,0.05700000000000005,TRIGGER_weighted,1,0,1,1
sub6a-gnps-MoNA031914,0.804,0.0010000000000000009,TRIGGER_weighted,0,1,0,0
sub6a-gnps-CCMSLIB00000426289,0.743,0.743,TRIGGER_weighted,1,1,1,1
sub6a-gnps-CCMSLIB00005463642,0.789,0.025000000000000022,TRIGGER_weighted,0,1,1,1
sub6a-gnps-CCMSLIB00003138222,0.802,0.0,TRIGGER_weighted,0,0,0,0
sub6a-gnps-MoNA037721,0.841,0.009000000000000008,TRIGGER_weighted,0,1,1,1
sub6a-gnps-CCMSLIB00012079633,0.837,0.33099999999999996,TRIGGER_weighted,1,1,1,1
sub6a-gnps-CCMSLIB00006112637,0.837,0.03699999999999992,TRIGGER_weighted,1,1,1,1
sub6a-gnps-CCMSLIB00012350737,,,TRIGGER_weighted,0,0,0,0
sub6a-gnps-CCMSLIB00005720868,0.847,0.031000000000000028,TRIGGER_weighted,0,0,0,0
sub6a-gnps-MoNA024367,0.826,0.025999999999999912,TRIGGER_weighted,0,0,0,0
sub6a-gnps-CCMSLIB00005884061,0.844,0.07599999999999996,TRIGGER_weighted,1,1,1,1
sub6a-gnps-CCMSLIB00006126246,0.846,0.03200000000000003,TRIGGER_weighted,1,1,1,1
sub6a-gnps-MoNA034803,0.805,0.0030000000000000027,TRIGGER_weighted,0,0,0,0
sub6a-gnps-CCMSLIB00012466630,0.847,0.01200000000000001,TRIGGER_weighted,1,0,0,0
sub6a-gnps-CCMSLIB00005463596,0.841,0.007000000000000006,TRIGGER_weighted,1,1,1,1
sub6a-gnps-CCMSLIB00006578165,0.812,0.19800000000000006,TRIGGER_weighted,1,1,0,0
sub6a-gnps-CCMSLIB00006677606,0.783,0.06500000000000006,TRIGGER_weighted,0,0,0,0
sub6a-gnps-MoNA031913,0.804,0.0010000000000000009,TRIGGER_weighted,0,0,0,0
sub6a-gnps-CCMSLIB00012340446,,,TRIGGER_weighted,0,0,0,0
sub6a-gnps-CCMSLIB00006112594,0.846,0.03499999999999992,TRIGGER_weighted,1,1,1,1
sub6a-gnps-CCMSLIB00005883995,0.839,0.33899999999999997,TRIGGER_weighted,1,1,1,1
sub6a-gnps-CCMSLIB00003138222,0.802,0.0,TRIGGER_weighted,0,0,0,0
sub6a-gnps-MoNA033783,0.804,0.0010000000000000009,TRIGGER_weighted,0,0,0,0
sub6a-gnps-MoNA024367,0.826,0.025999999999999912,TRIGGER_weighted,0,0,0,0
sub6a-gnps-MoNA031912,0.845,0.017000000000000015,TRIGGER_weighted,1,0,0,0
sub6a-gnps-CCMSLIB00006123152,0.836,0.03799999999999992,TRIGGER_weighted,1,1,1,1
sub6a-gnps-CCMSLIB00000078646,0.833,0.006000000000000005,TRIGGER_weighted,0,0,1,1
sub6a-gnps-MSBNK-mFam-MC02_000681,0.828,0.01200000000000001,TRIGGER_weighted,1,1,0,0
sub6a-gnps-MoNA024367,0.826,0.025999999999999912,TRIGGER_weighted,0,0,0,0
sub6a-gnps-CCMSLIB00013070145,,,TRIGGER_weighted,0,1,1,1
sub6a-gnps-CCMSLIB00003138222,0.802,0.0,TRIGGER_weighted,0,0,0,0
sub6a-gnps-CCMSLIB00012332251,0.872,0.014000000000000012,TRIGGER_weighted,1,1,1,1
sub6a-gnps-CCMSLIB00005720422,0.865,0.865,SKIP_msclip_high_conf,1,1,1,1
sub6a-gnps-VF-NPL-QEHF003265,0.839,0.03599999999999992,TRIGGER_weighted,1,1,1,1
sub6a-gnps-CCMSLIB00006123152,0.836,0.03799999999999992,TRIGGER_weighted,1,1,1,1
sub6a-gnps-MoNA024367,0.826,0.025999999999999912,TRIGGER_weighted,0,0,0,0
sub6a-gnps-CCMSLIB00003139576,0.838,0.010000000000000009,TRIGGER_weighted,0,0,0,0
sub6a-gnps-CCMSLIB00006115121,0.838,0.258,TRIGGER_weighted,1,1,1,1
sub6a-gnps-CCMSLIB00013639538,0.773,0.03700000000000003,TRIGGER_weighted,0,0,0,0
sub6a-gnps-MoNA023847,0.804,0.0010000000000000009,TRIGGER_weighted,0,1,1,1
sub6a-gnps-MSBNK-Eawag-EQ357805,0.838,0.017000000000000015,TRIGGER_weighted,0,1,0,0
sub6a-gnps-CCMSLIB00006115119,0.838,0.259,TRIGGER_weighted,1,1,1,1
sub6a-gnps-CCMSLIB00006112598,0.846,0.03399999999999992,TRIGGER_weighted,1,1,1,1
sub6a-gnps-MSBNK-Eawag-EQ357808,0.832,0.014000000000000012,TRIGGER_weighted,1,1,1,1
sub6a-gnps-MSBNK-mFam-MC21_000305,0.836,0.23299999999999998,TRIGGER_weighted,1,1,1,1
sub6a-gnps-CCMSLIB00005719965,0.838,0.33599999999999997,TRIGGER_weighted,1,1,1,1
sub6a-gnps-CCMSLIB00003138494,0.836,0.04999999999999993,TRIGGER_weighted,0,1,1,1
sub6a-gnps-MSBNK-mFam-MC21_000120,0.803,0.0010000000000000009,TRIGGER_weighted,0,1,1,1
sub6a-gnps-CCMSLIB00013935306,0.849,0.010000000000000009,TRIGGER_weighted,1,1,0,0
sub6a-gnps-CCMSLIB00003134878,,,TRIGGER_weighted,0,0,0,0
sub6a-gnps-CCMSLIB00003138222,0.802,0.0,TRIGGER_weighted,0,0,0,0
sub6a-gnps-MoNA037779,0.847,0.03300000000000003,TRIGGER_weighted,1,1,1,1
sub6a-gnps-MoNA023877,0.859,0.015000000000000013,TRIGGER_weighted,1,1,1,1
sub6a-gnps-CCMSLIB00000577939,0.838,0.32699999999999996,TRIGGER_weighted,1,0,0,0
sub6a-gnps-CCMSLIB00005436247,0.841,0.007000000000000006,TRIGGER_weighted,1,1,1,1
sub6a-gnps-MoNA023916,0.76,0.020000000000000018,TRIGGER_weighted,1,1,1,1
sub6a-gnps-MoNA024169,0.838,0.33999999999999997,TRIGGER_weighted,1,1,1,1
sub6a-gnps-CCMSLIB00012176428,0.803,0.0010000000000000009,TRIGGER_weighted,0,0,1,1
sub6a-gnps-MoNA034853,0.838,0.026999999999999913,TRIGGER_weighted,0,0,0,0
sub6a-gnps-CCMSLIB00003138222,0.802,0.0,TRIGGER_weighted,0,0,0,0
sub6a-gnps-CCMSLIB00011428347,0.79,0.0040000000000000036,TRIGGER_weighted,0,0,0,0
sub6a-gnps-MoNA033769,0.846,0.03300000000000003,TRIGGER_weighted,1,1,0,0
sub6a-gnps-CCMSLIB00005436192,0.839,0.0030000000000000027,TRIGGER_weighted,0,1,1,1
sub6a-gnps-CCMSLIB00005720868,0.847,0.031000000000000028,TRIGGER_weighted,0,0,0,0
sub6a-gnps-CCMSLIB00006126247,0.846,0.03399999999999992,TRIGGER_weighted,1,1,1,1
sub6a-gnps-CCMSLIB00005463549,0.802,0.0,TRIGGER_weighted,0,1,1,1
sub6a-gnps-MoNA033673,0.843,0.010000000000000009,TRIGGER_weighted,0,1,1,1
sub6a-gnps-CCMSLIB00006677606,0.783,0.06500000000000006,TRIGGER_weighted,0,0,0,0
sub6a-gnps-CCMSLIB00005436240,0.802,0.0,TRIGGER_weighted,0,1,1,1
sub6a-gnps-CCMSLIB00005463961,0.844,0.09599999999999997,TRIGGER_weighted,1,1,1,1
sub6a-gnps-MSBNK-mFam-MC02_001040,0.806,0.013000000000000012,TRIGGER_weighted,0,0,1,1
sub6a-gnps-MoNA035877,,,TRIGGER_weighted,0,0,0,0
sub6a-gnps-CCMSLIB00003138222,0.802,0.0,TRIGGER_weighted,0,0,0,0
sub6a-gnps-CCMSLIB00012060235,0.726,0.007000000000000006,TRIGGER_weighted,0,0,0,0
sub6a-gnps-MoNA024367,0.826,0.025999999999999912,TRIGGER_weighted,0,0,0,0
sub6a-gnps-CCMSLIB00006674279,0.84,0.06699999999999995,TRIGGER_weighted,1,1,1,1
sub6a-gnps-CCMSLIB00013639538,0.773,0.03700000000000003,TRIGGER_weighted,0,0,0,0
sub6a-gnps-CCMSLIB00006126247,0.846,0.03399999999999992,TRIGGER_weighted,1,1,1,1
sub6a-gnps-MSBNK-mFam-MC02_000887,0.726,0.726,TRIGGER_weighted,1,1,1,1
sub6a-gnps-CCMSLIB00012079633,0.837,0.33099999999999996,TRIGGER_weighted,1,1,1,1
sub6a-gnps-CCMSLIB00006112636,0.837,0.03699999999999992,TRIGGER_weighted,1,1,1,1
sub6a-gnps-CCMSLIB00003139290,0.752,0.020000000000000018,TRIGGER_weighted,0,0,0,0
sub6a-gnps-CCMSLIB00013007999,0.834,0.834,TRIGGER_weighted,1,1,1,1
sub6a-gnps-CCMSLIB00012340446,,,TRIGGER_weighted,0,0,0,0
sub6a-gnps-MSBNK-mFam-MC02_000681,0.828,0.01200000000000001,TRIGGER_weighted,1,1,0,0
sub6a-gnps-CCMSLIB00013031144,0.833,0.833,TRIGGER_weighted,1,1,1,1
sub6a-gnps-MoNA035877,,,TRIGGER_weighted,0,0,0,0
sub6a-gnps-CCMSLIB00003139675,0.803,0.0010000000000000009,TRIGGER_weighted,0,0,1,1
sub6a-gnps-MoNA024367,0.826,0.025999999999999912,TRIGGER_weighted,0,0,0,0
sub6a-gnps-MoNA033673,0.843,0.010000000000000009,TRIGGER_weighted,0,1,1,1
sub6a-gnps-CCMSLIB00005884442,0.708,0.0030000000000000027,TRIGGER_weighted,0,1,0,0
sub6a-gnps-CCMSLIB00011428383,0.773,0.0040000000000000036,TRIGGER_weighted,0,0,0,0
sub6a-gnps-CCMSLIB00006360006,0.806,0.0050000000000000044,TRIGGER_weighted,0,1,1,1
sub6a-gnps-CCMSLIB00003134554,0.839,0.03799999999999992,TRIGGER_weighted,0,1,1,1
sub6a-gnps-CCMSLIB00006354880,0.752,0.019000000000000017,TRIGGER_weighted,1,1,1,1
sub6a-gnps-CCMSLIB00003138222,0.802,0.0,TRIGGER_weighted,0,0,0,0
sub6a-gnps-MSBNK-Eawag-EQ357809,0.83,0.0020000000000000018,TRIGGER_weighted,1,0,1,1
sub6a-gnps-CCMSLIB00010130085,0.829,0.10399999999999998,TRIGGER_weighted,1,1,1,1
sub6a-gnps-CCMSLIB00012176428,0.803,0.0010000000000000009,TRIGGER_weighted,0,0,1,1
sub6a-gnps-CCMSLIB00003136091,0.6,0.007000000000000006,TRIGGER_weighted,0,0,0,0
sub6a-gnps-MoNA024367,0.826,0.025999999999999912,TRIGGER_weighted,0,0,0,0
sub6a-gnps-CCMSLIB00012466629,0.855,0.014000000000000012,TRIGGER_weighted,0,0,0,0
sub6a-gnps-MoNA035843,0.805,0.0020000000000000018,TRIGGER_weighted,0,1,0,0
sub6a-gnps-CCMSLIB00003138222,0.802,0.0,TRIGGER_weighted,0,0,0,0
sub6a-gnps-CCMSLIB00010142199,0.829,0.10199999999999998,TRIGGER_weighted,1,1,1,1
sub6a-gnps-CCMSLIB00010152613,0.83,0.10399999999999998,TRIGGER_weighted,1,1,1,1
sub6a-gnps-CCMSLIB00005719966,,,TRIGGER_weighted,0,1,1,1
sub6a-gnps-CCMSLIB00012467643,0.826,0.016999999999999904,TRIGGER_weighted,1,0,0,0
sub6a-gnps-CCMSLIB00012867696,0.629,0.01200000000000001,TRIGGER_weighted,0,0,0,0
sub6a-gnps-CCMSLIB00003138222,0.802,0.0,TRIGGER_weighted,0,0,0,0
sub6a-gnps-CCMSLIB00003137674,0.838,0.33999999999999997,TRIGGER_weighted,1,1,1,1
sub6a-gnps-CCMSLIB00006126249,0.842,0.027000000000000024,TRIGGER_weighted,1,1,1,1
sub6a-gnps-MoNA034853,0.838,0.026999999999999913,TRIGGER_weighted,0,0,0,0
sub6a-gnps-CCMSLIB00003138494,0.836,0.04999999999999993,TRIGGER_weighted,0,1,1,1
sub6a-gnps-CCMSLIB00013035262,0.735,0.026000000000000023,TRIGGER_weighted,1,1,1,1
sub6a-gnps-CCMSLIB00005436240,0.802,0.0,TRIGGER_weighted,0,1,1,1
sub6a-gnps-CCMSLIB00013035247,0.735,0.026000000000000023,TRIGGER_weighted,1,1,1,1
sub6a-gnps-MSBNK-ACES_SU-AS000754,0.847,0.847,TRIGGER_weighted,1,1,1,1
sub6a-gnps-CCMSLIB00013035252,0.734,0.06299999999999994,TRIGGER_weighted,1,1,1,1
sub6a-gnps-MoNA024367,0.826,0.025999999999999912,TRIGGER_weighted,0,0,0,0
sub6a-gnps-CCMSLIB00006677941,0.777,0.04600000000000004,TRIGGER_weighted,0,0,0,0
sub6a-gnps-CCMSLIB00013583456,0.856,0.017000000000000015,TRIGGER_weighted,0,0,0,0
sub6a-gnps-CCMSLIB00006120484,0.835,0.21899999999999997,TRIGGER_weighted,1,1,1,1
sub6a-gnps-MoNA031913,0.804,0.0010000000000000009,TRIGGER_weighted,0,0,0,0
sub6a-gnps-MoNA024367,0.826,0.025999999999999912,TRIGGER_weighted,0,0,0,0
sub6a-gnps-MoNA033676,0.845,0.015000000000000013,TRIGGER_weighted,0,0,1,1
sub6a-gnps-MoNA024141,0.836,0.22199999999999998,TRIGGER_weighted,1,1,1,1
sub6a-gnps-CCMSLIB00003138222,0.802,0.0,TRIGGER_weighted,0,0,0,0
sub6a-gnps-CCMSLIB00003134878,,,TRIGGER_weighted,0,0,0,0
sub6a-gnps-CCMSLIB00003139905,0.724,0.0040000000000000036,TRIGGER_weighted,0,0,0,0
sub6a-gnps-CCMSLIB00010137491,0.624,0.0010000000000000009,TRIGGER_weighted,0,1,1,1
sub6a-gnps-CCMSLIB00010140081,0.852,0.020000000000000018,TRIGGER_weighted,1,1,1,1
sub6a-gnps-CCMSLIB00003139290,0.752,0.020000000000000018,TRIGGER_weighted,0,0,0,0
sub6a-gnps-CCMSLIB00011428383,0.773,0.0040000000000000036,TRIGGER_weighted,0,0,0,0
sub6a-gnps-CCMSLIB00006674284,0.814,0.005999999999999894,TRIGGER_weighted,0,0,1,1
sub6a-gnps-CCMSLIB00006123787,0.813,0.32199999999999995,TRIGGER_weighted,1,1,1,1
sub6a-gnps-CCMSLIB00012342321,0.854,0.020000000000000018,TRIGGER_weighted,1,1,1,1
sub6a-gnps-CCMSLIB00005720789,0.812,0.32100000000000006,TRIGGER_weighted,1,1,1,1
sub6a-gnps-CCMSLIB00012466544,0.852,0.020000000000000018,TRIGGER_weighted,1,1,1,1
sub6a-gnps-CCMSLIB00003139279,0.813,0.007999999999999896,TRIGGER_weighted,0,0,0,0
sub6a-gnps-CCMSLIB00003139399,,,TRIGGER_weighted,0,0,0,0
sub6a-gnps-CCMSLIB00006123811,0.813,0.32199999999999995,TRIGGER_weighted,1,1,1,1
sub6a-gnps-CCMSLIB00011428330,0.79,0.0030000000000000027,TRIGGER_weighted,0,0,0,0
sub6a-gnps-CCMSLIB00003138236,0.738,0.02200000000000002,TRIGGER_weighted,0,0,0,0
sub6a-gnps-CCMSLIB00012360634,0.828,0.09799999999999998,TRIGGER_weighted,1,1,1,1
sub6a-gnps-MoNA024002,0.77,0.06700000000000006,TRIGGER_weighted,0,0,0,0
sub6a-gnps-CCMSLIB00005883759,0.807,0.21700000000000008,TRIGGER_weighted,1,1,1,1
sub6a-gnps-MSBNK-mFam-MC22_000050,0.81,0.2420000000000001,TRIGGER_weighted,1,1,1,1
sub6a-gnps-MoNA024057,0.807,0.27,TRIGGER_weighted,1,1,1,1
sub6a-gnps-CCMSLIB00003134725,0.807,0.12,TRIGGER_weighted,1,1,1,1
sub6a-gnps-CCMSLIB00013583352,0.822,0.07999999999999996,TRIGGER_weighted,1,1,1,1
sub6a-gnps-CCMSLIB00005883831,0.866,0.02200000000000002,TRIGGER_weighted,1,1,1,1
sub6a-gnps-CCMSLIB00005720676,0.702,0.131,TRIGGER_weighted,0,0,0,0
sub6a-gnps-CCMSLIB00000577924,0.836,0.22099999999999997,TRIGGER_weighted,1,1,1,1
sub6a-gnps-MoNA031994,0.839,0.19299999999999995,TRIGGER_weighted,1,1,1,1
sub6a-gnps-CCMSLIB00000577907,0.86,0.018000000000000016,TRIGGER_weighted,1,1,1,1
sub6a-gnps-MoNA036841,0.857,0.010000000000000009,TRIGGER_weighted,1,1,0,0
sub6a-gnps-CCMSLIB00005720659,0.84,0.05399999999999994,TRIGGER_weighted,1,1,1,1
sub6a-gnps-MoNA033382,0.86,0.008000000000000007,TRIGGER_weighted,1,1,1,1
sub6a-gnps-MoNA032862,0.858,0.858,SKIP_msclip_high_conf,1,1,1,1
sub6a-gnps-MoNA036203,0.861,0.861,SKIP_msclip_high_conf,1,1,1,1
sub6a-gnps-CCMSLIB00006121641,0.86,0.01100000000000001,TRIGGER_weighted,1,1,1,1
sub6a-gnps-CCMSLIB00010142384,0.837,0.21899999999999997,TRIGGER_weighted,1,1,1,1
sub6a-gnps-MSBNK-mFam-MC02_000743,0.793,0.052000000000000046,TRIGGER_weighted,1,0,1,1
sub6a-gnps-MSBNK-mFam-MC02_000744,0.731,0.031000000000000028,TRIGGER_weighted,0,1,0,0
sub6a-gnps-CCMSLIB00005436235,0.789,0.025000000000000022,TRIGGER_weighted,0,1,1,1
sub6a-gnps-CCMSLIB00005720370,0.837,0.22199999999999998,TRIGGER_weighted,1,1,1,1
sub6a-gnps-MoNA024057,0.807,0.27,TRIGGER_weighted,1,1,1,1
sub6a-gnps-CCMSLIB00005883826,0.873,0.019000000000000017,TRIGGER_weighted,1,1,1,1
sub6a-gnps-CCMSLIB00006124487,0.702,0.13,TRIGGER_weighted,0,0,0,0
sub6a-gnps-MSBNK-ACES_SU-AS000754,0.847,0.847,TRIGGER_weighted,1,1,1,1
sub6a-gnps-MSBNK-mFam-MC10_000422,0.78,0.07400000000000007,TRIGGER_weighted,0,0,0,0
sub6a-gnps-CCMSLIB00005883830,0.869,0.019000000000000017,TRIGGER_weighted,1,1,1,1
sub6a-gnps-CCMSLIB00000078355,0.849,0.17699999999999994,TRIGGER_weighted,1,0,1,1
sub6a-gnps-CCMSLIB00010147722,0.836,0.21899999999999997,TRIGGER_weighted,1,1,1,1
sub6a-gnps-CCMSLIB00005464386,0.621,0.09199999999999997,TRIGGER_weighted,0,1,1,1
sub6a-gnps-CCMSLIB00006677338,0.719,0.09399999999999997,TRIGGER_weighted,0,0,0,0
sub6a-gnps-CCMSLIB00013576166,,,TRIGGER_weighted,0,0,0,0
sub6a-gnps-CCMSLIB00013576164,0.851,0.018000000000000016,TRIGGER_weighted,1,1,1,1
sub6a-gnps-CCMSLIB00005883641,0.844,0.844,TRIGGER_weighted,1,1,1,1
sub6a-gnps-MSBNK-ACES_SU-AS000754,0.847,0.847,TRIGGER_weighted,1,1,1,1
sub6a-gnps-CCMSLIB00006118420,0.882,0.882,SKIP_msclip_high_conf,1,1,1,1
sub6a-gnps-MSBNK-Keio_Univ-KO003836,0.823,0.025999999999999912,TRIGGER_weighted,0,0,0,0
sub6a-gnps-MSBNK-ACES_SU-AS000754,0.847,0.847,TRIGGER_weighted,1,1,1,1
sub6a-gnps-CCMSLIB00005464272,0.832,0.10399999999999998,TRIGGER_weighted,0,1,1,1
sub6a-gnps-CCMSLIB00010012786,0.854,0.025000000000000022,TRIGGER_weighted,1,1,1,1
sub6a-gnps-CCMSLIB00005463861,0.859,0.027000000000000024,TRIGGER_weighted,1,0,1,1
sub6a-gnps-CCMSLIB00013576166,,,TRIGGER_weighted,0,0,0,0
sub6a-gnps-CCMSLIB00006563842,0.749,0.749,TRIGGER_weighted,1,1,1,1
sub6a-gnps-CCMSLIB00005883631,0.881,0.881,SKIP_msclip_high_conf,1,1,1,1
sub6a-gnps-MoNA032363,0.871,0.871,SKIP_msclip_high_conf,1,1,0,1
sub6a-gnps-CCMSLIB00013576503,0.812,0.018000000000000016,TRIGGER_weighted,0,1,1,1
sub6a-gnps-CCMSLIB00003139813,0.824,0.09699999999999998,TRIGGER_weighted,1,1,1,1
sub6a-gnps-CCMSLIB00005883593,0.874,0.874,SKIP_msclip_high_conf,1,1,0,1
sub6a-gnps-MSBNK-ACES_SU-AS000754,0.847,0.847,TRIGGER_weighted,1,1,1,1
sub6a-gnps-CCMSLIB00005464365,0.709,0.0010000000000000009,TRIGGER_weighted,0,0,0,0
sub6a-gnps-CCMSLIB00010012785,0.855,0.02300000000000002,TRIGGER_weighted,1,1,1,1
sub6a-gnps-CCMSLIB00005883597,0.874,0.874,SKIP_msclip_high_conf,1,1,0,1
sub6a-gnps-CCMSLIB00010012786,0.854,0.025000000000000022,TRIGGER_weighted,1,1,1,1
sub6a-gnps-MSBNK-ACES_SU-AS000754,0.847,0.847,TRIGGER_weighted,1,1,1,1
sub6a-gnps-CCMSLIB00013031149,0.842,0.842,TRIGGER_weighted,1,1,1,1
sub6a-gnps-CCMSLIB00017431705,0.849,0.0010000000000000009,TRIGGER_weighted,0,1,1,1
sub6a-gnps-CCMSLIB00012052587,0.689,0.019999999999999907,TRIGGER_weighted,1,1,1,1
sub6a-gnps-CCMSLIB00013576503,0.812,0.018000000000000016,TRIGGER_weighted,0,1,1,1
sub6a-gnps-CCMSLIB00010012786,0.854,0.025000000000000022,TRIGGER_weighted,1,1,1,1
sub6a-gnps-MSBNK-mFam-MC02_000887,0.726,0.726,TRIGGER_weighted,1,1,1,1
sub6a-gnps-MoNA023842,0.842,0.08399999999999996,TRIGGER_weighted,1,1,1,1
sub6a-gnps-MSBNK-mFam-MC22_000064,0.869,0.020000000000000018,TRIGGER_weighted,1,1,1,1
sub6a-gnps-CCMSLIB00005883828,0.872,0.020000000000000018,TRIGGER_weighted,1,1,1,1
sub6a-gnps-CCMSLIB00017431436,0.81,0.051000000000000045,TRIGGER_weighted,0,1,0,0
sub6a-gnps-CCMSLIB00017431208,0.861,0.006000000000000005,TRIGGER_weighted,1,0,0,0
sub6a-gnps-CCMSLIB00010012786,0.854,0.025000000000000022,TRIGGER_weighted,1,1,1,1
sub6a-gnps-MSBNK-ACES_SU-AS000754,0.847,0.847,TRIGGER_weighted,1,1,1,1
sub6a-gnps-CCMSLIB00013576504,0.821,0.03199999999999992,TRIGGER_weighted,0,1,1,1
sub6a-gnps-CCMSLIB00005463770,0.839,0.030999999999999917,TRIGGER_weighted,0,0,0,0
sub6a-gnps-MoNA024029,0.83,0.119,TRIGGER_weighted,1,1,1,1
sub6a-gnps-CCMSLIB00003134540,0.823,0.17499999999999993,TRIGGER_weighted,1,1,1,1
sub6a-gnps-VF-NPL-QTOF007875,0.703,0.016999999999999904,TRIGGER_weighted,0,0,0,0
sub6a-gnps-CCMSLIB00005884083,0.829,0.129,TRIGGER_weighted,1,1,1,1
sub6a-gnps-CCMSLIB00005884434,0.827,0.128,TRIGGER_weighted,1,1,1,1
sub6a-gnps-MSBNK-ACES_SU-AS000754,0.847,0.847,TRIGGER_weighted,1,1,1,1
sub6a-gnps-CCMSLIB00010012786,0.854,0.025000000000000022,TRIGGER_weighted,1,1,1,1
sub6a-gnps-CCMSLIB00003139813,0.824,0.09699999999999998,TRIGGER_weighted,1,1,1,1
sub6a-gnps-CCMSLIB00005884432,0.829,0.127,TRIGGER_weighted,1,1,1,1
sub6a-gnps-CCMSLIB00013576164,0.851,0.018000000000000016,TRIGGER_weighted,1,1,1,1
sub6a-gnps-CCMSLIB00005464211,0.683,0.1190000000000001,TRIGGER_weighted,0,0,0,0
sub6a-gnps-CCMSLIB00010012785,0.855,0.02300000000000002,TRIGGER_weighted,1,1,1,1
sub6a-gnps-MSBNK-ACES_SU-AS000754,0.847,0.847,TRIGGER_weighted,1,1,1,1
sub6a-gnps-CCMSLIB00011428376,0.783,0.0050000000000000044,TRIGGER_weighted,0,0,0,0
sub6a-gnps-VF-NPL-QEHF028152,0.648,0.061000000000000054,TRIGGER_weighted,1,1,0,0
sub6a-gnps-CCMSLIB00013576504,0.821,0.03199999999999992,TRIGGER_weighted,0,0,1,1
sub6a-gnps-CCMSLIB00013576164,0.851,0.018000000000000016,TRIGGER_weighted,1,0,1,1
sub6a-gnps-CCMSLIB00005464559,0.774,0.774,TRIGGER_weighted,1,1,1,1
sub6a-gnps-MoNA034139,0.807,0.807,TRIGGER_weighted,1,1,1,1
sub6a-gnps-MoNA032628,0.821,0.05799999999999994,TRIGGER_weighted,1,0,1,1
sub6a-gnps-CCMSLIB00005883931,0.827,0.013000000000000012,TRIGGER_weighted,1,1,1,1
sub6a-gnps-CCMSLIB00010132052,0.819,0.06999999999999995,TRIGGER_weighted,0,1,0,0
sub6a-gnps-CCMSLIB00000578142,0.815,0.04399999999999993,TRIGGER_weighted,1,1,1,1
sub6a-gnps-MoNA032485,0.828,0.006000000000000005,TRIGGER_weighted,1,0,0,0
sub6a-gnps-CCMSLIB00010137493,0.642,0.0010000000000000009,TRIGGER_weighted,0,1,1,1
sub6a-gnps-CCMSLIB00005720553,0.829,0.016000000000000014,TRIGGER_weighted,1,0,0,0
sub6a-gnps-CCMSLIB00005885094,0.814,0.04899999999999993,TRIGGER_weighted,1,1,1,1
sub6a-gnps-CCMSLIB00017431208,0.861,0.006000000000000005,TRIGGER_weighted,1,1,0,0
sub6a-gnps-CCMSLIB00006120496,0.824,0.0129999999999999,TRIGGER_weighted,1,1,1,1
sub6a-gnps-MSBNK-mFam-MC22_000147,0.836,0.08799999999999997,TRIGGER_weighted,1,1,1,1
sub6a-gnps-CCMSLIB00003140161,0.815,0.051999999999999935,TRIGGER_weighted,1,1,1,1
