msclip_top1_thresh,msclip_gap_thresh,skip_n,skip_pct,trigger_n,config_e_correct,config_e_acc_pct,delta_vs_msclip_only_spec,delta_vs_msclip_only_pp,p_vs_msclip_only,delta_vs_phase63b_spec,delta_vs_phase63b_pp,p_vs_phase63b
0.0,0.0,423,94.42,25,266,59.38,12,2.68,0.0005,-23,-5.13,0.0165
0.0,0.03,208,46.43,240,296,66.07,42,9.38,6.54e-07,7,1.56,0.2295
0.0,0.05,158,35.27,290,300,66.96,46,10.27,2.27e-07,11,2.46,0.0127
0.0,0.08,122,27.23,326,296,66.07,42,9.38,6.54e-06,7,1.56,0.0654
0.0,0.1,111,24.78,337,297,66.29,43,9.6,4.35e-06,8,1.79,0.0215
0.0,0.12,102,22.77,346,298,66.52,44,9.82,2.88e-06,9,2.01,0.0039
0.0,0.15,93,20.76,355,298,66.52,44,9.82,2.88e-06,9,2.01,0.0039
0.0,0.2,82,18.3,366,293,65.4,39,8.71,6.47e-05,4,0.89,0.125
0.7,0.0,392,87.5,56,266,59.38,12,2.68,0.0169,-23,-5.13,0.0106
0.7,0.03,195,43.53,253,292,65.18,38,8.48,1.95e-05,3,0.67,0.6476
0.7,0.05,147,32.81,301,297,66.29,43,9.6,3.28e-06,8,1.79,0.0386
0.7,0.08,115,25.67,333,297,66.29,43,9.6,4.35e-06,8,1.79,0.0215
0.7,0.1,105,23.44,343,297,66.29,43,9.6,4.35e-06,8,1.79,0.0215
0.7,0.12,97,21.65,351,298,66.52,44,9.82,2.88e-06,9,2.01,0.0039
0.7,0.15,88,19.64,360,298,66.52,44,9.82,2.88e-06,9,2.01,0.0039
0.7,0.2,77,17.19,371,293,65.4,39,8.71,6.47e-05,4,0.89,0.125
0.75,0.0,361,80.58,87,262,58.48,8,1.79,0.2005,-27,-6.03,0.0013
0.75,0.03,179,39.96,269,289,64.51,35,7.81,0.0002,0,0.0,1.0
0.75,0.05,133,29.69,315,294,65.62,40,8.93,2.97e-05,5,1.12,0.125
0.75,0.08,103,22.99,345,293,65.4,39,8.71,5.31e-05,4,0.89,0.2188
0.75,0.1,95,21.21,353,293,65.4,39,8.71,5.31e-05,4,0.89,0.2188
0.75,0.12,87,19.42,361,294,65.62,40,8.93,3.67e-05,5,1.12,0.0625
0.75,0.15,80,17.86,368,294,65.62,40,8.93,3.67e-05,5,1.12,0.0625
0.75,0.2,73,16.29,375,293,65.4,39,8.71,6.47e-05,4,0.89,0.125
0.8,0.0,313,69.87,135,270,60.27,16,3.57,0.0195,-19,-4.24,0.0145
0.8,0.03,166,37.05,282,288,64.29,34,7.59,0.0003,-1,-0.22,1.0
0.8,0.05,123,27.46,325,293,65.4,39,8.71,5.31e-05,4,0.89,0.2188
0.8,0.08,100,22.32,348,293,65.4,39,8.71,5.31e-05,4,0.89,0.2188
0.8,0.1,93,20.76,355,293,65.4,39,8.71,5.31e-05,4,0.89,0.2188
0.8,0.12,86,19.2,362,294,65.62,40,8.93,3.67e-05,5,1.12,0.0625
0.8,0.15,79,17.63,369,294,65.62,40,8.93,3.67e-05,5,1.12,0.0625
0.8,0.2,72,16.07,376,293,65.4,39,8.71,6.47e-05,4,0.89,0.125
0.83,0.0,160,35.71,288,289,64.51,35,7.81,6.49e-05,0,0.0,1.0
0.83,0.03,107,23.88,341,290,64.73,36,8.04,0.0002,1,0.22,1.0
0.83,0.05,81,18.08,367,292,65.18,38,8.48,9.26e-05,3,0.67,0.375
0.83,0.08,74,16.52,374,292,65.18,38,8.48,9.26e-05,3,0.67,0.375
0.83,0.1,70,15.62,378,292,65.18,38,8.48,9.26e-05,3,0.67,0.375
0.83,0.12,66,14.73,382,293,65.4,39,8.71,6.47e-05,4,0.89,0.125
0.83,0.15,64,14.29,384,293,65.4,39,8.71,6.47e-05,4,0.89,0.125
0.83,0.2,60,13.39,388,293,65.4,39,8.71,6.47e-05,4,0.89,0.125
0.85,0.0,48,10.71,400,295,65.85,41,9.15,2.03e-05,6,1.34,0.0312
0.85,0.03,15,3.35,433,292,65.18,38,8.48,0.0001,3,0.67,0.25
0.85,0.05,15,3.35,433,292,65.18,38,8.48,0.0001,3,0.67,0.25
0.85,0.08,15,3.35,433,292,65.18,38,8.48,0.0001,3,0.67,0.25
0.85,0.1,15,3.35,433,292,65.18,38,8.48,0.0001,3,0.67,0.25
0.85,0.12,15,3.35,433,292,65.18,38,8.48,0.0001,3,0.67,0.25
0.85,0.15,15,3.35,433,292,65.18,38,8.48,0.0001,3,0.67,0.25
0.85,0.2,15,3.35,433,292,65.18,38,8.48,0.0001,3,0.67,0.25
0.87,0.0,10,2.23,438,292,65.18,38,8.48,0.0001,3,0.67,0.25
0.87,0.03,6,1.34,442,292,65.18,38,8.48,0.0001,3,0.67,0.25
0.87,0.05,6,1.34,442,292,65.18,38,8.48,0.0001,3,0.67,0.25
0.87,0.08,6,1.34,442,292,65.18,38,8.48,0.0001,3,0.67,0.25
0.87,0.1,6,1.34,442,292,65.18,38,8.48,0.0001,3,0.67,0.25
0.87,0.12,6,1.34,442,292,65.18,38,8.48,0.0001,3,0.67,0.25
0.87,0.15,6,1.34,442,292,65.18,38,8.48,0.0001,3,0.67,0.25
0.87,0.2,6,1.34,442,292,65.18,38,8.48,0.0001,3,0.67,0.25
