spectrum_id,formula,gt_ik14,msclip_only_correct,msclip_only_pred_ik14,msclip_only_pred_smiles,weighted_correct,weighted_pred_ik14,weighted_pred_smiles,llm_reranker_correct,llm_reranker_pred_ik14,llm_reranker_pred_smiles,llm_confidence,llm_fallback,llm_n_peak_claims
casmi2022_10,C25H25N7O3,YBSJFWOBGCMAKL,0,YLMQXRTVOWMEAV,CN(Cc1nc2cc(C(=O)N(CC(=O)O)c3ccccn3)ccc2n1C)c1ccc(C(=N)N)cc1,0,MILTYUUGINBTFW,COC(=O)CN(C(=O)c1ccc2c(c1)nc(CNc1ccc(C(=N)N)cc1)n2C)c1ccccn1,0,YLMQXRTVOWMEAV,CN(Cc1nc2cc(C(=O)N(CC(=O)O)c3ccccn3)ccc2n1C)c1ccc(C(=N)N)cc1,medium,False,4
casmi2022_104,C6H7NO,DVVGIUUJYPYENY,0,DHLUJPLHLZJUBW,Cc1ccc(O)cn1,0,UMJSCPRVCHMLSP,COc1cccnc1,0,DHLUJPLHLZJUBW,Cc1ccc(O)cn1,medium,False,5
casmi2022_105,C22H28N6O3S,WHBIGIKBNXZKFE,0,GGADUJIBSMINBQ,CC(C)Nc1ccnc(N2CCN(C(=O)c3cc4cc(NS(C)(=O)=O)ccc4[nH]3)CC2)c1,0,GGADUJIBSMINBQ,CC(C)Nc1ccnc(N2CCN(C(=O)c3cc4cc(NS(C)(=O)=O)ccc4[nH]3)CC2)c1,0,GGADUJIBSMINBQ,CC(C)Nc1ccnc(N2CCN(C(=O)c3cc4cc(NS(C)(=O)=O)ccc4[nH]3)CC2)c1,medium,False,3
casmi2022_106,C28H29N5OS,BWZJBXAPRCVCKQ,1,BWZJBXAPRCVCKQ,O=C(c1ccc(Nc2nccc(-c3cc4ccccc4s3)n2)cc1)N1CCC(N2CCCC2)CC1,1,BWZJBXAPRCVCKQ,O=C(c1ccc(Nc2nccc(-c3cc4ccccc4s3)n2)cc1)N1CCC(N2CCCC2)CC1,1,BWZJBXAPRCVCKQ,O=C(c1ccc(Nc2nccc(-c3cc4ccccc4s3)n2)cc1)N1CCC(N2CCCC2)CC1,high,False,5
casmi2022_11,C33H44N4O10,MJNIWUJSIGSWKK,1,MJNIWUJSIGSWKK,CCCC(=O)OCC(OC(=O)CCC)C(OC(=O)CCC)C(Cn1c2nc(=O)[nH]c(=O)c-2nc2cc(C)c(C)cc21)OC(=O)CCC,1,MJNIWUJSIGSWKK,CCCC(=O)OCC(OC(=O)CCC)C(OC(=O)CCC)C(Cn1c2nc(=O)[nH]c(=O)c-2nc2cc(C)c(C)cc21)OC(=O)CCC,1,MJNIWUJSIGSWKK,CCCC(=O)OCC(OC(=O)CCC)C(OC(=O)CCC)C(Cn1c2nc(=O)[nH]c(=O)c-2nc2cc(C)c(C)cc21)OC(=O)CCC,high,False,6
casmi2022_112,C24H30N2O3,UMPABASQXRRHQB,0,MNRCNOVNHCSIJE,COc1ccc2c(c1)C13CCN4CC=CC45CCC1(C3C5)N2C(=O)OC(C)(C)C,0,RTXWZMUWLWSAJK,COc1ccc2c3c1OC1C4(OC)C=CC5(CC4N)C(C2)N(CC2CC2)CCC315,0,RTXWZMUWLWSAJK,COc1ccc2c3c1OC1C4(OC)C=CC5(CC4N)C(C2)N(CC2CC2)CCC315,medium,False,4
casmi2022_113,C20H28O4,FYXHEYXWOZYYEW,0,NHOIUGORUWWMAP,CC1=CC2C(CC(O)C(C)=CC3C(=O)C(C)CC3(O)C1=O)C2(C)C,0,XBVNRGMJOMDDFO,CC1=CC23C(=O)C(C=C(CO)C(O)C2C1O)C1C(CC3C)C1(C)C,0,XBVNRGMJOMDDFO,CC1=CC23C(=O)C(C=C(CO)C(O)C2C1O)C1C(CC3C)C1(C)C,low,False,6
casmi2022_117,C9H8N2,DTVYNUOOZIKEEX,0,OSRARURJYPOUOV,Cc1ccc2nccnc2c1,0,OSRARURJYPOUOV,Cc1ccc2nccnc2c1,0,OSRARURJYPOUOV,Cc1ccc2nccnc2c1,medium,False,4
casmi2022_122,C25H32O6,OFDBBWUQAHAKDG,0,OGWDCWFDOHKHHP,CC(C)(C)OC(=O)C1=CC(=O)C(C(C)(C)C2C=CC(C(=O)OC(C)(C)C)=CC2=O)C=C1,0,OGWDCWFDOHKHHP,CC(C)(C)OC(=O)C1=CC(=O)C(C(C)(C)C2C=CC(C(=O)OC(C)(C)C)=CC2=O)C=C1,0,PEGZZIZHZPXEII,COc1ccc(C(C2=C(O)CC(C)(C)CC2=O)C2=C(O)CC(C)(C)CC2=O)c(OC)c1,low,False,5
casmi2022_130,C6H9N2O2P,AYRRNFHDJUXLEQ,0,KTKWDUBXAXEPKW,O=[N+]([O-])Nc1ccccc1.P,0,AKQNRYKOISSYCP,COn1cccc(NP)c1=O,0,AKQNRYKOISSYCP,COn1cccc(NP)c1=O,low,False,5
casmi2022_134,C34H42O18,JDYWLRRIZNBKMP,0,ZYZJKJHBRAKBAW,COC(=O)C(OC1OC(C)C(O)C(O)C1O)C(OC1OC(CO)C(O)C(OC(Cc2ccccc2)C(=O)O)C1OC(=O)c1ccccc1)C(=O)OC,0,ZYZJKJHBRAKBAW,COC(=O)C(OC1OC(C)C(O)C(O)C1O)C(OC1OC(CO)C(O)C(OC(Cc2ccccc2)C(=O)O)C1OC(=O)c1ccccc1)C(=O)OC,0,ZYZJKJHBRAKBAW,COC(=O)C(OC1OC(C)C(O)C(O)C1O)C(OC1OC(CO)C(O)C(OC(Cc2ccccc2)C(=O)O)C1OC(=O)c1ccccc1)C(=O)OC,low,False,6
casmi2022_141,C6H11N,DYUWTXWIYMHBQS,0,SZVQRCAIAVDYOF,NC1CC1C1CC1,0,GILJSMPCYLZEMT,C1CC(C2CC2)N1,0,GILJSMPCYLZEMT,C1CC(C2CC2)N1,medium,False,6
casmi2022_142,C12H9N3O,VEEGZPWAAPPXRB,0,PZRHRDRVRGEVNW,Cc1[nH]c(=O)c(C#N)cc1-c1ccncc1,0,HFXSLWPMSHEBFJ,Cc1[nH]c(=O)c(C#N)cc1-c1cccnc1,0,HFXSLWPMSHEBFJ,Cc1[nH]c(=O)c(C#N)cc1-c1cccnc1,medium,False,7
casmi2022_147,C20H28O5,NAQVTSORDXBGOI,0,NWKFPVBPTYBOIG,CC=C(C)C(=O)OC1CC(C)C2(C)CC3=C(C)C(=O)OC3C(O)C2C1,0,JWBHLAXZOJASQY,CC=C(C)C(=O)OC1CCC(C)C2(C)C(O)C3=C(CC12)OC(=O)C3C,0,JWBHLAXZOJASQY,CC=C(C)C(=O)OC1CCC(C)C2(C)C(O)C3=C(CC12)OC(=O)C3C,medium,False,5
casmi2022_148,C15H22O4,QEXBXSJDNHRVSH,0,PXQQMMONQNLGCV,CC1C2CC(=O)C(C2)C1OC1(O)CC2CC(O)C1C2,0,PXQQMMONQNLGCV,CC1C2CC(=O)C(C2)C1OC1(O)CC2CC(O)C1C2,0,PXQQMMONQNLGCV,CC1C2CC(=O)C(C2)C1OC1(O)CC2CC(O)C1C2,medium,False,5
casmi2022_15,C30H46O7,FYGSMJAMPMZYFS,0,OWODMVTTWPVWQA,CC1(C(=O)O)CCC2(C(=O)O)CCC3(C)C(=CCC4C5(C)CC(O)C(O)C(C)(CO)C5CCC43C)C2C1,0,ZWGDHMQHMLJPRC,CC1(C)CCC2(C(=O)O)CCC3(C)C(=CCC4C5(C)CC(O)C(O)C(C)(C(=O)O)C5C(O)CC43C)C2C1,0,OWODMVTTWPVWQA,CC1(C(=O)O)CCC2(C(=O)O)CCC3(C)C(=CCC4C5(C)CC(O)C(O)C(C)(CO)C5CCC43C)C2C1,low,False,6
casmi2022_152,C7H10O2,MIDXCONKKJTLDX,0,HHLIJJJAKAFXJB,C=CC=CCCC(=O)O,0,QQVKNEQDEIZBLC,C=CCCC=CC(=O)O,0,QQVKNEQDEIZBLC,C=CCCC=CC(=O)O,medium,False,6
casmi2022_153,C14H29NO,QEALYLRSRQDCRA,0,PKDVDHHRICWWGY,CCCCCCCCCCCCC(=O)NC,0,PJPQRXHORPQPNC,CCCCCCCCCC(=O)NCCCC,0,PJPQRXHORPQPNC,CCCCCCCCCC(=O)NCCCC,medium,False,4
casmi2022_158,C20H30O3,JIKPDGHCTOSDJA,0,MMBPQEHAVVKHAX,COC(=O)C1(C)CCC2C(=CCC3C(C)(C)C(=O)CCC23C)C1,0,VULIPTBYWMGMQC,COC(=O)C1(C)CCCC2(C)C3=CCC(C)(C=O)CC3CCC12,0,VULIPTBYWMGMQC,COC(=O)C1(C)CCCC2(C)C3=CCC(C)(C=O)CC3CCC12,medium,False,7
casmi2022_159,C27H32O8,WAVKNSMRCWYDDL,0,DBPLAZICOMCSTQ,C=C1C2(C)C(=O)C3(O)C(C)OC(=O)C13C1(C)CCC3(C=CC(=O)OC3(C)C)C(C)=C1C2OC(C)=O,0,QFNFPUWZJCBRHY,C=C1C2(C)OC(=O)C3(O)C(C)OC(=O)C13C1(C)CCC3(C=CC(=O)C3(C)C)C(C)=C1C2OC(C)=O,0,OQLVPANGUGYEFV,CC(=O)C1C(=O)C(C(C)C)C2(C)C(O)C3(C)C(C(=O)c4c(O)ccc(C)c4C3C)C(=O)C2(O)C1=O,low,False,5
casmi2022_16,C14H16O3,QMMMQWRPZIJGPT,0,FBKCEEAEHAPDEB,Cc1cc(C(=O)O)c(C)c2c1OC(C)(C)C=C2,0,VRPNQSIFAZCPRT,CC(=O)c1cc2c(c(C)c1O)OC(C)(C)C=C2,0,VRPNQSIFAZCPRT,CC(=O)c1cc2c(c(C)c1O)OC(C)(C)C=C2,low,False,4
casmi2022_169,C34H40O16,ABAIOHPURNHXKB,1,ABAIOHPURNHXKB,CC(=O)OC1C(C)OC(Oc2c(-c3ccc(O)cc3)oc3c(CC=C(C)C)c(OC4OC(CO)C(O)C(O)C4O)cc(O)c3c2=O)C(O)C1O,0,YDIRHJZTUJRYBQ,CCOC1OC1OCOC1=C(OCOC2OC2OCC)c2ccc3c4c(ccc1c24)C(OCOC1OC1OCC)=C3OCOC1OC1OCC,0,YDIRHJZTUJRYBQ,CCOC1OC1OCOC1=C(OCOC2OC2OCC)c2ccc3c4c(ccc1c24)C(OCOC1OC1OCC)=C3OCOC1OC1OCC,low,False,7
casmi2022_170,C15H20O3,AQMFTOQZGLRMGU,0,ZFHSKBJBODQVBX,C=C(C(=O)O)C1CCC(C)C2CC(=O)C(C)=C2C1,0,ZEXKIBVOOOSDJB,C=C(C(=O)O)C1CCCC2(C)CC(=O)C(C)=C2C1,0,ZFHSKBJBODQVBX,C=C(C(=O)O)C1CCC(C)C2CC(=O)C(C)=C2C1,medium,False,5
casmi2022_177,C7H15N,AVKNGPAMCBSNSO,0,ZKUKXSWKWGHYKJ,CN1CCCCCC1,0,VXVVUHQULXCUPF,NC1CCCCCC1,0,VXVVUHQULXCUPF,NC1CCCCCC1,medium,False,3
casmi2022_178,C15H23NO4,UVZTZBRGZXIBLZ,0,UEFCLPJTNUOONO,CCCCCCCC#CCOC(=O)NC1C(=O)OC1C,0,RCBXJIYFWJJYIH,C=CCCCCCCCCC(=O)C1CC(=O)N(O)C1=O,0,UEFCLPJTNUOONO,CCCCCCCC#CCOC(=O)NC1C(=O)OC1C,medium,False,7
casmi2022_183,C20H26O4,XYZWRQXZTNPKPD,0,FLIWYLVYBBWQTL,CC(C)c1cc2c(c(O)c1O)C1(C(=O)O)CCCC(C)(C)C1C=C2,0,WDDXJPVDQFRGNC,CC(C)c1c(O)ccc2c1C(=O)CC1C(C)(C(=O)O)CCCC21C,0,WDDXJPVDQFRGNC,CC(C)c1c(O)ccc2c1C(=O)CC1C(C)(C(=O)O)CCCC21C,medium,False,4
casmi2022_184,C10H16O2,VYOBOCQMKRSKAN,0,LYZWBENYAKKYLM,CC(C)=CCC=C(C)CC(=O)O,0,ZHYZQXUYZJNEHD,CC(C)=CCCC(C)=CC(=O)O,0,ZHYZQXUYZJNEHD,CC(C)=CCCC(C)=CC(=O)O,medium,False,7
casmi2022_189,C8H17NO,QRCJOCOSPZMDJY,0,AKCVWFRALJPANX,CCCCC(=O)NCCC,0,AKCVWFRALJPANX,CCCCC(=O)NCCC,0,AKCVWFRALJPANX,CCCCC(=O)NCCC,medium,False,4
casmi2022_190,C14H10N2O3S,KDDXOGDIPZSCTM,1,KDDXOGDIPZSCTM,COC(=O)c1csc(C(=O)c2c[nH]c3ccccc23)n1,1,KDDXOGDIPZSCTM,COC(=O)c1csc(C(=O)c2c[nH]c3ccccc23)n1,1,KDDXOGDIPZSCTM,COC(=O)c1csc(C(=O)c2c[nH]c3ccccc23)n1,medium,False,3
casmi2022_193,C20H32O2,SAYWUPNITYCHPG,0,RIDOSNBWMUADGT,CCC=CCC=CCC=CCC=CCCCCC(=O)OCC,0,QCPSKUPOPPPLSP,CCCC=CCC=CCC=CCC=CCCCCCC(=O)O,0,QCPSKUPOPPPLSP,CCCC=CCC=CCC=CCC=CCCCCCC(=O)O,medium,False,7
casmi2022_194,C21H34O7,XHAUOHBDNZKIEL,0,ODBZUFXECLJCJM,C.CC1=C(O)C(=O)CC(C)(C)C1=O.CO.COC1=C(C)C(=O)C(C)(C)CC1=O,0,FKHKXGQDMKLQLK,CC1=CC2C(CC1OC1OC(CO)C(O)C(O)C1O)C(C)CC(=O)C2C(C)C,0,FKHKXGQDMKLQLK,CC1=CC2C(CC1OC1OC(CO)C(O)C(O)C1O)C(C)CC(=O)C2C(C)C,medium,False,6
casmi2022_201,C4H10N2O,ZQZJKHIIQFPZCS,0,IABRWXCXQSTUSS,CCNC(=O)NC,0,CPBOYAYPQJQIEM,C=C(NC)NOC,0,CPBOYAYPQJQIEM,C=C(NC)NOC,medium,False,3
casmi2022_208,C20H27NO3,NLFZMHZNKIRQSK,0,YOLJHHYHBNOUOL,C=CCN1CCC23CC(=O)CCC2C1CC1=C3C(=O)C(OC)CC1,0,PQXDGDDRABJXDI,CC12CCC(=O)C=C1CCC1(N)C2C(=O)CC2(C)C(=O)CCC21C,0,PQXDGDDRABJXDI,CC12CCC(=O)C=C1CCC1(N)C2C(=O)CC2(C)C(=O)CCC21C,low,False,6
casmi2022_209,C17H18O5,VHPWJMNWWUOFEQ,0,VVJQRNGYORNFQE,CC1=C(C)C2(C)C3C(=O)CC(=O)C3C1(C)C1C(=O)OC(=O)C12,0,ALBRNVBHUFSUBA,CC(=O)OC1C2=C(C)C(=O)OC2CC(C)=C2C(=O)C=C(C)C21,0,YFPJBKYKFAPKTA,C=C1C(=O)OC2C3C(C)=CC(=O)C3=C(C)CC(OC(C)=O)C12,low,False,4
casmi2022_21,C22H18O4,VCSUYXUJFRFUEL,0,WLTHFYDIMVBIAO,COc1ccccc1C1(c2ccccc2OC)OC(=O)c2ccccc21,0,MACIGQSTLGUEMF,Cc1ccccc1OC(=O)c1ccccc1C(=O)Oc1ccccc1C,0,WLTHFYDIMVBIAO,COc1ccccc1C1(c2ccccc2OC)OC(=O)c2ccccc21,medium,False,4
casmi2022_213,C8H13NO,DTUJRJIWGWTNFQ,0,RDPDXQHZOLPNMZ,O=C1CCCC2CCCN12,0,RDPDXQHZOLPNMZ,O=C1CCCC2CCCN12,0,RDPDXQHZOLPNMZ,O=C1CCCC2CCCN12,medium,False,7
casmi2022_219,C12H20O4,FXMSOVULZIWFAB,0,ZUNJWEGRDSXKIO,C=C(CCCCCCCC(=O)O)C(=O)OC,0,ZUNJWEGRDSXKIO,C=C(CCCCCCCC(=O)O)C(=O)OC,0,ZUNJWEGRDSXKIO,C=C(CCCCCCCC(=O)O)C(=O)OC,medium,False,7
casmi2022_22,C21H18F3NO3S2,YDBLKRPLXZNVNB,0,DKXNEFKOEHNTGV,Cc1cc(SCc2sc(-c3cc(F)c(C)c(F)c3F)nc2C)ccc1OCC(=O)O,0,DKXNEFKOEHNTGV,Cc1cc(SCc2sc(-c3cc(F)c(C)c(F)c3F)nc2C)ccc1OCC(=O)O,0,DKXNEFKOEHNTGV,Cc1cc(SCc2sc(-c3cc(F)c(C)c(F)c3F)nc2C)ccc1OCC(=O)O,medium,False,5
casmi2022_220,C20H30O3,JZXWITIZXDCGSC,0,UPVZGDDJVFXWOG,CC1=CC=C(C(C)C)CCC2=CCCC(C)(OC2=O)C(O)CC1,0,KLOZYZWTTNSEEN,CC1=CCCC(C)(O)C=CC(C(C)C)CCC2=CC(C1)OC2=O,0,KLOZYZWTTNSEEN,CC1=CCCC(C)(O)C=CC(C(C)C)CCC2=CC(C1)OC2=O,medium,False,5
casmi2022_226,C9H9NO,DWAQDRSOVMLGRQ,1,DWAQDRSOVMLGRQ,COc1ccc2[nH]ccc2c1,0,RXBFSXIYSRQHNU,COc1ccc2c[nH]cc2c1,1,DWAQDRSOVMLGRQ,COc1ccc2[nH]ccc2c1,medium,False,6
casmi2022_227,C27H22Cl2N4O,PLHJCIYEEKOWNM,0,WEYRHUCJTMIXDT,CC(C)Cn1nc2c(-c3ccc(Cl)cc3)c(-c3ccc(Cl)cc3)c(-c3ccccc3)nn2c1=O,0,FWMQEFMXKFRZFA,Cn1cncc1C(Nc1ccc(Cl)cc1)c1ccc2c(c1)c(-c1cccc(Cl)c1)cc(=O)n2C,0,FWMQEFMXKFRZFA,Cn1cncc1C(Nc1ccc(Cl)cc1)c1ccc2c(c1)c(-c1cccc(Cl)c1)cc(=O)n2C,low,False,5
casmi2022_228,C15H22O3,VSIZQKJECMEPPV,0,HHDVLTKXAFYEJF,COC1=COC=C2CC(C)(C)C(C(O)C(C)C)=C21,0,LHSNXDDJSAHAFU,CC(=CC1CCC(C)C2CC(O)C(C)=C12)C(=O)O,0,LHSNXDDJSAHAFU,CC(=CC1CCC(C)C2CC(O)C(C)=C12)C(=O)O,medium,False,5
casmi2022_229,C21H36O3,VOCMJEUNEDTYIN,0,BQFBKUPOOIJJPL,CCCC(OC)C(O)CC1CCC2C(CCC3(C)C(=O)CCC23)C1,0,QKLAQQPYBMSHRP,CC(O)C1CCC2C3CCC4CC(O)CCC4(C)C3CCC12CO,0,BQFBKUPOOIJJPL,CCCC(OC)C(O)CC1CCC2C(CCC3(C)C(=O)CCC23)C1,medium,False,6
casmi2022_23,C23H32N6O4S,MJEXYQIZUOHDGY,1,MJEXYQIZUOHDGY,CCCc1nn(C)c2c(=O)[nH]c(-c3cc(S(=O)(=O)N4CCN(CC)CC4)ccc3OCC)nc12,1,MJEXYQIZUOHDGY,CCCc1nn(C)c2c(=O)[nH]c(-c3cc(S(=O)(=O)N4CCN(CC)CC4)ccc3OCC)nc12,1,MJEXYQIZUOHDGY,CCCc1nn(C)c2c(=O)[nH]c(-c3cc(S(=O)(=O)N4CCN(CC)CC4)ccc3OCC)nc12,medium,False,4
casmi2022_237,C18H15NO2,FBLAHUMENIHUGG,0,KBNFQVRMFLQRAD,O=C(NCc1ccccc1O)c1ccc2ccccc2c1,0,FEZVAOZZRQYWTR,O=C(Nc1ccc2ccccc2c1)C(O)c1ccccc1,0,VDMGTLBRRQUTIJ,O=C(NOCc1ccccc1)c1ccc2ccccc2c1,medium,False,7
casmi2022_238,C34H58O4,YCZJVRCZIPDYHH,0,CFUJOXSCWLQYTR,CC(C)(C)CCCCCCCCCOC(=O)c1cccc(C(=O)OCCCCCCCCCC(C)(C)C)c1,0,SBZYYUKSOKJHDG,CC(C)(C)CCCCCCCCCOC(=O)c1ccccc1C(=O)OCCCCCCCCCC(C)(C)C,0,CFUJOXSCWLQYTR,CC(C)(C)CCCCCCCCCOC(=O)c1cccc(C(=O)OCCCCCCCCCC(C)(C)C)c1,medium,False,4
casmi2022_243,C32H44O10,XBOVCSNIOQPGAW,0,VMLMEZINUVEFME,CC(=O)OC1CC2(O)C3CCC4=CC(OC5OC(C)C(O)C(O)C5O)CCC4(C)C3CCC2(C)C1c1ccc(=O)oc1,0,VMLMEZINUVEFME,CC(=O)OC1CC2(O)C3CCC4=CC(OC5OC(C)C(O)C(O)C5O)CCC4(C)C3CCC2(C)C1c1ccc(=O)oc1,1,XBOVCSNIOQPGAW,CC(=O)OC1CC2C(CCC3=CC(OC4OC(C)C(O)C(O)C4O)CCC32C)C2(O)CCC(c3ccc(=O)oc3)C12C,low,False,4
casmi2022_244,C24H36O6,YXNJBOPJNBXMGA,0,QTDLNBAWXWCFMU,CCC(C)C(=O)OC1CC(C)CC2=CC(=O)C(C)C(CCC3CC(O)CC(=O)O3)C21,0,YCGYVGOOGIEOIJ,CCC(C)C(=O)OC1CC(O)C=C2C=CC(C)C(CCC3CC(OC)CC(=O)O3)C21,0,YCGYVGOOGIEOIJ,CCC(C)C(=O)OC1CC(O)C=C2C=CC(C)C(CCC3CC(OC)CC(=O)O3)C21,low,False,3
casmi2022_248,C27H28N6O,PRDFBSVERLRRMY,0,USUDBBVJLVZWIL,CN(C)CCCNC(=O)c1ccc(-c2cn3c(-c4ccc5c(ccn5C)c4)cnc3cn2)cc1,0,ITKFRKZQPRJHKB,O=C(Nc1nccc2cc(-c3ccc(-c4cnc(C5CCCN5)[nH]4)cc3)ccc12)C1CCCN1,0,USUDBBVJLVZWIL,CN(C)CCCNC(=O)c1ccc(-c2cn3c(-c4ccc5c(ccn5C)c4)cnc3cn2)cc1,medium,False,4
casmi2022_253,C28H22O6,BIQMSWPBPAKGSE,0,NJFRRNXUFGQUEK,Oc1ccc(C=C2c3cc(O)cc(O)c3C(c3cc(O)cc(O)c3)C2c2ccc(O)cc2)cc1,0,UMRLJKNCWIGTIM,Oc1ccc(C2=Cc3cc(O)cc(O)c3C(c3cc(O)cc(O)c3)C2c2ccc(O)cc2)cc1,0,NJFRRNXUFGQUEK,Oc1ccc(C=C2c3cc(O)cc(O)c3C(c3cc(O)cc(O)c3)C2c2ccc(O)cc2)cc1,medium,False,5
casmi2022_254,C18H32O5,CAIKQNWPWSTGHN,0,VEHBIXZDNMMVFV,CCCCC(O)C=CC1CCC(O)C1CCCCOCC(=O)O,1,CAIKQNWPWSTGHN,CC(O)CCCC=CCC=CC(O)C(O)CCCCCC(=O)O,1,CAIKQNWPWSTGHN,CC(O)CCCC=CCC=CC(O)C(O)CCCCCC(=O)O,medium,False,5
casmi2022_255,C14H16O5,CNXACDYPVKUDEK,0,PKKTXAMCHLIVDS,COc1cc(C)c2c(OC)c(C)c(=O)oc2c1OC,0,PKKTXAMCHLIVDS,COc1cc(C)c2c(OC)c(C)c(=O)oc2c1OC,0,PKKTXAMCHLIVDS,COc1cc(C)c2c(OC)c(C)c(=O)oc2c1OC,medium,False,5
casmi2022_256,C20H34O8,QZCLKYGREBVARF,1,QZCLKYGREBVARF,CCCCOC(=O)CC(CC(=O)OCCCC)(OC(C)=O)C(=O)OCCCC,0,MEGBKXNZEWVUBQ,CCCCOC(=O)CC(CC(=O)O)(CC(=O)OCCCC)C(=O)OCCCC,1,QZCLKYGREBVARF,CCCCOC(=O)CC(CC(=O)OCCCC)(OC(C)=O)C(=O)OCCCC,low,False,4
casmi2022_26,C12H17NO,ZYRLCOGVOHEKBK,0,ZIOZMZMOOGVIFG,CCCC(=O)NCCc1ccccc1,0,ZIOZMZMOOGVIFG,CCCC(=O)NCCc1ccccc1,0,ZIOZMZMOOGVIFG,CCCC(=O)NCCc1ccccc1,high,False,5
casmi2022_264,C13H13ClN2O,FUZYTVDVLBBXDL,0,DDSNBYNHFSFPTF,NC(=O)C1CCCc2[nH]c3ccc(Cl)cc3c21,0,DDSNBYNHFSFPTF,NC(=O)C1CCCc2[nH]c3ccc(Cl)cc3c21,0,DDSNBYNHFSFPTF,NC(=O)C1CCCc2[nH]c3ccc(Cl)cc3c21,medium,False,4
casmi2022_268,C21H28O5,RJRUYIYDJSRJJH,0,HRYHMFTVUSXJPA,COc1c(C)c2c(c(O)c1CC=C(C)CCCC(C)C(C)=O)C(=O)OC2,0,HRYHMFTVUSXJPA,COc1c(C)c2c(c(O)c1CC=C(C)CCCC(C)C(C)=O)C(=O)OC2,0,HRYHMFTVUSXJPA,COc1c(C)c2c(c(O)c1CC=C(C)CCCC(C)C(C)=O)C(=O)OC2,medium,False,5
casmi2022_269,C13H16N2O6,FKDSAXOHMLWBNA,0,JPDHUKOHTOAOQY,CCN(C(=O)NC(CC(=O)O)C(=O)O)c1cccc(O)c1,0,JPDHUKOHTOAOQY,CCN(C(=O)NC(CC(=O)O)C(=O)O)c1cccc(O)c1,0,JPDHUKOHTOAOQY,CCN(C(=O)NC(CC(=O)O)C(=O)O)c1cccc(O)c1,medium,False,5
casmi2022_270,C20H28O3,CXHRNGHPJPVGKD,0,TXWMAYAOODNMKO,COC(=O)C1=CC2(C)CCC3C(C)(C)C(=O)CCC3(C)C2=CC1,0,TWQIAJPCUCIDQX,C=CC1(C)C=C2C(=O)CC3C(C)(C(=O)O)CCCC3(C)C2CC1,0,TWQIAJPCUCIDQX,C=CC1(C)C=C2C(=O)CC3C(C)(C(=O)O)CCCC3(C)C2CC1,medium,False,5
casmi2022_271,C11H18N2O2,SZJNCZMRZAUNQT,1,SZJNCZMRZAUNQT,CC(C)CC1NC(=O)C2CCCN2C1=O,1,SZJNCZMRZAUNQT,CC(C)CC1NC(=O)C2CCCN2C1=O,0,ZDACRNZBFJOLTC,CCC(C)C1NC(=O)C2CCCN2C1=O,medium,False,7
casmi2022_272,C21H20O12,WLCYEFFWFTVKQR,0,GHZCYESCMNKBQT,O=c1c(OC2(CO)OCC(O)C(O)C2O)c(-c2ccc(O)c(O)c2)oc2cc(O)cc(O)c12,0,RVJKTCLCEAHUTB,O=c1c(OC2OC(CO)C(O)C(O)C2O)c(-c2cc(O)cc(O)c2)oc2cc(O)cc(O)c12,0,RVJKTCLCEAHUTB,O=c1c(OC2OC(CO)C(O)C(O)C2O)c(-c2cc(O)cc(O)c2)oc2cc(O)cc(O)c12,medium,False,5
casmi2022_278,C7H12N2O3,RNKSNIBMTUYWSH,0,KZNQNBZMBZJQJO,NCC(=O)N1CCCC1C(=O)O,0,KZNQNBZMBZJQJO,NCC(=O)N1CCCC1C(=O)O,0,KZNQNBZMBZJQJO,NCC(=O)N1CCCC1C(=O)O,medium,False,4
casmi2022_281,C16H18O4,AXCJOIQUPCZRLS,0,KHRNSVGIPGSFLY,COc1ccc(CCc2cc(O)cc(O)c2)c(OC)c1,0,WLGDODVMYPYNOR,COc1cc(CCc2ccc(O)cc2O)cc(OC)c1,0,KHRNSVGIPGSFLY,COc1ccc(CCc2cc(O)cc(O)c2)c(OC)c1,medium,False,4
casmi2022_282,C20H33NO6,CCUGMZLHJFWECW,1,CCUGMZLHJFWECW,CCCCC(O)CC=CCC=CCCCC(=O)NC(CCC(=O)O)C(=O)O,1,CCUGMZLHJFWECW,CCCCC(O)CC=CCC=CCCCC(=O)NC(CCC(=O)O)C(=O)O,1,CCUGMZLHJFWECW,CCCCC(O)CC=CCC=CCCCC(=O)NC(CCC(=O)O)C(=O)O,medium,False,8
casmi2022_283,C33H40O21,CGTJNKQXMHSGFN,0,LDJDNEHEXIQBED,CC1OC(Oc2cc(O)c3c(=O)c(OC4OC(CO)C(O)C(O)C4O)c(-c4ccc(O)c(O)c4)oc3c2)C(O)C(O)C1OC1OC(CO)C(O)C(O)C1O,0,LDJDNEHEXIQBED,CC1OC(Oc2cc(O)c3c(=O)c(OC4OC(CO)C(O)C(O)C4O)c(-c4ccc(O)c(O)c4)oc3c2)C(O)C(O)C1OC1OC(CO)C(O)C(O)C1O,0,KVODFZNXODDECO,CC1OC(Oc2c(-c3ccc(O)c(O)c3)oc3cc(OC4OC(CO)C(O)C(O)C4O)cc(O)c3c2=O)C(O)C(O)C1OC1OC(CO)C(O)C(O)C1O,low,False,5
casmi2022_284,C30H46O5,IQAAHGZZGBMTBN,0,PGQUPZCFLHXEHV,CC(CC(O)C(O)C(C)(C)O)C1=C2C=CC3C4(C)CCC(=O)C(C)(C)C4CCC3(C)C2(C)CC1=O,0,PGQUPZCFLHXEHV,CC(CC(O)C(O)C(C)(C)O)C1=C2C=CC3C4(C)CCC(=O)C(C)(C)C4CCC3(C)C2(C)CC1=O,0,PGQUPZCFLHXEHV,CC(CC(O)C(O)C(C)(C)O)C1=C2C=CC3C4(C)CCC(=O)C(C)(C)C4CCC3(C)C2(C)CC1=O,medium,False,6
casmi2022_285,C14H14N2O,QQQXZACTFUGYLB,0,VZJSHKVZQLWRJN,NC(=O)c1ccc2c(CC3CC3)nccc2c1,0,VZJSHKVZQLWRJN,NC(=O)c1ccc2c(CC3CC3)nccc2c1,0,SFODSZAKTCQLDI,COc1nc2ccc(C(C)C)cc2cc1C#N,medium,False,5
casmi2022_291,C18H16N2O,JBTHDAVBDKKSRW,0,BIDPTKHBTPTWPL,CCN(C(=O)c1cnc2ccccc2c1)c1ccccc1,0,DPSLDOLSKCKHCV,CCN(C(=O)c1ccc2ccccc2n1)c1ccccc1,0,DPSLDOLSKCKHCV,CCN(C(=O)c1ccc2ccccc2n1)c1ccccc1,medium,False,7
casmi2022_293,C15H22O2,QRUFQTMPUYCZQA,0,ALSBCNMCECHPPV,CCCC1CC=C(C)CC2C=C(CC1)C(=O)O2,0,OVDMFKGCVWVONO,CC1=CC2OC(=O)C(C)C2CCC(C)=CCC1,0,OVDMFKGCVWVONO,CC1=CC2OC(=O)C(C)C2CCC(C)=CCC1,medium,False,5
casmi2022_294,C16H22O6,NKZPOJBFXMXUED,0,KZVOAPKMTQOSER,CCCC1(OC(=O)C(C)=CC2COC(=O)C2)CCOC(=O)C1,0,KZVOAPKMTQOSER,CCCC1(OC(=O)C(C)=CC2COC(=O)C2)CCOC(=O)C1,0,KZVOAPKMTQOSER,CCCC1(OC(=O)C(C)=CC2COC(=O)C2)CCOC(=O)C1,medium,False,8
casmi2022_295,C28H37NO8,GTRVCRMLFFBAHP,0,QZGOQORSUIQVIR,CC1CCC2C(C)(C)C(O)CCC2(C)C12Cc1c(O)cc3c(c1O2)CN(C(CCC(=O)O)C(=O)O)C3=O,0,VNVWHMGDHZPSCD,CC(C)=CCCC(C)=CCCC1(C)Oc2c(c(O)cc3c2CN(C(CCC(=O)O)C(=O)O)C3=O)CC1O,0,VNVWHMGDHZPSCD,CC(C)=CCCC(C)=CCCC1(C)Oc2c(c(O)cc3c2CN(C(CCC(=O)O)C(=O)O)C3=O)CC1O,low,False,10
casmi2022_296,C15H10O6,YBQTVIMCHXORHO,0,DCFOCVXTFLNYND,O=c1cc(-c2cccc(O)c2O)oc2cc(O)c(O)cc12,0,DCFOCVXTFLNYND,O=c1cc(-c2cccc(O)c2O)oc2cc(O)c(O)cc12,0,DCFOCVXTFLNYND,O=c1cc(-c2cccc(O)c2O)oc2cc(O)c(O)cc12,low,False,3
casmi2022_3,C35H42O16,UYALDZZEAZIEME,0,QGVUYZAEBBWPRU,COc1ccc(-c2oc3c(CC=C(C)C)c(O)cc(O)c3c(=O)c2OC2OC(C)C(O)C(OC(C)=O)C2OC2OC(CO)C(O)C(O)C2O)cc1,0,QGVUYZAEBBWPRU,COc1ccc(-c2oc3c(CC=C(C)C)c(O)cc(O)c3c(=O)c2OC2OC(C)C(O)C(OC(C)=O)C2OC2OC(CO)C(O)C(O)C2O)cc1,0,QGVUYZAEBBWPRU,COc1ccc(-c2oc3c(CC=C(C)C)c(O)cc(O)c3c(=O)c2OC2OC(C)C(O)C(OC(C)=O)C2OC2OC(CO)C(O)C(O)C2O)cc1,medium,False,5
casmi2022_303,C19H20N2O,WVVXBPKOIZGVNS,0,LWAITVIOVCSNKR,OCCN1CCc2c([nH]c3ccccc23)C1c1ccccc1,0,ZDBGXQJKFLJWRJ,C[N+]1([O-])CCc2c(c3ccccc3n2Cc2ccccc2)C1,0,LWAITVIOVCSNKR,OCCN1CCc2c([nH]c3ccccc23)C1c1ccccc1,medium,False,3
casmi2022_306,C30H44O5,BYCBJBLIOKGBPB,0,NXAZWYWJZDFISF,C=C(C)C1CC=C2C(=CCC3(C)C(C(CCC=C(C)C)C(=O)O)C(O)CC23C)C1(C)CCC(=O)O,0,NXAZWYWJZDFISF,C=C(C)C1CC=C2C(=CCC3(C)C(C(CCC=C(C)C)C(=O)O)C(O)CC23C)C1(C)CCC(=O)O,0,NXAZWYWJZDFISF,C=C(C)C1CC=C2C(=CCC3(C)C(C(CCC=C(C)C)C(=O)O)C(O)CC23C)C1(C)CCC(=O)O,medium,False,5
casmi2022_307,C13H15NO5,GNZBDHIIHNEXIT,0,NLYPDGJIEZGMBE,COc1ccc(OC)c(NC(=O)C2=COCCO2)c1,0,FZKMAKRHGHBUTI,COC(=O)c1ccccc1NC(=O)C1COCCO1,0,FZKMAKRHGHBUTI,COC(=O)c1ccccc1NC(=O)C1COCCO1,medium,False,6
casmi2022_308,C20H28O3,GPFVBJYXFRIOFB,0,ILQLITDRYFHAGM,CC(C)(O)c1ccc2c(c1)CCC1C(C)(C(=O)O)CCCC21C,0,ILQLITDRYFHAGM,CC(C)(O)c1ccc2c(c1)CCC1C(C)(C(=O)O)CCCC21C,0,ILQLITDRYFHAGM,CC(C)(O)c1ccc2c(c1)CCC1C(C)(C(=O)O)CCCC21C,medium,False,4
casmi2022_309,C16H16O4,QGNDNBAMIOFKBQ,0,PZZDIQYEWIHAEX,COc1cccc2c1C(=O)C1=C(CCC(C)(C)O1)C2=O,0,IAJIIJBMBCZPSW,COc1cccc2c1C(=O)C1=C(CC(C)OC1C)C2=O,0,IAJIIJBMBCZPSW,COc1cccc2c1C(=O)C1=C(CC(C)OC1C)C2=O,medium,False,4
casmi2022_310,C12H19NO3,WWRKWRLCWQCCHU,0,XMYWSDCGNLBSCK,CCC=CCC1C(=O)CCC1CC(=O)NO,0,XMYWSDCGNLBSCK,CCC=CCC1C(=O)CCC1CC(=O)NO,0,XMYWSDCGNLBSCK,CCC=CCC1C(=O)CCC1CC(=O)NO,medium,False,4
casmi2022_311,C21H26O4,DOEKDVOTZGJRPX,0,RSUYSFNKQLQSFP,CC1CC=CC=C1c1ccc(C(=O)OCCOC(=O)C(C)(C)C)cc1,0,ZOEUHNIOVXZVKT,CC(=O)Oc1ccc(C=CC(=O)OC2CC3CCC2(C)C3(C)C)cc1,0,ZOEUHNIOVXZVKT,CC(=O)Oc1ccc(C=CC(=O)OC2CC3CCC2(C)C3(C)C)cc1,medium,False,4
casmi2022_315,C22H29N3O,ZMWRRFHBXARRRT,0,JBIQMPOQKPGQRR,O=C(CCC1CCCCC1)Nc1ccccc1-c1cn2c(n1)CCCC2,0,CQCPVUQBUKMIHA,CC(C)(C)c1ccc(Nc2ccc(NC(=O)C3CCCCC3)cn2)cc1,0,UKOOUHKJGOJJJQ,CC(C)CC(=O)Nc1ccc(Nc2ccc(N3CCCCC3)cc2)cc1,medium,False,4
casmi2022_316,C15H28O4,BYJHCUIKVIAEAC,0,FUDIBFVEPVSJRP,O=C(O)CCCCCC(=O)CCCCCCCCO,0,SHXXBFGBKFKECN,O=C(O)CCCCCCCCCCC(=O)CCCO,0,SHXXBFGBKFKECN,O=C(O)CCCCCCCCCCC(=O)CCCO,low,False,7
casmi2022_317,C23H24O7,GHBZHAWROFXWAR,0,ICCPPGFTSKGSQV,COc1cc(OC)cc(Oc2cc(CO)cc(Oc3cc(OC)cc(OC)c3)c2)c1,0,ICCPPGFTSKGSQV,COc1cc(OC)cc(Oc2cc(CO)cc(Oc3cc(OC)cc(OC)c3)c2)c1,0,ICCPPGFTSKGSQV,COc1cc(OC)cc(Oc2cc(CO)cc(Oc3cc(OC)cc(OC)c3)c2)c1,medium,False,5
casmi2022_318,C22H26O6,PDDXWOMYBJCSQB,0,MGCBEEGJCRPTEM,COc1cc2c(c(OC)c1OC)-c1c(cc(OC)c(OC)c1OC)CC=CC2,1,PDDXWOMYBJCSQB,COc1cc2c(c(OC)c1OC)-c1c(cc3c(c1O)OCO3)CC(C)C(C)C2,1,PDDXWOMYBJCSQB,COc1cc2c(c(OC)c1OC)-c1c(cc3c(c1O)OCO3)CC(C)C(C)C2,medium,False,5
casmi2022_319,C42H46O22,UDSPVVBVMAWQTL,1,UDSPVVBVMAWQTL,CC1OC(OC2C(Oc3c(-c4ccc(O)cc4)oc4cc(OC5OC(CO)C(O)C(O)C5OC(=O)C=Cc5ccc(O)cc5)cc(O)c4c3=O)OC(CO)C(O)C2O)C(O)C(O)C1O,1,UDSPVVBVMAWQTL,CC1OC(OC2C(Oc3c(-c4ccc(O)cc4)oc4cc(OC5OC(CO)C(O)C(O)C5OC(=O)C=Cc5ccc(O)cc5)cc(O)c4c3=O)OC(CO)C(O)C2O)C(O)C(O)C1O,1,UDSPVVBVMAWQTL,CC1OC(OC2C(Oc3c(-c4ccc(O)cc4)oc4cc(OC5OC(CO)C(O)C(O)C5OC(=O)C=Cc5ccc(O)cc5)cc(O)c4c3=O)OC(CO)C(O)C2O)C(O)C(O)C1O,medium,False,6
casmi2022_320,C17H22O3,ODINUXHYIQSKKH,0,FUAKMYSMLLVZRH,CC12CCC(c3cccc(O)c3)CC1(O)CCC2C=O,0,MUBGPOVOLJXWRI,CC1(CO)CCCC2(C)c3ccc(O)cc3C(=O)CC12,0,MUBGPOVOLJXWRI,CC1(CO)CCCC2(C)c3ccc(O)cc3C(=O)CC12,medium,False,4
casmi2022_329,C21H22O6,AWOGQCSIVCQXBT,0,SBTRZXNWSAPVDI,CC1COC(c2ccc3c(c2)OCO3)C1COCc1ccc2c(c1)OCO2,0,SBTRZXNWSAPVDI,CC1COC(c2ccc3c(c2)OCO3)C1COCc1ccc2c(c1)OCO2,0,SBTRZXNWSAPVDI,CC1COC(c2ccc3c(c2)OCO3)C1COCc1ccc2c(c1)OCO2,medium,False,5
casmi2022_330,C20H24O7,GFMYIOGFYYHKLA,1,GFMYIOGFYYHKLA,CC=C(C)C(=O)OC(C(O)c1cc2ccc(=O)oc2cc1OC)C(C)(C)O,0,STYCQQCWPHBTIH,COc1cc2oc(=O)ccc2cc1C(O)C(OC(=O)C=C(C)C)C(C)(C)O,1,GFMYIOGFYYHKLA,CC=C(C)C(=O)OC(C(O)c1cc2ccc(=O)oc2cc1OC)C(C)(C)O,medium,False,5
casmi2022_331,C15H20O5,LNJLUBJNNAKSLY,0,WMYAHEAQRDFQCZ,CC1(C)C2CC3(C(O)C=C2C(=O)O)C(C(=O)O)CCC13,0,UFZVMCYXRPPHEU,CC1(CO)C2CC3(CC=C2C(=O)O)C(C(=O)O)CCC13,0,UFZVMCYXRPPHEU,CC1(CO)C2CC3(CC=C2C(=O)O)C(C(=O)O)CCC13,medium,False,4
casmi2022_332,C42H46O22,NYZUREUOQAHPFZ,0,NFPUDFZBEBPMIG,CC1OC(OCC2OC(Oc3c(-c4ccc(O)cc4)oc4cc(OC5OC(C)C(O)C(O)C5O)cc(O)c4c3=O)C(O)C(O)C2OC(=O)C=Cc2ccc(O)c(O)c2)C(O)C(O)C1O,0,NFPUDFZBEBPMIG,CC1OC(OCC2OC(Oc3c(-c4ccc(O)cc4)oc4cc(OC5OC(C)C(O)C(O)C5O)cc(O)c4c3=O)C(O)C(O)C2OC(=O)C=Cc2ccc(O)c(O)c2)C(O)C(O)C1O,0,NFPUDFZBEBPMIG,CC1OC(OCC2OC(Oc3c(-c4ccc(O)cc4)oc4cc(OC5OC(C)C(O)C(O)C5O)cc(O)c4c3=O)C(O)C(O)C2OC(=O)C=Cc2ccc(O)c(O)c2)C(O)C(O)C1O,low,False,4
casmi2022_333,C35H46O12,WRDRGEUZCODXHY,0,ZSJSEKVRNNGVKO,CC(=O)OC1C(OC(C)=O)C(C)(C)C=CC(C)C(OC(C)=O)C2(OC(C)=O)CC(C)C(OC(=O)c3ccccc3)C2=CC(C)(O)C1O,0,IJIJAFBMVYTMPE,CC(=O)OC1C2C(OC(=O)c3ccccc3)C(C)CC2(O)C(OC(C)=O)C2(C)C3CC(C)(OC(C)=O)CC(O)C3(OC(C)=O)CC12C,0,IJIJAFBMVYTMPE,CC(=O)OC1C2C(OC(=O)c3ccccc3)C(C)CC2(O)C(OC(C)=O)C2(C)C3CC(C)(OC(C)=O)CC(O)C3(OC(C)=O)CC12C,medium,False,5
casmi2022_334,C21H36O8,ZADCROHMCBYQOL,0,LYGBWKRVYQFDQX,CC1CC2(CO2)C(O)C(C)C(O)C(C)C(=O)OC(C(C)O)C(C)C(O)C(C)C1=O,0,LYGBWKRVYQFDQX,CC1CC2(CO2)C(O)C(C)C(O)C(C)C(=O)OC(C(C)O)C(C)C(O)C(C)C1=O,0,LYGBWKRVYQFDQX,CC1CC2(CO2)C(O)C(C)C(O)C(C)C(=O)OC(C(C)O)C(C)C(O)C(C)C1=O,medium,False,4
casmi2022_339,C21H20O6,TUUXBSASAQJECY,0,PPCHTBBOSVKORE,COc1ccc(-c2oc3c4c(cc(O)c3c(=O)c2O)OC(C)(C)CC4)cc1,1,TUUXBSASAQJECY,COc1ccc(-c2oc3c(CC=C(C)C)c(O)cc(O)c3c(=O)c2O)cc1,0,PPCHTBBOSVKORE,COc1ccc(-c2oc3c4c(cc(O)c3c(=O)c2O)OC(C)(C)CC4)cc1,medium,False,3
casmi2022_34,C23H32N6O5S,NEYKRKVLEWKOBI,1,NEYKRKVLEWKOBI,CCCc1nn(C)c2c(=O)[nH]c(-c3cc(S(=O)(=O)N4CCN(CCO)CC4)ccc3OCC)nc12,1,NEYKRKVLEWKOBI,CCCc1nn(C)c2c(=O)[nH]c(-c3cc(S(=O)(=O)N4CCN(CCO)CC4)ccc3OCC)nc12,0,VBSMNRRPSXYTHA,CCCc1nn(C)c2c(=O)[nH]c(-c3cc(S(=O)(=O)NCCN4CCOCC4)ccc3OCC)nc12,medium,False,4
casmi2022_341,C22H34O5,LUNSNRWUCHZPDQ,0,BTUDPBYUCZBHBE,CC12CCC(O)CC1=CCC1(C)C2C(O)CC2(C)C1CCC2(O)C(=O)CO,0,IZXGMCRJLCLKRC,CC1OCC2(C)C(CCC3(C)C2CCC(C)C32CCC3(COC(=O)C3)O2)O1,0,IZXGMCRJLCLKRC,CC1OCC2(C)C(CCC3(C)C2CCC(C)C32CCC3(COC(=O)C3)O2)O1,low,False,4
casmi2022_342,C11H10O5,SWBWWNMIUNNZJC,0,HOEVRHHMDJKUMZ,COc1cc2ccc(=O)oc2c(OC)c1O,0,HOEVRHHMDJKUMZ,COc1cc2ccc(=O)oc2c(OC)c1O,0,HOEVRHHMDJKUMZ,COc1cc2ccc(=O)oc2c(OC)c1O,low,False,14
casmi2022_35,C36H75N,SWZDQOUHBYYPJD,0,LUQYMMWHVCWQPL,CCCCCCCCCCCCCCN(CCCCCCCCCCC)CCCCCCCCCCC,0,LUQYMMWHVCWQPL,CCCCCCCCCCCCCCN(CCCCCCCCCCC)CCCCCCCCCCC,0,LUQYMMWHVCWQPL,CCCCCCCCCCCCCCN(CCCCCCCCCCC)CCCCCCCCCCC,medium,False,4
casmi2022_352,C22H26N2O2S,PWVXXGRKLHYWKM,1,PWVXXGRKLHYWKM,CN1CCCC1Cc1c[nH]c2ccc(CCS(=O)(=O)c3ccccc3)cc12,0,RFCXSVIQTUCELA,CN1CCCC1Cc1c[nH]c2cc(CCS(=O)(=O)c3ccccc3)ccc12,0,RFCXSVIQTUCELA,CN1CCCC1Cc1c[nH]c2cc(CCS(=O)(=O)c3ccccc3)ccc12,medium,False,6
casmi2022_356,C16H26O7,GJOYPICCRRYJFZ,0,AWEDGODDRTXSDL,CC1=C(C(=O)OC2OC(CO)C(O)C(O)C2O)C(C)(C)CCC1,0,JLQGTJFUSGCZFE,CC1(C)C2CCC1(C)C(OC(=O)C1OC(O)C(O)C(O)C1O)C2,0,AWEDGODDRTXSDL,CC1=C(C(=O)OC2OC(CO)C(O)C(O)C2O)C(C)(C)CCC1,medium,False,7
casmi2022_357,C15H14O3,HIFMHFYYAXWFIN,0,NQKPHYBIKYYMLI,C=C(C)c1c(OC)ccc2cccc(C(=O)O)c12,0,NQKPHYBIKYYMLI,C=C(C)c1c(OC)ccc2cccc(C(=O)O)c12,0,NQKPHYBIKYYMLI,C=C(C)c1c(OC)ccc2cccc(C(=O)O)c12,medium,False,7
casmi2022_358,C28H37NO7,REIKGNZFNCYMMZ,0,RCFOLQGXKXVIJP,CC(CC(C)C(=O)N1c2ccccc2CC1C(=O)OCC(=O)OC1CC2CCC1(C)C2(C)C)C(=O)O,0,RCFOLQGXKXVIJP,CC(CC(C)C(=O)N1c2ccccc2CC1C(=O)OCC(=O)OC1CC2CCC1(C)C2(C)C)C(=O)O,0,RCFOLQGXKXVIJP,CC(CC(C)C(=O)N1c2ccccc2CC1C(=O)OCC(=O)OC1CC2CCC1(C)C2(C)C)C(=O)O,medium,False,6
casmi2022_359,C15H22O2,OUZVRQWJHQUOFN,0,IBJVPIJUFFVDBS,C=C(C(=O)O)C1CC=C(C)CCC=C(C)CC1,0,HEIJYTOSZVGQPT,C=C(C(=O)O)C1CCC(C)C2CCC(C)=C2C1,0,HEIJYTOSZVGQPT,C=C(C(=O)O)C1CCC(C)C2CCC(C)=C2C1,medium,False,9
casmi2022_366,C40H55N7O9,BSMORZQXPRJUEU,1,BSMORZQXPRJUEU,CCC(C)C1NC(=O)C2CCCN2C(=O)C(C(C)CC)NC(=O)c2ccccc2NC(=O)C(Cc2ccc(O)cc2)NC(=O)C(C)NC(=O)C(C(C)O)NC1=O,0,QDAOWRJCLXEVQH,COC(=O)NC(C(=O)N1CCCC1C(=O)Nc1ccc(CN(Cc2ccc(NC(=O)C3CCCN3C(=O)C(NC(=O)OC)C(C)C)cc2)C(C)=O)cc1)C(C)C,0,QDAOWRJCLXEVQH,COC(=O)NC(C(=O)N1CCCC1C(=O)Nc1ccc(CN(Cc2ccc(NC(=O)C3CCCN3C(=O)C(NC(=O)OC)C(C)C)cc2)C(C)=O)cc1)C(C)C,medium,False,5
casmi2022_367,C15H26O7,OCABQLKOTCWQEU,0,OOKKJUJJHAYTGD,CC1=C(CO)C(CCOC2OC(CO)C(O)C(O)C2O)CC1,0,OOKKJUJJHAYTGD,CC1=C(CO)C(CCOC2OC(CO)C(O)C(O)C2O)CC1,0,OOKKJUJJHAYTGD,CC1=C(CO)C(CCOC2OC(CO)C(O)C(O)C2O)CC1,medium,False,6
casmi2022_368,C42H46O22,UDSPVVBVMAWQTL,1,UDSPVVBVMAWQTL,CC1OC(OC2C(Oc3c(-c4ccc(O)cc4)oc4cc(OC5OC(CO)C(O)C(O)C5OC(=O)C=Cc5ccc(O)cc5)cc(O)c4c3=O)OC(CO)C(O)C2O)C(O)C(O)C1O,1,UDSPVVBVMAWQTL,CC1OC(OC2C(Oc3c(-c4ccc(O)cc4)oc4cc(OC5OC(CO)C(O)C(O)C5OC(=O)C=Cc5ccc(O)cc5)cc(O)c4c3=O)OC(CO)C(O)C2O)C(O)C(O)C1O,1,UDSPVVBVMAWQTL,CC1OC(OC2C(Oc3c(-c4ccc(O)cc4)oc4cc(OC5OC(CO)C(O)C(O)C5OC(=O)C=Cc5ccc(O)cc5)cc(O)c4c3=O)OC(CO)C(O)C2O)C(O)C(O)C1O,medium,False,5
casmi2022_369,C11H16O3,XEVQXKKKAVVSMW,0,JKPWZDOTGIRJMU,CC1(C)OC(=O)C2=C(O1)C(C)(C)CC2,0,ULGUBVQOTOTNAA,CC1(C)CC(=O)C2CC(=O)OC2(C)C1,0,ULGUBVQOTOTNAA,CC1(C)CC(=O)C2CC(=O)OC2(C)C1,medium,False,4
casmi2022_377,C35H36ClNO3S,UCHDWCPVSPXUMX,0,ODYFYEFJHQHOKN,CCC(SCC1(CC(=O)O)CC1)(c1cccc(C=Cc2ccc3ccc(Cl)cc3n2)c1)c1ccccc1C(C)(C)O,1,UCHDWCPVSPXUMX,CC(C)(O)c1ccccc1CCC(SCC1(CC(=O)O)CC1)c1cccc(C=Cc2ccc3ccc(Cl)cc3n2)c1,1,UCHDWCPVSPXUMX,CC(C)(O)c1ccccc1CCC(SCC1(CC(=O)O)CC1)c1cccc(C=Cc2ccc3ccc(Cl)cc3n2)c1,medium,False,4
casmi2022_381,C20H28O3,AHKUFTRUMQKIPH,0,GOADHRDZJUNBQS,CC(CO)c1ccc2c(c1)CCC1C(C)(C(=O)O)CCCC21C,0,ZWZPAGBJXDTNRQ,COCc1ccc2c(c1)CCC1C(C)(C(=O)OC)CCCC21C,0,ZWZPAGBJXDTNRQ,COCc1ccc2c(c1)CCC1C(C)(C(=O)OC)CCCC21C,medium,False,4
casmi2022_382,C32H38O14,BVDGQVAUJNUPGW,0,KTAMHXWUMDYIGV,COc1ccc(-c2oc3c(CC=C(C)C)c(O)cc(O)c3c(=O)c2OC2OC(C)C(OC3OCC(O)C(O)C3O)C(O)C2O)cc1,0,KTAMHXWUMDYIGV,COc1ccc(-c2oc3c(CC=C(C)C)c(O)cc(O)c3c(=O)c2OC2OC(C)C(OC3OCC(O)C(O)C3O)C(O)C2O)cc1,0,KTAMHXWUMDYIGV,COc1ccc(-c2oc3c(CC=C(C)C)c(O)cc(O)c3c(=O)c2OC2OC(C)C(OC3OCC(O)C(O)C3O)C(O)C2O)cc1,medium,False,5
casmi2022_383,C21H36O3,INRRKSNDPRKXCH,0,WDDVXPMMAWTSPV,CCCCC(CO)CCCC1CCCC1CCC=CC=CC(=O)O,0,OQUAFGNAFAEBEL,CCC(CC=CCCC(=O)O)CCCCCCC1C=C(CO)CC1,0,WDDVXPMMAWTSPV,CCCCC(CO)CCCC1CCCC1CCC=CC=CC(=O)O,medium,False,4
casmi2022_384,C18H24O11,IQWFMLIFUZTUPY,1,IQWFMLIFUZTUPY,C=CC1C(OC2OC(COC(C)=O)C(O)C(O)C2O)OC=C2C(=O)OCCC21O,0,PZAKWAYQXPFCBB,C=CC1C(OC2OC(CO)C(O)C(O)C2OC(C)=O)OC=C2C(=O)OCCC21O,1,IQWFMLIFUZTUPY,C=CC1C(OC2OC(COC(C)=O)C(O)C(O)C2O)OC=C2C(=O)OCCC21O,medium,False,4
casmi2022_390,C28H34O15,QUQPHWDTPGMPEX,0,APSNPMVGBGZYAJ,COc1cc(C2CC(=O)c3c(O)cc(OC4OC(COC5OC(C)C(O)C(O)C5O)C(O)C(O)C4O)cc3O2)ccc1O,0,APSNPMVGBGZYAJ,COc1cc(C2CC(=O)c3c(O)cc(OC4OC(COC5OC(C)C(O)C(O)C5O)C(O)C(O)C4O)cc3O2)ccc1O,1,QUQPHWDTPGMPEX,COc1ccc(C2CC(=O)c3c(O)cc(OC4OC(COC5OC(C)C(O)C(O)C5O)C(O)C(O)C4O)cc3O2)cc1O,medium,False,6
casmi2022_391,C42H45ClN6O5S2,HPLNQCPCUACXLM,0,NUQMVZZJSIIFCW,CC(CCSc1ccc(N(C)C)cc1)Nc1ccc(S(=O)(=O)NC(=O)c2ccc(N3CCN(Cc4ccccc4-c4ccc(Cl)cc4)CC3)cc2)cc1[N+](=O)[O-],0,NUQMVZZJSIIFCW,CC(CCSc1ccc(N(C)C)cc1)Nc1ccc(S(=O)(=O)NC(=O)c2ccc(N3CCN(Cc4ccccc4-c4ccc(Cl)cc4)CC3)cc2)cc1[N+](=O)[O-],1,HPLNQCPCUACXLM,CN(C)CCC(CSc1ccccc1)Nc1ccc(S(=O)(=O)NC(=O)c2ccc(N3CCN(Cc4ccccc4-c4ccc(Cl)cc4)CC3)cc2)cc1[N+](=O)[O-],low,False,5
casmi2022_395,C26H28N2,FNELRTTWUIVSEN,0,FDJJAEXXDAVWFA,C=Cc1c(C=C)c(C=C)n(C2=Cc3c(C=CC)c(C=C)n(C)c3CC=C2)c1C,0,VOZSSSMGDSLWIV,C=Cc1c(C)c(C=CC)n(-c2cccc3c2c(C=C)c(C=CC)n3C)c1C=C,0,FDJJAEXXDAVWFA,C=Cc1c(C=C)c(C=C)n(C2=Cc3c(C=CC)c(C=C)n(C)c3CC=C2)c1C,low,False,5
casmi2022_396,C22H28N2O6,IIIQNYBMLKYCLT,0,GPWAILMDKSGENX,Oc1c2c(c(O)n1CCCCCCn1c(O)c3c(c1O)CC1OC1C3)CC1OC1C2,1,IIIQNYBMLKYCLT,CC1C=CC2CCCCC2C1c1cc(NC(CCC(N)=O)C(=O)O)c(C=O)c(=O)o1,1,IIIQNYBMLKYCLT,CC1C=CC2CCCCC2C1c1cc(NC(CCC(N)=O)C(=O)O)c(C=O)c(=O)o1,low,False,4
casmi2022_397,C26H34O9,LCDHGZGHZZLGHK,1,LCDHGZGHZZLGHK,COc1c2c(c(C)c3c1C(=O)OC3)OC1(C)CC(O)C34OC(OC)(CCC3(C)C1C2)OC4(C)CO,0,ALJZEGCNMPANDZ,COc1c2c(c(C)c3c1C(=O)OC3)OC1(C)CC(O)C34OC(OC)(OC3(C)C)C(O)CC4(C)C1C2,1,LCDHGZGHZZLGHK,COc1c2c(c(C)c3c1C(=O)OC3)OC1(C)CC(O)C34OC(OC)(CCC3(C)C1C2)OC4(C)CO,low,False,4
casmi2022_398,C15H22O2,SUFSOKMJLLAQQX,0,OVDMFKGCVWVONO,CC1=CC2OC(=O)C(C)C2CCC(C)=CCC1,0,OYONKNQJEXRUQZ,CC1=CCC(=C(C)CO)C(=O)CC(C)=CCC1,0,OVDMFKGCVWVONO,CC1=CC2OC(=O)C(C)C2CCC(C)=CCC1,medium,False,4
casmi2022_407,C11H12O3,AFWKBSMFXWNGRE,0,FEFNZRUKMKMJSP,CCc1cc(O)cc2c1C(=O)CCO2,0,BBWVYVWZAWBBQC,Cc1ccc(CO)c2c1C(=O)CCO2,0,BBWVYVWZAWBBQC,Cc1ccc(CO)c2c1C(=O)CCO2,medium,False,6
casmi2022_408,C14H18O5,SMOXLKTYOHPSFE,0,LFWFSBFVWJRVKW,C=CCc1c(OC)cc(C(=O)OC)c(OC)c1OC,0,LFWFSBFVWJRVKW,C=CCc1c(OC)cc(C(=O)OC)c(OC)c1OC,0,LFWFSBFVWJRVKW,C=CCc1c(OC)cc(C(=O)OC)c(OC)c1OC,medium,False,5
casmi2022_409,C21H22O8,XBZIUXVIWRAJKB,0,CHXSDKWBSFDZEU,COc1ccc(-c2oc3cc(OC)c(OC)c(OC)c3c(=O)c2OC)cc1OC,0,CHXSDKWBSFDZEU,COc1ccc(-c2oc3cc(OC)c(OC)c(OC)c3c(=O)c2OC)cc1OC,0,CHXSDKWBSFDZEU,COc1ccc(-c2oc3cc(OC)c(OC)c(OC)c3c(=O)c2OC)cc1OC,medium,False,8
casmi2022_41,C15H22O3,ODEUPBSFCFNAST,0,PQRMUWWEXAQGMS,CC1=CCC(=O)C(C)CCC2C(C1)OC(=O)C2C,0,KLZWSNKEPLKAOS,CC1=CCC(=O)C(C)CC2OC(=O)C(C)C2CC1,0,KLZWSNKEPLKAOS,CC1=CCC(=O)C(C)CC2OC(=O)C(C)C2CC1,medium,False,7
casmi2022_410,C27H32O7,ZRJPWPHGPZYNIS,0,RMMXQVLPCQQWIR,CC(=O)OC1OC(c2ccc(C)c(Cc3ccc(C)cc3)c2)C(C)C(OC(C)=O)C1OC(C)=O,0,PRDPSUZBXHGGEQ,C=COCCCCOC(=O)CCC(C)(c1ccc(OC(C)=O)cc1)c1ccc(OC(C)=O)cc1,0,PRDPSUZBXHGGEQ,C=COCCCCOC(=O)CCC(C)(c1ccc(OC(C)=O)cc1)c1ccc(OC(C)=O)cc1,low,False,5
casmi2022_417,C18H29N3O5,ANZXOIAKUNOVQU,1,ANZXOIAKUNOVQU,CN(C)C(=O)Oc1cc(OC(=O)N(C)C)cc(C(O)CNC(C)(C)C)c1,1,ANZXOIAKUNOVQU,CN(C)C(=O)Oc1cc(OC(=O)N(C)C)cc(C(O)CNC(C)(C)C)c1,1,ANZXOIAKUNOVQU,CN(C)C(=O)Oc1cc(OC(=O)N(C)C)cc(C(O)CNC(C)(C)C)c1,medium,False,5
casmi2022_42,C10H14O4,WYOIVALENVXRJQ,0,CEYRHPVYRZVZIL,O=C1CCCCCCC(=O)C(=O)OC1,0,CEYRHPVYRZVZIL,O=C1CCCCCCC(=O)C(=O)OC1,0,CEYRHPVYRZVZIL,O=C1CCCCCCC(=O)C(=O)OC1,medium,False,6
casmi2022_420,C17H22O3,BNZVTXLUECVXIJ,0,PKYTXJUDCNUFEO,CC(C)=CCCC(C)=CC(=O)c1c(C)cc(O)cc1O,0,DKBSGQSZNHEAAI,CC(C)=CCCC(C)=CC(=O)c1c(O)cc(C)cc1O,0,PKYTXJUDCNUFEO,CC(C)=CCCC(C)=CC(=O)c1c(C)cc(O)cc1O,medium,False,5
casmi2022_421,C30H46O5,OQQCBMOTOPRDSL,0,VEQHOZRUQBQZMG,CC1CCC2(C(=O)O)CCC3(C)C(=CCC4C5(C)CC(C(=O)O)C(C)(C)C5CCC43C)C2C1(C)O,0,VEQHOZRUQBQZMG,CC1CCC2(C(=O)O)CCC3(C)C(=CCC4C5(C)CC(C(=O)O)C(C)(C)C5CCC43C)C2C1(C)O,0,VEQHOZRUQBQZMG,CC1CCC2(C(=O)O)CCC3(C)C(=CCC4C5(C)CC(C(=O)O)C(C)(C)C5CCC43C)C2C1(C)O,low,False,6
casmi2022_422,C37H56O10,OZEXWSOYHYUSFA,0,GCMGJWLOGKSUGX,CC(=O)OC1CC23CC24CCC(OC2OCC(O)C(O)C2O)C(C)(C)C4CCC3C2(C)CC3OC4(CC(C)C3C12C)OCC1(C)OC14,1,OZEXWSOYHYUSFA,CC(=O)OC(C)(C)C1OC23OC1CC(C)C2C1(C)CCC24CC25CCC(OC2OCC(O)C(O)C2O)C(C)(C)C5CC=C4C1(C)C3O,0,GCMGJWLOGKSUGX,CC(=O)OC1CC23CC24CCC(OC2OCC(O)C(O)C2O)C(C)(C)C4CCC3C2(C)CC3OC4(CC(C)C3C12C)OCC1(C)OC14,low,False,7
casmi2022_423,C26H32O6,PONBYQAAIAEAEY,1,PONBYQAAIAEAEY,CCCCCc1cc2cc(O)cc(Oc3c(O)cc(OC)cc3CCCCC)c2c(=O)o1,1,PONBYQAAIAEAEY,CCCCCc1cc2cc(O)cc(Oc3c(O)cc(OC)cc3CCCCC)c2c(=O)o1,1,PONBYQAAIAEAEY,CCCCCc1cc2cc(O)cc(Oc3c(O)cc(OC)cc3CCCCC)c2c(=O)o1,medium,False,6
casmi2022_428,C15H14N4O2S,QWCJHSGMANYXCW,0,FSJDVWOGYWNVEU,Cc1nc2ccccc2nc1NS(=O)(=O)c1ccc(N)cc1,0,NVBOTESUNJVWPJ,Cc1cccc2nc(NS(=O)(=O)c3ccc(N)cc3)cnc12,0,FSJDVWOGYWNVEU,Cc1nc2ccccc2nc1NS(=O)(=O)c1ccc(N)cc1,medium,False,4
casmi2022_430,C32H38O15,FWINXQRXURMYOG,0,YVWGPJNJQZQAQO,COc1ccc(-c2oc3c(CC=C(C)C)c(OC4OC(CO)C(O)C(O)C4O)cc(O)c3c(=O)c2OC2OCC(O)C(O)C2O)cc1,0,YVWGPJNJQZQAQO,COc1ccc(-c2oc3c(CC=C(C)C)c(OC4OC(CO)C(O)C(O)C4O)cc(O)c3c(=O)c2OC2OCC(O)C(O)C2O)cc1,0,YVWGPJNJQZQAQO,COc1ccc(-c2oc3c(CC=C(C)C)c(OC4OC(CO)C(O)C(O)C4O)cc(O)c3c(=O)c2OC2OCC(O)C(O)C2O)cc1,medium,False,4
casmi2022_431,C26H35N3O6,PJORSFDPCGOEBJ,0,UGWFVUIRIKIENI,CC(C)C(C(=O)C(O)C(N)Cc1ccccc1)C(N)(C(=O)O)C(=O)C(O)C(N)Cc1ccccc1,0,UGWFVUIRIKIENI,CC(C)C(C(=O)C(O)C(N)Cc1ccccc1)C(N)(C(=O)O)C(=O)C(O)C(N)Cc1ccccc1,0,UGWFVUIRIKIENI,CC(C)C(C(=O)C(O)C(N)Cc1ccccc1)C(N)(C(=O)O)C(=O)C(O)C(N)Cc1ccccc1,low,False,5
casmi2022_439,C14H13N3O5S,SPTMROWPYQRZSX,0,FQKQXNUMEVNFJF,COC(=O)C=C1SC(=NNC(=O)c2ccc(OC)cc2)NC1=O,0,FQKQXNUMEVNFJF,COC(=O)C=C1SC(=NNC(=O)c2ccc(OC)cc2)NC1=O,0,FQKQXNUMEVNFJF,COC(=O)C=C1SC(=NNC(=O)c2ccc(OC)cc2)NC1=O,low,False,5
casmi2022_442,C48H78O19,CPKUECAWPOGBJH,0,PKNDNFATXJTZDR,CC1OC(OC2C(OC3C(OC4CCC5(C)C(CCC6(C)C5CC=C5C7CC(C)(CO)CCC7(C)C(O)CC56C)C4(C)CO)OC(C(=O)O)C(O)C3O)OC(CO)C(O)C2O)C(O)C(O)C1O,0,PKNDNFATXJTZDR,CC1OC(OC2C(OC3C(OC4CCC5(C)C(CCC6(C)C5CC=C5C7CC(C)(CO)CCC7(C)C(O)CC56C)C4(C)CO)OC(C(=O)O)C(O)C3O)OC(CO)C(O)C2O)C(O)C(O)C1O,0,PKNDNFATXJTZDR,CC1OC(OC2C(OC3C(OC4CCC5(C)C(CCC6(C)C5CC=C5C7CC(C)(CO)CCC7(C)C(O)CC56C)C4(C)CO)OC(C(=O)O)C(O)C3O)OC(CO)C(O)C2O)C(O)C(O)C1O,low,False,5
casmi2022_443,C15H14O4,HIRVWHDXLBBQTE,0,WFUCPMJAGVWGNU,COCc1c(C)oc2ccc3c(C)cc(=O)oc3c12,0,JNSXMHXBHMBHCB,C=C(C)CC(=O)c1c(OC)ccc2ccc(=O)oc12,0,JNSXMHXBHMBHCB,C=C(C)CC(=O)c1c(OC)ccc2ccc(=O)oc12,medium,False,4
casmi2022_451,C17H16N2O3,QIALRBLEEWJACW,0,SBRDSDNQONDJEM,CCOC(=O)N1c2ccccc2N(C(C)=O)c2ccccc21,1,QIALRBLEEWJACW,CC(=O)OC1Cc2ccccc2N(C(N)=O)c2ccccc21,1,QIALRBLEEWJACW,CC(=O)OC1Cc2ccccc2N(C(N)=O)c2ccccc21,medium,False,3
casmi2022_453,C16H16O4,BHEGXSNCDUBUFA,0,QOJHNPJUNDUSNA,COc1ccc2c(c1)C(O)CC(c1cccc(O)c1)O2,0,IQYDWEDIGSBMGB,COC1CC(c2cccc(O)c2)Oc2cc(O)ccc21,0,IQYDWEDIGSBMGB,COC1CC(c2cccc(O)c2)Oc2cc(O)ccc21,medium,False,4
casmi2022_454,C11H14O5,CSWASXRPJVEWTP,0,RYVWLCXNTHEJGR,COc1cc(C=CC(O)C(C)O)oc(=O)c1,0,RYVWLCXNTHEJGR,COc1cc(C=CC(O)C(C)O)oc(=O)c1,0,RYVWLCXNTHEJGR,COc1cc(C=CC(O)C(C)O)oc(=O)c1,medium,False,5
casmi2022_455,C15H22O2,IOMCDXUKBXLPRW,0,PPEAYEMIWAFAFB,C=C(CO)C1CCC2(C)CCC(=O)C(C)=C2C1,0,VNECIGJTOXTUTM,CC(C(=O)O)=C1CCC2=CCCC(C)C2(C)C1,0,VNECIGJTOXTUTM,CC(C(=O)O)=C1CCC2=CCCC(C)C2(C)C1,medium,False,9
casmi2022_456,C16H18O4,SXTIQENJRJOCLX,0,KHRNSVGIPGSFLY,COc1ccc(CCc2cc(O)cc(O)c2)c(OC)c1,0,WLGDODVMYPYNOR,COc1cc(CCc2ccc(O)cc2O)cc(OC)c1,0,WLGDODVMYPYNOR,COc1cc(CCc2ccc(O)cc2O)cc(OC)c1,medium,False,7
casmi2022_457,C10H11NO3,YYAJJKZSQWOLIP,1,YYAJJKZSQWOLIP,COc1cc(C=CC(N)=O)ccc1O,1,YYAJJKZSQWOLIP,COc1cc(C=CC(N)=O)ccc1O,1,YYAJJKZSQWOLIP,COc1cc(C=CC(N)=O)ccc1O,high,False,5
casmi2022_463,C15H24N2O2,XVPBINOPNYFXID,0,VQYBAEAOOJBSTR,O=C1CCCC2C3CCCN4CCCC(O)(CN12)C34,0,JILDNWQNBXJLKN,O=C1CCCC2(O)C3CCCN4CCCC(CN12)C34,0,JILDNWQNBXJLKN,O=C1CCCC2(O)C3CCCN4CCCC(CN12)C34,medium,False,7
casmi2022_465,C13H19NO2,CAMHORNWWUQADP,0,MEBOKRLPJLBZIH,COCC(C)NC(=O)Cc1ccccc1C,0,CLAJXBQPHPAOPF,CCOCC(=O)NCCc1ccccc1C,0,MEBOKRLPJLBZIH,COCC(C)NC(=O)Cc1ccccc1C,medium,False,4
casmi2022_466,C23H30O6,FYSHYFPJBONYCQ,0,CQKGHUZPNMKDNN,COc1cc2c(c(OC)c1OC)-c1c(cc(OC)c(OC)c1OC)CC(C)CC2,0,CQKGHUZPNMKDNN,COc1cc2c(c(OC)c1OC)-c1c(cc(OC)c(OC)c1OC)CC(C)CC2,0,CQKGHUZPNMKDNN,COc1cc2c(c(OC)c1OC)-c1c(cc(OC)c(OC)c1OC)CC(C)CC2,low,False,3
casmi2022_467,C15H10O5,HXAFEJLAMMEJCI,0,YDQWDHRMZQUTBA,O=C1c2cccc(O)c2C(=O)c2c(O)cc(CO)cc21,0,YDQWDHRMZQUTBA,O=C1c2cccc(O)c2C(=O)c2c(O)cc(CO)cc21,0,YDQWDHRMZQUTBA,O=C1c2cccc(O)c2C(=O)c2c(O)cc(CO)cc21,low,False,4
casmi2022_468,C17H24O5,PAABWEDUEFJRSL,0,CYTFCQKMUVKECJ,CC(=O)OCC1CCCC2=C(C)C(=O)CCC21COC(C)=O,0,ZETZVXYHHPFGSE,CC(=O)OCC1OC(C2=CCC(C)CC2)C=CC1OC(C)=O,0,ZETZVXYHHPFGSE,CC(=O)OCC1OC(C2=CCC(C)CC2)C=CC1OC(C)=O,medium,False,10
casmi2022_469,C15H14O5,RFRQCFZIUNGRQV,0,AVMZJDFULTYPFL,COc1cc(OC)c(C2=CC(=O)C=CC2=O)cc1OC,0,FUUGSVWYPVWZDI,COc1ccc(C2=CC(=O)C=CC2=O)c(OC)c1OC,0,FUUGSVWYPVWZDI,COc1ccc(C2=CC(=O)C=CC2=O)c(OC)c1OC,low,False,7
casmi2022_475,C13H12N4O3,CLKZWXHKFXZIMA,0,NLNXEPKQTBJUHD,O=C(NCc1ccncc1)Nc1ccc([N+](=O)[O-])cc1,1,CLKZWXHKFXZIMA,O=C(NCc1cccnc1)Nc1ccc([N+](=O)[O-])cc1,0,NLNXEPKQTBJUHD,O=C(NCc1ccncc1)Nc1ccc([N+](=O)[O-])cc1,medium,False,5
casmi2022_476,C16H30N2O4,IQHOCCKALNDTHC,0,GDJYINIIGLKESK,CCCCCCCCCCCC(=O)NC(CC(N)=O)C(=O)O,0,WDQWNWMGCKHLCY,CCCCCCCCCCCC(=O)NC(CC(=O)O)C(N)=O,0,GDJYINIIGLKESK,CCCCCCCCCCCC(=O)NC(CC(N)=O)C(=O)O,medium,False,10
casmi2022_477,C15H22O2,VCQYNPQDHCQYIE,0,OYONKNQJEXRUQZ,CC1=CCC(=C(C)CO)C(=O)CC(C)=CCC1,0,ZYPUZCWWTYIGFV,CC1=CCCC(C)C(=O)CC(=C(C)C)C(=O)C1,0,OYONKNQJEXRUQZ,CC1=CCC(=C(C)CO)C(=O)CC(C)=CCC1,low,False,8
casmi2022_478,C24H30O6,UAMUYXWJNMHHRV,0,VYXBNIDRQOAAHX,CCC(C)C=C(C)C=CC1=CC2=CC(=O)C3(C)OC(C)(O)C(C(=O)OC)C3C2=CO1,0,PBSCJLSFJQKGAU,COC1=C(OCC2CC=CC(OC)C2)CC2OC(O)C3=C(CCC(C(C)=O)=C3)C2=C1,0,VYXBNIDRQOAAHX,CCC(C)C=C(C)C=CC1=CC2=CC(=O)C3(C)OC(C)(O)C(C(=O)OC)C3C2=CO1,low,False,6
casmi2022_479,C21H28O6,IOZFHCVNMMAYLY,0,DHASCSFRRKFSNQ,COc1c(C)c2c(c(O)c1CC=C(C)CCC(=O)OC(C)(C)C)C(=O)OC2,0,DHASCSFRRKFSNQ,COc1c(C)c2c(c(O)c1CC=C(C)CCC(=O)OC(C)(C)C)C(=O)OC2,0,DHASCSFRRKFSNQ,COc1c(C)c2c(c(O)c1CC=C(C)CCC(=O)OC(C)(C)C)C(=O)OC2,medium,False,5
casmi2022_48,C20H18O10,JMZOMFYRADAWOG,0,XCKSFSPZLWEYBW,COc1cc(-c2oc3c(OC)c4c(c(O)c3c(=O)c2OC)OCO4)cc(O)c1OC,0,XCKSFSPZLWEYBW,COc1cc(-c2oc3c(OC)c4c(c(O)c3c(=O)c2OC)OCO4)cc(O)c1OC,0,SPNVEQVUVUKLGL,COc1cc(OC)c(-c2c(C(=O)O)oc3cc(O)c(OC)c(O)c3c2=O)cc1OC,low,False,6
casmi2022_480,C22H28O4,XWNAROAQHRZRFP,0,TVQFEFQHDCCXGP,COC1=CC(=C2C=C(OC)C(C(C)(C)C)=CC2=O)C(=O)C=C1C(C)(C)C,0,VGWPPUHIRZBYJE,C=C1C(C)CCCC1(C)CCC1(C)C=CC2=C(O1)C(=O)C=C(OC)C2=O,0,VGWPPUHIRZBYJE,C=C1C(C)CCCC1(C)CCC1(C)C=CC2=C(O1)C(=O)C=C(OC)C2=O,medium,False,4
casmi2022_487,C9H10ClN5O2,YWTYJOPNNQFBPC,1,YWTYJOPNNQFBPC,O=[N+]([O-])NC1=NCCN1Cc1ccc(Cl)nc1,1,YWTYJOPNNQFBPC,O=[N+]([O-])N=C1NCCN1Cc1ccc(Cl)nc1,1,YWTYJOPNNQFBPC,O=[N+]([O-])NC1=NCCN1Cc1ccc(Cl)nc1,medium,False,4
casmi2022_489,C17H14O7,JWOKGWICZPPYPX,0,YSPUEGILIMCUPB,COc1c(O)cc2oc(-c3ccc(O)c(O)c3)cc(=O)c2c1OC,0,VCWFILUULGOFCD,COc1ccc(-c2cc(=O)c3c(O)c(OC)c(O)cc3o2)cc1O,0,VCWFILUULGOFCD,COc1ccc(-c2cc(=O)c3c(O)c(OC)c(O)cc3o2)cc1O,medium,False,5
casmi2022_490,C14H21NO4,RYZXGYYJJBGYNG,0,ZIJYZXJSRLMWTC,C=CC(=CC=CCC)C(NC(=O)COC)C(=O)OC,0,JGVSBNKMWKBNQE,C=CC(=CC=CC)CC(NC(=O)C(C)CO)C(=O)O,0,ZIJYZXJSRLMWTC,C=CC(=CC=CCC)C(NC(=O)COC)C(=O)OC,low,False,6
casmi2022_491,C28H42O2,BMTBSXZNMLHERI,0,MWWJXDJZULUNOT,C=C1CCC(O)CC1=CC=C1CCCC2(C)C1CCC2C(C)C=C=C(C)C(C)(C)O,0,YFYULVGMTMHWHN,C=C1CCCCC1=CC=C1CCCC2(C)C1CCC2C(C)C=CCC(C)(C)C(=O)O,0,MWWJXDJZULUNOT,C=C1CCC(O)CC1=CC=C1CCCC2(C)C1CCC2C(C)C=C=C(C)C(C)(C)O,low,False,3
casmi2022_500,C15H14O3,ADFCQWZHKCXPAJ,1,ADFCQWZHKCXPAJ,Oc1ccc(C2COc3cc(O)ccc3C2)cc1,1,ADFCQWZHKCXPAJ,Oc1ccc(C2COc3cc(O)ccc3C2)cc1,1,ADFCQWZHKCXPAJ,Oc1ccc(C2COc3cc(O)ccc3C2)cc1,high,False,5
casmi2022_54,C13H14O4,DNNCDAUXXXSIRG,0,RFNHWAZTWKWZBZ,Cc1c(C)c2c(c(C)c1O)C=C(C(=O)O)CO2,0,RFNHWAZTWKWZBZ,Cc1c(C)c2c(c(C)c1O)C=C(C(=O)O)CO2,0,RFNHWAZTWKWZBZ,Cc1c(C)c2c(c(C)c1O)C=C(C(=O)O)CO2,medium,False,4
casmi2022_55,C20H32O2,NLVMTSRTOGOFQD,0,SNVVFBQUINILPL,CCCCC=CCC=CCC=CCC=CCCCC(=O)OC,0,KDEMLLUCAGVRCX,CCCC=CCCC=CCCC=CCC=CCCCC(=O)O,0,KDEMLLUCAGVRCX,CCCC=CCCC=CCCC=CCC=CCCCC(=O)O,medium,False,8
casmi2022_56,C15H10N2O2,TXEFUSAHPIYZHD,0,FDBMONUDUKGKGY,COc1ccc2c(c1)c1ccnc3ccc(=O)n2c31,0,CDWAXMGQLZGHDU,COc1cc2c3ccccc3n3c(=O)ccc(n1)c23,0,FDBMONUDUKGKGY,COc1ccc2c(c1)c1ccnc3ccc(=O)n2c31,medium,False,4
casmi2022_57,C14H25NO3,ZRAPVLSWOKTYNU,0,SRBJXTIYDQGUNX,CCC(=O)CCNC(=O)CCCCC(=O)C(C)C,0,JNZQGHMRFJFQMG,CC(C)C(=O)CCC(=O)CCCNC(=O)C(C)C,0,JNZQGHMRFJFQMG,CC(C)C(=O)CCC(=O)CCCNC(=O)C(C)C,low,False,4
casmi2022_63,C14H14N4O3,AHLAVTICAUSHAX,0,XEJPLIORGIEREM,Cc1ncc(C=O)c(CNNC(=O)c2ccncc2)c1O,0,XEJPLIORGIEREM,Cc1ncc(C=O)c(CNNC(=O)c2ccncc2)c1O,0,XEJPLIORGIEREM,Cc1ncc(C=O)c(CNNC(=O)c2ccncc2)c1O,medium,False,7
casmi2022_64,C34H33N3O5,OSFCMRGOZNQUSW,0,XJJDXJGINTUKBS,COc1cc2c(cc1OC)CN(CCc1ccc(NC(=O)c3ccc(OC)c4c(=O)c5ccccc5[nH]c34)cc1)CC2,0,XJJDXJGINTUKBS,COc1cc2c(cc1OC)CN(CCc1ccc(NC(=O)c3ccc(OC)c4c(=O)c5ccccc5[nH]c34)cc1)CC2,0,XJJDXJGINTUKBS,COc1cc2c(cc1OC)CN(CCc1ccc(NC(=O)c3ccc(OC)c4c(=O)c5ccccc5[nH]c34)cc1)CC2,medium,False,4
casmi2022_69,C20H27NO8S,QWKLUCAUEPHQSM,0,FPARQECCAUJSQM,CC(=O)OCC(=O)C(CC(=O)O)NC(=O)C(C)CS(=O)(=O)CCCc1ccccc1,0,AGBBJVFSJVBRRY,CC(=O)NC(CSCC(=O)C12CC(C)(C)CC1C=C(C(=O)O)C2CC(=O)O)C(=O)O,0,FPARQECCAUJSQM,CC(=O)OCC(=O)C(CC(=O)O)NC(=O)C(C)CS(=O)(=O)CCCc1ccccc1,medium,False,7
casmi2022_77,C18H21NO,HIYAQBUTHPUUSV,0,PGFRCXNXBYONDO,Cc1ccc(C(=O)Nc2ccc(C(C)(C)C)cc2)cc1,0,UHMDTMGHGLDCJG,Cc1ccc(NC(=O)c2ccc(C(C)(C)C)cc2)cc1,0,UHMDTMGHGLDCJG,Cc1ccc(NC(=O)c2ccc(C(C)(C)C)cc2)cc1,medium,False,4
casmi2022_9,C17H25N3O2S,WKEMJKQOLOHJLZ,1,WKEMJKQOLOHJLZ,CN(C)CCc1c[nH]c2ccc(CS(=O)(=O)N3CCCC3)cc12,1,WKEMJKQOLOHJLZ,CN(C)CCc1c[nH]c2ccc(CS(=O)(=O)N3CCCC3)cc12,1,WKEMJKQOLOHJLZ,CN(C)CCc1c[nH]c2ccc(CS(=O)(=O)N3CCCC3)cc12,high,False,5
casmi2022_91,C4H9NO,WHIVNJATOVLWBW,0,YQBAWTAXKADLGI,C=NC(C)OC,0,ZVSTUQXCWRZVJO,CN=C(C)OC,0,ZVSTUQXCWRZVJO,CN=C(C)OC,medium,False,5
casmi2022_92,C43H65N5O10,LJVAJPDWBABPEJ,0,BIDLGSUBZGLIOQ,CC=C(C)C1OC(=O)C(C)NC(=O)C(C(C)CC)NC(=O)CNC(=O)C(Cc2ccccc2)N(C)C(=O)C(C)NC(=O)C(CC(C)C)OC(=O)C(C)=CCC(O)C1C,0,BYZTTWITFYMHEI,CCC1NC(=O)C(CC(=O)C(C)NC(=O)C(C)C)C(C)OC(=O)C(C(C)C)NC(=O)C(Cc2ccccc2)N(C)C(=O)C(CC(C)C)N2C(=O)C(CCC2O)CC1=O,0,BYZTTWITFYMHEI,CCC1NC(=O)C(CC(=O)C(C)NC(=O)C(C)C)C(C)OC(=O)C(C(C)C)NC(=O)C(Cc2ccccc2)N(C)C(=O)C(CC(C)C)N2C(=O)C(CCC2O)CC1=O,medium,False,7
casmi2022_98,C20H30O4,KKUZEALMRZIWAJ,0,JSXYBZIRJXMIMK,C=CC1(C)CC(O)C2(CCC3C(C)(C(=O)O)CCCC3(C)C2=O)C1,0,JSXYBZIRJXMIMK,C=CC1(C)CC(O)C2(CCC3C(C)(C(=O)O)CCCC3(C)C2=O)C1,0,JSXYBZIRJXMIMK,C=CC1(C)CC(O)C2(CCC3C(C)(C(=O)O)CCCC3(C)C2=O)C1,medium,False,11
casmi2022_99,C15H22O4,YWHHSBHOSZSUBM,0,QETCTQLUPWCYMQ,COC(=O)C12C3C(C)(O)C(C)(CCC31OC)C21CC1,0,VIQQGVNCIDLSCF,CC1CC2(O)OC3C4C(CC4(C)C)C(C)(C2=O)C13O,0,VIQQGVNCIDLSCF,CC1CC2(O)OC3C4C(CC4(C)C)C(C)(C2=O)C13O,low,False,7
