config,benchmark,n,n_reachable,top1_acc_pct,top3_acc_pct,top5_acc_pct,top10_acc_pct,top20_acc_pct,mrr,mrr_reachable
msclip_only,casmi_2022,170,74,13.53,22.94,28.24,35.88,43.53,0.2045,0.4698
msclip_only,casmi_2016_cat2,208,158,28.85,47.6,55.29,64.42,75.96,0.4059,0.5344
msclip_only,combined_n378,378,232,21.96,36.51,43.12,51.59,61.38,0.3153,0.5138
weighted,casmi_2022,170,74,13.53,25.29,28.24,35.88,43.53,0.2126,0.4885
weighted,casmi_2016_cat2,208,158,27.88,49.52,55.29,64.42,75.96,0.4064,0.535
weighted,combined_n378,378,232,21.43,38.62,43.12,51.59,61.38,0.3193,0.5202
llm_reranker,casmi_2022,170,74,15.88,25.88,28.24,35.88,43.53,0.2271,0.5218
llm_reranker,casmi_2016_cat2,208,158,37.5,51.92,55.29,64.42,75.96,0.4677,0.6157
llm_reranker,combined_n378,378,232,27.78,40.21,43.12,51.59,61.38,0.3595,0.5858
