comparison,n_paired,n_B_better_rr,n_A_better_rr,n_tied,mean_delta_rr_BminusA,mean_mrr_A,mean_mrr_B,wilcoxon_p,bonferroni_alpha,significant_at_bonf_3
msclip_only vs weighted (casmi_2022),170,13,12,145,0.00814,0.2045,0.2126,0.561,0.0167,False
msclip_only vs llm_reranker (casmi_2022),170,13,8,149,0.02265,0.2045,0.2271,0.0867,0.0167,False
weighted vs llm_reranker (casmi_2022),170,8,4,158,0.01451,0.2126,0.2271,0.1535,0.0167,False
msclip_only vs weighted (casmi_2016_cat2),208,29,27,152,0.00048,0.4059,0.4064,0.9379,0.0167,False
msclip_only vs llm_reranker (casmi_2016_cat2),208,35,10,163,0.06178,0.4059,0.4677,3.21e-05,0.0167,True
weighted vs llm_reranker (casmi_2016_cat2),208,28,3,177,0.0613,0.4064,0.4677,1.89e-05,0.0167,True
msclip_only vs weighted (combined_n378),378,42,39,297,0.00392,0.3153,0.3193,0.6615,0.0167,False
msclip_only vs llm_reranker (combined_n378),378,48,18,312,0.04418,0.3153,0.3595,1.39e-05,0.0167,True
weighted vs llm_reranker (combined_n378),378,36,7,335,0.04026,0.3193,0.3595,1.47e-05,0.0167,True
