spectrum_id,formula,gt_ik14,msclip_top1,msclip_gap,would_skip_at_0_05,msclip_top1_correct
casmi2022_10,C25H25N7O3,YBSJFWOBGCMAKL,0.775,0.0010000000000000009,False,False
casmi2022_491,C28H42O2,BMTBSXZNMLHERI,0.747,0.0050000000000000044,False,False
casmi2022_41,C15H22O3,ODEUPBSFCFNAST,0.788,0.0040000000000000036,False,False
casmi2022_456,C16H18O4,SXTIQENJRJOCLX,0.811,0.0020000000000000018,False,False
casmi2022_407,C11H12O3,AFWKBSMFXWNGRE,0.819,0.0,False,False
casmi2022_209,C17H18O5,VHPWJMNWWUOFEQ,0.775,0.0050000000000000044,False,False
casmi2022_318,C22H26O6,PDDXWOMYBJCSQB,0.801,0.014000000000000012,False,False
casmi2022_248,C27H28N6O,PRDFBSVERLRRMY,0.729,0.01200000000000001,False,False
casmi2022_308,C20H28O3,GPFVBJYXFRIOFB,0.795,0.0020000000000000018,False,False
casmi2022_219,C12H20O4,FXMSOVULZIWFAB,0.819,0.0050000000000000044,False,False
casmi2022_359,C15H22O2,OUZVRQWJHQUOFN,0.799,0.0050000000000000044,False,False
casmi2022_34,C23H32N6O5S,NEYKRKVLEWKOBI,0.824,0.0040000000000000036,False,True
casmi2022_417,C18H29N3O5,ANZXOIAKUNOVQU,0.789,0.007000000000000006,False,True
casmi2022_423,C26H32O6,PONBYQAAIAEAEY,0.737,0.008000000000000007,False,True
casmi2022_466,C23H30O6,FYSHYFPJBONYCQ,0.832,0.016000000000000014,False,False
casmi2022_268,C21H28O5,RJRUYIYDJSRJJH,0.79,0.0010000000000000009,False,False
casmi2022_278,C7H12N2O3,RNKSNIBMTUYWSH,0.835,0.008000000000000007,False,False
casmi2022_369,C11H16O3,XEVQXKKKAVVSMW,0.817,0.0030000000000000027,False,False
casmi2022_229,C21H36O3,VOCMJEUNEDTYIN,0.748,0.0,False,False
casmi2022_55,C20H32O2,NLVMTSRTOGOFQD,0.815,0.0010000000000000009,False,False
casmi2022_476,C16H30N2O4,IQHOCCKALNDTHC,0.815,0.0020000000000000018,False,False
casmi2022_442,C48H78O19,CPKUECAWPOGBJH,0.773,0.0020000000000000018,False,False
casmi2022_92,C43H65N5O10,LJVAJPDWBABPEJ,0.743,0.006000000000000005,False,False
casmi2022_453,C16H16O4,BHEGXSNCDUBUFA,0.782,0.0010000000000000009,False,False
casmi2022_21,C22H18O4,VCSUYXUJFRFUEL,0.792,0.010000000000000009,False,False
casmi2022_467,C15H10O5,HXAFEJLAMMEJCI,0.827,0.0030000000000000027,False,False
casmi2022_15,C30H46O7,FYGSMJAMPMZYFS,0.748,0.0,False,False
casmi2022_238,C34H58O4,YCZJVRCZIPDYHH,0.785,0.0,False,False
casmi2022_269,C13H16N2O6,FKDSAXOHMLWBNA,0.803,0.006000000000000005,False,False
casmi2022_329,C21H22O6,AWOGQCSIVCQXBT,0.814,0.0119999999999999,False,False
casmi2022_339,C21H20O6,TUUXBSASAQJECY,0.783,0.009000000000000008,False,False
casmi2022_368,C42H46O22,UDSPVVBVMAWQTL,0.784,0.010000000000000009,False,True
casmi2022_228,C15H22O3,VSIZQKJECMEPPV,0.763,0.0040000000000000036,False,False
casmi2022_54,C13H14O4,DNNCDAUXXXSIRG,0.799,0.0020000000000000018,False,False
casmi2022_477,C15H22O2,VCQYNPQDHCQYIE,0.823,0.0030000000000000027,False,False
casmi2022_443,C15H14O4,HIRVWHDXLBBQTE,0.785,0.0050000000000000044,False,False
casmi2022_463,C15H24N2O2,XVPBINOPNYFXID,0.821,0.0010000000000000009,False,False
casmi2022_490,C14H21NO4,RYZXGYYJJBGYNG,0.797,0.009000000000000008,False,False
casmi2022_11,C33H44N4O10,MJNIWUJSIGSWKK,0.731,0.008000000000000007,False,True
casmi2022_457,C10H11NO3,YYAJJKZSQWOLIP,0.809,0.009000000000000008,False,True
casmi2022_208,C20H27NO3,NLFZMHZNKIRQSK,0.724,0.0020000000000000018,False,False
casmi2022_319,C42H46O22,UDSPVVBVMAWQTL,0.777,0.01100000000000001,False,True
casmi2022_309,C16H16O4,QGNDNBAMIOFKBQ,0.808,0.0010000000000000009,False,False
casmi2022_189,C8H17NO,QRCJOCOSPZMDJY,0.86,0.0020000000000000018,False,False
casmi2022_358,C28H37NO7,REIKGNZFNCYMMZ,0.709,0.0050000000000000044,False,False
casmi2022_35,C36H75N,SWZDQOUHBYYPJD,0.799,0.0,False,False
casmi2022_64,C34H33N3O5,OSFCMRGOZNQUSW,0.795,0.0010000000000000009,False,False
casmi2022_480,C22H28O4,XWNAROAQHRZRFP,0.767,0.0020000000000000018,False,False
casmi2022_422,C37H56O10,OZEXWSOYHYUSFA,0.763,0.0040000000000000036,False,False
casmi2022_130,C6H9N2O2P,AYRRNFHDJUXLEQ,0.713,0.0010000000000000009,False,False
casmi2022_237,C18H15NO2,FBLAHUMENIHUGG,0.809,0.0030000000000000027,False,False
casmi2022_377,C35H36ClNO3S,UCHDWCPVSPXUMX,0.807,0.0030000000000000027,False,False
casmi2022_384,C18H24O11,IQWFMLIFUZTUPY,0.744,0.009000000000000008,False,True
casmi2022_295,C28H37NO8,GTRVCRMLFFBAHP,0.749,0.0050000000000000044,False,False
casmi2022_104,C6H7NO,DVVGIUUJYPYENY,0.841,0.009000000000000008,False,False
casmi2022_439,C14H13N3O5S,SPTMROWPYQRZSX,0.723,0.008000000000000007,False,False
casmi2022_468,C17H24O5,PAABWEDUEFJRSL,0.776,0.008000000000000007,False,False
casmi2022_478,C24H30O6,UAMUYXWJNMHHRV,0.744,0.0,False,False
casmi2022_285,C14H14N2O,QQQXZACTFUGYLB,0.793,0.016000000000000014,False,False
casmi2022_367,C15H26O7,OCABQLKOTCWQEU,0.744,0.0030000000000000027,False,False
casmi2022_227,C27H22Cl2N4O,PLHJCIYEEKOWNM,0.806,0.010000000000000009,False,False
casmi2022_213,C8H13NO,DTUJRJIWGWTNFQ,0.842,0.0020000000000000018,False,False
casmi2022_291,C18H16N2O,JBTHDAVBDKKSRW,0.781,0.0010000000000000009,False,False
casmi2022_316,C15H28O4,BYJHCUIKVIAEAC,0.804,0.006000000000000005,False,False
casmi2022_256,C20H34O8,QZCLKYGREBVARF,0.827,0.0030000000000000027,False,True
casmi2022_134,C34H42O18,JDYWLRRIZNBKMP,0.727,0.006000000000000005,False,False
casmi2022_409,C21H22O8,XBZIUXVIWRAJKB,0.831,0.0010000000000000009,False,False
casmi2022_98,C20H30O4,KKUZEALMRZIWAJ,0.776,0.014000000000000012,False,False
casmi2022_357,C15H14O3,HIFMHFYYAXWFIN,0.772,0.0030000000000000027,False,False
casmi2022_306,C30H44O5,BYCBJBLIOKGBPB,0.746,0.009000000000000008,False,False
casmi2022_390,C28H34O15,QUQPHWDTPGMPEX,0.742,0.0010000000000000009,False,False
casmi2022_141,C6H11N,DYUWTXWIYMHBQS,0.805,0.008000000000000007,False,False
casmi2022_281,C16H18O4,AXCJOIQUPCZRLS,0.827,0.006000000000000005,False,False
casmi2022_332,C42H46O22,NYZUREUOQAHPFZ,0.771,0.0,False,False
casmi2022_272,C21H20O12,WLCYEFFWFTVKQR,0.766,0.0010000000000000009,False,False
casmi2022_381,C20H28O3,AHKUFTRUMQKIPH,0.793,0.0050000000000000044,False,False
casmi2022_317,C23H24O7,GHBZHAWROFXWAR,0.78,0.03500000000000003,False,False
casmi2022_408,C14H18O5,SMOXLKTYOHPSFE,0.787,0.0040000000000000036,False,False
casmi2022_99,C15H22O4,YWHHSBHOSZSUBM,0.788,0.0040000000000000036,False,False
casmi2022_356,C16H26O7,GJOYPICCRRYJFZ,0.724,0.015000000000000013,False,False
casmi2022_307,C13H15NO5,GNZBDHIIHNEXIT,0.741,0.0010000000000000009,False,False
casmi2022_391,C42H45ClN6O5S2,HPLNQCPCUACXLM,0.839,0.0040000000000000036,False,False
casmi2022_333,C35H46O12,WRDRGEUZCODXHY,0.726,0.0,False,False
casmi2022_342,C11H10O5,SWBWWNMIUNNZJC,0.823,0.0,False,False
casmi2022_193,C20H32O2,SAYWUPNITYCHPG,0.817,0.0020000000000000018,False,False
casmi2022_253,C28H22O6,BIQMSWPBPAKGSE,0.811,0.0010000000000000009,False,False
casmi2022_105,C22H28N6O3S,WHBIGIKBNXZKFE,0.813,0.0019999999999998908,False,False
casmi2022_294,C16H22O6,NKZPOJBFXMXUED,0.752,0.006000000000000005,False,False
casmi2022_469,C15H14O5,RFRQCFZIUNGRQV,0.764,0.007000000000000006,False,False
casmi2022_479,C21H28O6,IOZFHCVNMMAYLY,0.79,0.015000000000000013,False,False
casmi2022_428,C15H14N4O2S,QWCJHSGMANYXCW,0.821,0.0010000000000000009,False,False
casmi2022_284,C30H46O5,IQAAHGZZGBMTBN,0.739,0.0,False,False
casmi2022_395,C26H28N2,FNELRTTWUIVSEN,0.728,0.0,False,False
casmi2022_366,C40H55N7O9,BSMORZQXPRJUEU,0.787,0.01100000000000001,False,True
casmi2022_226,C9H9NO,DWAQDRSOVMLGRQ,0.826,0.0020000000000000018,False,True
casmi2022_170,C15H20O3,AQMFTOQZGLRMGU,0.789,0.0040000000000000036,False,False
casmi2022_243,C32H44O10,XBOVCSNIOQPGAW,0.699,0.006000000000000005,False,False
casmi2022_303,C19H20N2O,WVVXBPKOIZGVNS,0.794,0.008000000000000007,False,False
casmi2022_183,C20H26O4,XYZWRQXZTNPKPD,0.758,0.0010000000000000009,False,False
casmi2022_352,C22H26N2O2S,PWVXXGRKLHYWKM,0.796,0.0030000000000000027,False,True
casmi2022_153,C14H29NO,QEALYLRSRQDCRA,0.831,0.0010000000000000009,False,False
casmi2022_382,C32H38O14,BVDGQVAUJNUPGW,0.752,0.0010000000000000009,False,False
casmi2022_293,C15H22O2,QRUFQTMPUYCZQA,0.802,0.0010000000000000009,False,False
casmi2022_320,C17H22O3,ODINUXHYIQSKKH,0.739,0.0010000000000000009,False,False
casmi2022_194,C21H34O7,XHAUOHBDNZKIEL,0.728,0.010000000000000009,False,False
casmi2022_254,C18H32O5,CAIKQNWPWSTGHN,0.758,0.0020000000000000018,False,False
casmi2022_69,C20H27NO8S,QWKLUCAUEPHQSM,0.713,0.014000000000000012,False,False
casmi2022_244,C24H36O6,YXNJBOPJNBXMGA,0.765,0.0010000000000000009,False,False
casmi2022_184,C10H16O2,VYOBOCQMKRSKAN,0.842,0.0,False,False
casmi2022_177,C7H15N,AVKNGPAMCBSNSO,0.873,0.0,False,False
casmi2022_330,C20H24O7,GFMYIOGFYYHKLA,0.79,0.006000000000000005,False,True
casmi2022_270,C20H28O3,CXHRNGHPJPVGKD,0.756,0.0,False,False
casmi2022_283,C33H40O21,CGTJNKQXMHSGFN,0.761,0.0020000000000000018,False,False
casmi2022_112,C24H30N2O3,UMPABASQXRRHQB,0.774,0.007000000000000006,False,False
casmi2022_310,C12H19NO3,WWRKWRLCWQCCHU,0.771,0.0040000000000000036,False,False
casmi2022_341,C22H34O5,LUNSNRWUCHZPDQ,0.749,0.006000000000000005,False,False
casmi2022_201,C4H10N2O,ZQZJKHIIQFPZCS,0.838,0.007000000000000006,False,False
casmi2022_190,C14H10N2O3S,KDDXOGDIPZSCTM,0.812,0.008000000000000007,False,True
casmi2022_106,C28H29N5OS,BWZJBXAPRCVCKQ,0.811,0.03700000000000003,False,True
casmi2022_264,C13H13ClN2O,FUZYTVDVLBBXDL,0.784,0.0020000000000000018,False,False
casmi2022_489,C17H14O7,JWOKGWICZPPYPX,0.804,0.0,False,False
casmi2022_334,C21H36O8,ZADCROHMCBYQOL,0.736,0.02100000000000002,False,False
casmi2022_396,C22H28N2O6,IIIQNYBMLKYCLT,0.697,0.016999999999999904,False,False
casmi2022_147,C20H28O5,NAQVTSORDXBGOI,0.743,0.006000000000000005,False,False
casmi2022_122,C25H32O6,OFDBBWUQAHAKDG,0.729,0.009000000000000008,False,False
casmi2022_311,C21H26O4,DOEKDVOTZGJRPX,0.782,0.007000000000000006,False,False
casmi2022_296,C15H10O6,YBQTVIMCHXORHO,0.779,0.0010000000000000009,False,False
casmi2022_48,C20H18O10,JMZOMFYRADAWOG,0.774,0.02400000000000002,False,False
casmi2022_397,C26H34O9,LCDHGZGHZZLGHK,0.763,0.0,False,True
casmi2022_117,C9H8N2,DTVYNUOOZIKEEX,0.819,0.0010000000000000009,False,False
casmi2022_152,C7H10O2,MIDXCONKKJTLDX,0.837,0.0020000000000000018,False,False
casmi2022_383,C21H36O3,INRRKSNDPRKXCH,0.742,0.0040000000000000036,False,False
casmi2022_315,C22H29N3O,ZMWRRFHBXARRRT,0.742,0.007000000000000006,False,False
casmi2022_255,C14H16O5,CNXACDYPVKUDEK,0.777,0.0,False,False
casmi2022_3,C35H42O16,UYALDZZEAZIEME,0.75,0.0020000000000000018,False,False
casmi2022_220,C20H30O3,JZXWITIZXDCGSC,0.785,0.0050000000000000044,False,False
casmi2022_331,C15H20O5,LNJLUBJNNAKSLY,0.777,0.006000000000000005,False,False
casmi2022_271,C11H18N2O2,SZJNCZMRZAUNQT,0.847,0.007000000000000006,False,True
casmi2022_113,C20H28O4,FYXHEYXWOZYYEW,0.766,0.009000000000000008,False,False
casmi2022_282,C20H33NO6,CCUGMZLHJFWECW,0.754,0.016000000000000014,False,True
casmi2022_142,C12H9N3O,VEEGZPWAAPPXRB,0.833,0.0030000000000000027,False,False
casmi2022_22,C21H18F3NO3S2,YDBLKRPLXZNVNB,0.701,0.0020000000000000018,False,False
casmi2022_16,C14H16O3,QMMMQWRPZIJGPT,0.798,0.0020000000000000018,False,False
casmi2022_159,C27H32O8,WAVKNSMRCWYDDL,0.741,0.0010000000000000009,False,False
casmi2022_398,C15H22O2,SUFSOKMJLLAQQX,0.792,0.0020000000000000018,False,False
casmi2022_57,C14H25NO3,ZRAPVLSWOKTYNU,0.816,0.0010000000000000009,False,False
casmi2022_487,C9H10ClN5O2,YWTYJOPNNQFBPC,0.836,0.01200000000000001,False,True
casmi2022_500,C15H14O3,ADFCQWZHKCXPAJ,0.841,0.01200000000000001,False,True
casmi2022_63,C14H14N4O3,AHLAVTICAUSHAX,0.756,0.006000000000000005,False,False
casmi2022_431,C26H35N3O6,PJORSFDPCGOEBJ,0.702,0.020999999999999908,False,False
casmi2022_26,C12H17NO,ZYRLCOGVOHEKBK,0.836,0.006000000000000005,False,False
casmi2022_77,C18H21NO,HIYAQBUTHPUUSV,0.843,0.0010000000000000009,False,False
casmi2022_454,C11H14O5,CSWASXRPJVEWTP,0.776,0.010000000000000009,False,False
casmi2022_169,C34H40O16,ABAIOHPURNHXKB,0.722,0.010000000000000009,False,True
casmi2022_421,C30H46O5,OQQCBMOTOPRDSL,0.75,0.0040000000000000036,False,False
casmi2022_42,C10H14O4,WYOIVALENVXRJQ,0.807,0.01100000000000001,False,False
casmi2022_430,C32H38O15,FWINXQRXURMYOG,0.762,0.04600000000000004,False,False
casmi2022_455,C15H22O2,IOMCDXUKBXLPRW,0.802,0.0020000000000000018,False,False
casmi2022_178,C15H23NO4,UVZTZBRGZXIBLZ,0.713,0.0010000000000000009,False,False
casmi2022_420,C17H22O3,BNZVTXLUECVXIJ,0.774,0.0020000000000000018,False,False
casmi2022_23,C23H32N6O4S,MJEXYQIZUOHDGY,0.834,0.0040000000000000036,False,True
casmi2022_451,C17H16N2O3,QIALRBLEEWJACW,0.801,0.02300000000000002,False,False
casmi2022_465,C13H19NO2,CAMHORNWWUQADP,0.802,0.0010000000000000009,False,False
casmi2022_158,C20H30O3,JIKPDGHCTOSDJA,0.763,0.0,False,False
casmi2022_9,C17H25N3O2S,WKEMJKQOLOHJLZ,0.806,0.0020000000000000018,False,True
casmi2022_148,C15H22O4,QEXBXSJDNHRVSH,0.791,0.007000000000000006,False,False
casmi2022_475,C13H12N4O3,CLKZWXHKFXZIMA,0.84,0.0030000000000000027,False,False
casmi2022_56,C15H10N2O2,TXEFUSAHPIYZHD,0.847,0.0030000000000000027,False,False
casmi2022_410,C27H32O7,ZRJPWPHGPZYNIS,0.721,0.0010000000000000009,False,False
casmi2022_91,C4H9NO,WHIVNJATOVLWBW,0.85,0.0020000000000000018,False,False
